# Blender 4.5.2 LTS
# www.blender.org
mtllib lozko .mtl
o Cube.016
v -1.926786 0.220050 3.838981
v -1.926780 0.220050 2.888981
v 0.063214 0.220050 3.838994
v 0.063220 0.220050 2.888994
v -1.920451 0.270050 3.832645
v -1.926786 0.263715 3.838981
v -1.923619 0.269202 3.835813
v -1.925938 0.266883 3.838132
v -1.920445 0.270050 2.895316
v -1.926780 0.263715 2.888981
v -1.923613 0.269202 2.892148
v -1.925931 0.266883 2.889830
v 0.056878 0.270050 3.832658
v 0.063214 0.263715 3.838994
v 0.060046 0.269202 3.835826
v 0.062365 0.266883 3.838145
v 0.056884 0.270050 2.895329
v 0.063220 0.263715 2.888994
v 0.060052 0.269202 2.892161
v 0.062371 0.266883 2.889843
vn -0.0000 -1.0000 -0.0000
vn -0.0984 0.9903 0.0984
vn -0.0984 0.9903 -0.0984
vn -0.0583 0.8687 -0.4919
vn -0.0583 0.8687 0.4919
vn -0.7071 0.7071 -0.0000
vn -0.9047 0.4260 -0.0000
vn -0.9929 0.1191 -0.0000
vn 0.0984 0.9903 -0.0984
vn 0.0583 0.8687 -0.4919
vn -0.0000 0.7071 -0.7071
vn -0.0000 0.2588 -0.9659
vn -0.0000 0.1191 -0.9929
vn 0.0984 0.9903 0.0984
vn 0.0583 0.8687 0.4919
vn 0.7071 0.7071 -0.0000
vn 0.9047 0.4260 -0.0000
vn 0.9929 0.1191 -0.0000
vn -0.0000 0.7071 0.7071
vn -0.0000 0.2588 0.9659
vn -0.0000 0.1191 0.9929
vn -0.0000 -0.0000 1.0000
vn -1.0000 -0.0000 -0.0000
vn -0.0000 -0.0000 -1.0000
vn 1.0000 -0.0000 -0.0000
vt 0.800458 0.001481
vt 0.800458 0.488381
vt 0.568018 0.488381
vt 0.568018 0.001481
vt 0.572370 0.975986
vt 0.801709 0.975986
vt 0.802484 0.976761
vt 0.571595 0.976761
vt 0.804645 0.817921
vt 0.804645 0.587032
vt 0.805282 0.586464
vt 0.805282 0.818489
vt 0.806078 0.586257
vt 0.806077 0.818696
vt 0.801709 0.492187
vt 0.802484 0.491412
vt 0.820857 0.834133
vt 0.820857 0.348783
vt 0.821494 0.348216
vt 0.821494 0.834700
vt 0.822289 0.348008
vt 0.822289 0.834908
vt 0.572370 0.492187
vt 0.571595 0.491412
vt 0.822884 0.234296
vt 0.822884 0.003407
vt 0.823520 0.002839
vt 0.823520 0.234864
vt 0.824316 0.002632
vt 0.824316 0.235071
vt 0.806672 0.487606
vt 0.806672 0.002256
vt 0.807308 0.001689
vt 0.807308 0.488173
vt 0.808104 0.001481
vt 0.808104 0.488381
vt 0.818696 0.488381
vt 0.818696 0.001481
vt 0.816670 0.818696
vt 0.816670 0.586257
vt 0.832882 0.834908
vt 0.832882 0.348008
vt 0.834908 0.235071
vt 0.834908 0.002632
s 1
usemtl Laptop
f 2/1/1 4/2/1 3/3/1 1/4/1
f 5/5/2 9/6/3 11/7/4 7/8/5
f 7/9/6 11/10/6 12/11/7 8/12/7
f 8/12/7 12/11/7 10/13/8 6/14/8
f 9/6/3 17/15/9 19/16/10 11/7/4
f 11/17/4 19/18/10 20/19/11 12/20/11
f 12/20/12 20/19/12 18/21/13 10/22/13
f 17/15/9 13/23/14 15/24/15 19/16/10
f 19/25/16 15/26/16 16/27/17 20/28/17
f 20/28/17 16/27/17 14/29/18 18/30/18
f 13/23/14 5/5/2 7/8/5 15/24/15
f 15/31/15 7/32/5 8/33/19 16/34/19
f 16/34/20 8/33/20 6/35/21 14/36/21
f 3/37/22 14/36/21 6/35/21 1/38/22
f 1/39/23 6/14/8 10/13/8 2/40/23
f 17/15/9 9/6/3 5/5/2 13/23/14
f 2/41/24 10/22/13 18/21/13 4/42/24
f 4/43/25 18/30/18 14/29/18 3/44/25
o Cylinder.007
v 0.087231 0.472018 3.796096
v 0.101443 0.002510 3.799875
v 0.097417 0.472018 3.798213
v 0.112467 0.002510 3.817018
v 0.106864 0.002510 3.836498
v 0.088224 0.002510 3.845507
v 0.097025 0.472289 3.843634
v 0.068927 0.002510 3.837950
v 0.076045 0.472012 3.842994
v 0.062326 0.002510 3.823144
v 0.064647 0.002510 3.809007
v 0.068621 0.472018 3.804198
v 0.080942 0.002510 3.796413
v 0.077045 0.472018 3.798213
v 0.109959 0.472942 3.809236
v 0.111232 0.471352 3.829144
v 0.065543 0.472018 3.832828
v 0.061959 0.474685 3.817199
v 0.093009 0.489750 3.779771
v 0.105842 0.493192 3.786293
v 0.111048 0.496084 3.794640
v 0.106536 0.504370 3.816916
v 0.092438 0.506419 3.824473
v 0.082024 0.506419 3.824473
v 0.067926 0.504370 3.816916
v 0.063414 0.496084 3.794640
v 0.068621 0.493192 3.786293
v 0.077046 0.491229 3.780628
v 0.112115 0.512780 3.790442
v 0.106529 0.528015 3.788013
v 0.092438 0.532401 3.794554
v 0.082025 0.532401 3.794554
v 0.067934 0.528015 3.788013
v 0.062348 0.512781 3.790442
v 0.076876 0.503880 3.757291
v 0.112137 0.529484 3.744950
v 0.101894 0.547026 3.746068
v 0.068685 0.509316 3.758181
v 0.097727 0.503946 3.757278
v 0.087315 0.501907 3.756572
v 0.105866 0.509450 3.758057
v 0.111218 0.518387 3.758691
v 0.108882 0.539372 3.745511
v 0.092387 0.551190 3.746437
v 0.082026 0.551181 3.746443
v 0.072511 0.546984 3.746059
v 0.065538 0.539304 3.745475
v 0.062319 0.529447 3.744906
v 0.063677 0.517441 3.758834
v 0.092484 0.502307 3.369757
v 0.105885 0.510300 3.370113
v 0.112492 0.523328 3.370648
v 0.106712 0.543242 3.371428
v 0.092382 0.551218 3.371710
v 0.081969 0.551194 3.371686
v 0.067674 0.543151 3.371338
v 0.061999 0.523188 3.370532
v 0.073141 0.505803 3.369861
v 0.087237 0.472018 2.947221
v 0.101448 0.002510 2.943442
v 0.112473 0.002510 2.926300
v 0.109964 0.472942 2.934081
v 0.106870 0.002510 2.906819
v 0.088230 0.002510 2.897810
v 0.068933 0.002510 2.905366
v 0.076212 0.471780 2.900247
v 0.065549 0.472018 2.910488
v 0.062331 0.002510 2.920173
v 0.062331 0.472018 2.920173
v 0.064653 0.002510 2.934310
v 0.068626 0.472018 2.939118
v 0.080948 0.002510 2.946903
v 0.077051 0.472018 2.945104
v 0.097422 0.472018 2.945104
v 0.111238 0.471352 2.914173
v 0.097031 0.472289 2.899683
v 0.063420 0.472018 2.930300
v 0.097422 0.491229 2.962689
v 0.081874 0.489534 2.963272
v 0.105847 0.493192 2.957024
v 0.111054 0.496084 2.948677
v 0.106542 0.504370 2.926401
v 0.092444 0.506419 2.918844
v 0.076981 0.505325 2.919265
v 0.065549 0.502580 2.929926
v 0.063420 0.496084 2.948677
v 0.068626 0.493192 2.957024
v 0.112121 0.512776 2.952868
v 0.106532 0.528015 2.955299
v 0.092443 0.532401 2.948763
v 0.076982 0.531241 2.948828
v 0.065549 0.525133 2.958032
v 0.062313 0.511894 2.951411
v 0.077072 0.503566 2.985392
v 0.101909 0.547018 2.997252
v 0.068938 0.508571 2.984153
v 0.097781 0.503876 2.985981
v 0.087211 0.501825 2.986588
v 0.106017 0.509368 2.984782
v 0.111207 0.517705 2.983018
v 0.112136 0.529546 2.998399
v 0.108891 0.539365 2.997814
v 0.092405 0.551185 2.996878
v 0.082045 0.551181 2.996867
v 0.072594 0.547021 2.996999
v 0.065615 0.539365 2.997049
v 0.062328 0.529495 2.997895
v 0.063788 0.516180 2.982646
v 0.092484 0.502307 3.373559
v 0.105885 0.510300 3.373204
v 0.112492 0.523327 3.372669
v 0.106708 0.543245 3.371889
v 0.092382 0.551218 3.371607
v 0.067763 0.543267 3.371967
v 0.061999 0.523188 3.372785
v 0.073141 0.505803 3.373455
v -1.938611 0.232167 3.839229
v -1.941688 0.241344 3.840661
v -1.949705 0.252106 3.844524
v -1.961891 0.254903 3.850184
v -1.973959 0.246578 3.855634
v -1.981571 0.223038 3.859320
v -1.974553 0.198160 3.855953
v -1.960052 0.188403 3.849206
v -1.952518 0.190682 3.845699
v -1.946480 0.195358 3.842890
v -1.941688 0.202642 3.840661
v -1.938611 0.211819 3.839229
v -1.937551 0.221993 3.838736
v 0.076882 0.232167 3.839242
v 0.079958 0.241344 3.840674
v 0.089064 0.252777 3.844833
v 0.102053 0.254765 3.849778
v 0.112887 0.245716 3.856052
v 0.119189 0.226573 3.858887
v 0.116669 0.205937 3.857785
v 0.106383 0.191610 3.853067
v 0.097483 0.189070 3.848826
v 0.086199 0.193887 3.843522
v 0.079958 0.202642 3.840674
v 0.076882 0.211819 3.839242
v 0.075821 0.221993 3.838749
v 0.076888 0.232167 2.890426
v 0.079964 0.241344 2.888994
v 0.088748 0.252855 2.888995
v 0.104183 0.253304 2.888994
v 0.112334 0.246439 2.885154
v 0.119047 0.227949 2.882053
v 0.117041 0.206910 2.882996
v 0.106997 0.191880 2.887820
v 0.097489 0.189070 2.892108
v 0.090795 0.190682 2.895222
v 0.084756 0.195358 2.898031
v 0.079964 0.202642 2.900260
v 0.076888 0.211819 2.901691
v 0.075827 0.221993 2.902184
v -1.938605 0.232167 2.901678
v -1.941682 0.241344 2.900247
v -1.946474 0.248628 2.898018
v -1.954748 0.254994 2.894085
v -1.967015 0.253553 2.888534
v -1.978400 0.237783 2.883113
v -1.980867 0.221993 2.882019
v -1.978539 0.206618 2.883038
v -1.968812 0.191930 2.887714
v -1.959206 0.189070 2.892095
v -1.947922 0.193887 2.897398
v -1.941682 0.202642 2.900247
v -1.938605 0.211819 2.901678
v -1.937545 0.221993 2.902171
v -1.931028 0.002510 3.799860
v -1.935053 0.472018 3.798199
v -1.920003 0.002510 3.817003
v -1.922512 0.472942 3.809223
v -1.925607 0.002510 3.836484
v -1.921239 0.471352 3.829130
v -1.944246 0.002510 3.845493
v -1.963543 0.002510 3.837936
v -1.970145 0.002510 3.823130
v -1.967823 0.002510 3.808992
v -1.963849 0.472018 3.804184
v -1.951528 0.002510 3.796400
v -1.955425 0.472018 3.798199
v -1.945239 0.472018 3.796082
v -1.935445 0.472289 3.843619
v -1.956426 0.472012 3.842980
v -1.966927 0.472018 3.832814
v -1.970511 0.474685 3.817185
v -1.935053 0.491229 3.780614
v -1.951017 0.489750 3.779757
v -1.926629 0.493192 3.786279
v -1.921422 0.496084 3.794626
v -1.925934 0.504370 3.816902
v -1.940033 0.506419 3.824459
v -1.950446 0.506419 3.824459
v -1.964544 0.504370 3.816902
v -1.969056 0.496084 3.794626
v -1.963849 0.493192 3.786279
v -1.920355 0.512780 3.790429
v -1.925942 0.528015 3.787999
v -1.940033 0.532401 3.794540
v -1.950446 0.532401 3.794540
v -1.964536 0.528015 3.787999
v -1.970123 0.512780 3.790428
v -1.955595 0.503881 3.757277
v -1.920333 0.529484 3.744936
v -1.930576 0.547026 3.746054
v -1.963789 0.509317 3.758172
v -1.934744 0.503946 3.757263
v -1.945155 0.501907 3.756558
v -1.926605 0.509450 3.758042
v -1.921252 0.518387 3.758677
v -1.923589 0.539372 3.745497
v -1.940083 0.551190 3.746423
v -1.950445 0.551181 3.746429
v -1.959960 0.546984 3.746045
v -1.966933 0.539304 3.745462
v -1.970152 0.529447 3.744893
v -1.968798 0.517443 3.758837
v -1.939986 0.502307 3.369743
v -1.926586 0.510300 3.370099
v -1.919979 0.523328 3.370634
v -1.925759 0.543242 3.371413
v -1.940089 0.551218 3.371696
v -1.950502 0.551194 3.371672
v -1.964796 0.543151 3.371324
v -1.970471 0.523189 3.370517
v -1.959330 0.505804 3.369847
v -1.931023 0.002510 2.943429
v -1.919997 0.002510 2.926286
v -1.925601 0.002510 2.906805
v -1.921233 0.471352 2.914159
v -1.944240 0.002510 2.897796
v -1.935439 0.472289 2.899669
v -1.963537 0.002510 2.905352
v -1.970139 0.002510 2.920159
v -1.967817 0.002510 2.934296
v -1.969051 0.472018 2.930286
v -1.963844 0.472018 2.939104
v -1.951523 0.002510 2.946889
v -1.935048 0.472018 2.945090
v -1.945234 0.472018 2.947207
v -1.922506 0.472942 2.934066
v -1.956259 0.471779 2.900233
v -1.966921 0.472018 2.910474
v -1.970139 0.472018 2.920159
v -1.955419 0.472018 2.945090
v -1.935048 0.491229 2.962675
v -1.950597 0.489534 2.963258
v -1.926624 0.493192 2.957010
v -1.921417 0.496084 2.948663
v -1.925929 0.504370 2.926387
v -1.940027 0.506419 2.918829
v -1.955490 0.505325 2.919251
v -1.966921 0.502580 2.929912
v -1.969051 0.496084 2.948663
v -1.963844 0.493192 2.957010
v -1.920350 0.512776 2.952853
v -1.925939 0.528015 2.955285
v -1.940027 0.532401 2.948749
v -1.955489 0.531241 2.948814
v -1.966921 0.525133 2.958018
v -1.970158 0.511894 2.951397
v -1.955401 0.503566 2.985378
v -1.930562 0.547018 2.997237
v -1.963535 0.508570 2.984134
v -1.934691 0.503876 2.985967
v -1.945259 0.501825 2.986574
v -1.926453 0.509370 2.984770
v -1.921263 0.517705 2.983004
v -1.920335 0.529546 2.998385
v -1.923580 0.539365 2.997800
v -1.940065 0.551185 2.996864
v -1.950425 0.551181 2.996853
v -1.959876 0.547021 2.996984
v -1.966855 0.539365 2.997034
v -1.970143 0.529496 2.997889
v -1.968692 0.516197 2.982648
v -1.939986 0.502307 3.373545
v -1.926586 0.510300 3.373190
v -1.919979 0.523327 3.372655
v -1.925762 0.543244 3.371875
v -1.940089 0.551218 3.371593
v -1.964707 0.543268 3.371953
v -1.970471 0.523189 3.372771
v -1.959329 0.505804 3.373441
vn 0.9894 -0.0048 -0.1452
vn 0.8377 -0.0043 -0.5461
vn 0.9224 -0.1405 -0.3597
vn 0.7646 -0.0049 0.6445
vn 0.9134 0.1105 0.3919
vn 0.0384 -0.0048 0.9992
vn 0.3497 0.2310 0.9079
vn -0.7249 -0.0024 0.6889
vn -0.3653 0.2300 0.9020
vn -0.8554 -0.0028 -0.5179
vn -0.9966 -0.0015 0.0819
vn -0.9999 0.0151 -0.0028
vn 0.2179 0.6200 0.7537
vn -0.2270 0.6186 0.7522
vn 0.2048 -0.7782 -0.5937
vn 0.3987 -0.6262 -0.6700
vn -0.0060 -0.6820 -0.7313
vn -0.8294 0.1506 0.5379
vn -0.4785 0.5882 0.6520
vn 0.7177 0.4642 0.5190
vn -0.9791 0.1639 0.1206
vn -0.9387 0.2211 0.2647
vn -0.7038 0.6224 0.3426
vn 0.7034 0.6227 0.3427
vn 0.9784 0.1650 0.1247
vn 0.9894 0.1400 0.0373
vn 0.9545 -0.2868 -0.0813
vn -0.9418 -0.3239 -0.0904
vn -0.9916 0.1243 0.0362
vn 0.1857 -0.9826 -0.0032
vn 0.3823 -0.8923 -0.2402
vn 0.0055 -0.9698 -0.2437
vn -0.8566 0.5082 0.0893
vn -0.5836 0.7989 0.1452
vn -0.7746 0.6324 -0.0026
vn 0.9937 -0.1118 -0.0028
vn -0.9892 -0.1468 -0.0042
vn 0.7715 0.6362 -0.0026
vn 0.5814 0.8005 0.1454
vn 0.8551 0.5107 0.0897
vn -0.3710 -0.8989 -0.2331
vn -0.7217 -0.6660 -0.1887
vn -0.5550 -0.8319 -0.0042
vn 0.9244 -0.1398 0.3550
vn 0.8377 -0.0043 0.5461
vn 0.9894 -0.0048 0.1453
vn 0.9134 0.1105 -0.3919
vn 0.7646 -0.0049 -0.6445
vn 0.3452 0.2345 -0.9088
vn 0.0385 -0.0048 -0.9992
vn -0.3719 0.2303 -0.8993
vn -0.7046 -0.0031 -0.7095
vn -0.1855 -0.7751 0.6040
vn -0.0000 -0.9705 0.2410
vn -0.3726 -0.8959 0.2419
vn 0.7177 0.4642 -0.5190
vn -0.9429 -0.2349 0.2362
vn -0.9399 -0.3271 0.0980
vn -0.9805 0.1561 -0.1195
vn 0.9784 0.1649 -0.1244
vn 0.7033 0.6228 -0.3428
vn -0.3657 0.7891 -0.4935
vn -0.5705 0.8076 -0.1497
vn -0.2198 0.9594 -0.1768
vn 0.9544 -0.2857 0.0866
vn 0.9891 0.1424 -0.0375
vn 0.3714 -0.8996 0.2295
vn 0.1874 -0.9823 0.0036
vn 0.9934 -0.1143 0.0032
vn 0.8551 0.5107 -0.0898
vn 0.5816 0.8003 -0.1454
vn 0.7714 0.6363 0.0026
vn -0.0002 0.0066 1.0000
vn -0.0005 -0.2577 0.9662
vn 0.0003 -0.1493 0.9888
vn -0.0007 -0.5698 0.8218
vn 0.0004 -0.4328 0.9015
vn 0.0004 -0.8583 0.5131
vn -0.0640 0.9667 -0.2477
vn -0.1155 0.9881 -0.1018
vn -0.0302 0.9995 -0.0016
vn 0.0003 0.4885 -0.8726
vn 0.0003 0.2611 -0.9653
vn -0.0004 0.3256 -0.9455
vn 0.0002 0.0460 -0.9989
vn -0.0003 0.1627 -0.9867
vn 0.7012 0.7129 -0.0004
vn 0.1699 0.9855 -0.0008
vn 0.2757 0.9401 -0.2004
vn -0.5909 0.8067 -0.0014
vn -0.2568 0.9647 -0.0587
vn -0.9350 0.3545 -0.0012
vn -0.8354 0.5497 0.0018
vn -1.0000 0.0021 -0.0007
vn -0.9417 -0.3365 -0.0009
vn -0.9999 0.0170 0.0016
vn -0.6582 -0.7528 -0.0013
vn -0.2849 -0.9586 -0.0009
vn -0.5562 -0.8310 0.0020
vn 0.9244 -0.1398 -0.3549
vn 0.0385 -0.0048 0.9992
vn -0.3653 0.2299 0.9020
vn 0.0060 -0.6820 -0.7313
vn -0.3652 -0.6243 -0.6906
vn -0.1936 -0.7764 -0.5998
vn -0.9419 -0.3236 -0.0904
vn -0.9916 0.1245 0.0362
vn 0.3699 -0.8994 -0.2329
vn 0.0012 -0.9699 -0.2437
vn -0.3831 -0.8919 -0.2405
vn -0.7168 -0.6712 -0.1887
vn -0.5549 -0.8319 -0.0042
vn 0.9244 -0.1398 0.3549
vn -0.7046 -0.0031 -0.7096
vn -0.3726 -0.8959 0.2418
vn -0.9429 -0.2350 0.2362
vn -0.9401 -0.3267 0.0977
vn -0.9805 0.1562 -0.1196
vn -0.3658 0.7891 -0.4935
vn 0.1875 -0.9823 0.0036
vn 0.9934 -0.1144 0.0032
vn 0.6600 0.0030 -0.7512
vn -0.7818 -0.2194 -0.5836
vn -0.4132 -0.0002 -0.9106
vn -0.2306 -0.0027 -0.9730
vn -0.0109 -0.0002 -0.9999
vn -0.0000 -1.0000 -0.0000
vn -0.3360 -0.7490 -0.5710
vn 0.6915 -0.5611 -0.4550
vn 0.9546 -0.2168 -0.2044
vn -0.9384 -0.2422 -0.2465
vn -0.7011 -0.5532 -0.4501
vn -0.3553 -0.6194 -0.7000
vn 0.2186 0.9591 0.1799
vn 0.2169 0.8318 0.5110
vn -0.2172 0.8317 0.5110
vn 0.7253 -0.6621 -0.1886
vn -0.2207 0.9586 0.1800
vn 0.2337 0.9723 -0.0008
vn -0.2377 0.9713 -0.0008
vn 0.7252 -0.6885 -0.0025
vn 0.1788 -0.0025 0.9839
vn -0.0109 -0.0002 0.9999
vn -0.2306 -0.0027 0.9730
vn -0.9927 -0.0010 -0.1206
vn -0.9896 0.0518 -0.1345
vn -0.8190 0.1643 -0.5497
vn 0.6600 0.0030 0.7512
vn -0.8616 -0.0017 0.5076
vn -0.9574 -0.0884 0.2750
vn -0.4132 -0.0002 0.9106
vn -0.7516 -0.2331 0.6170
vn -0.0557 0.6256 -0.7781
vn -0.0559 0.6278 -0.7763
vn 0.3499 -0.7493 0.5622
vn 0.0045 -0.6807 0.7325
vn 0.3869 -0.6216 0.6812
vn 0.7065 -0.5474 0.4485
vn -0.6575 0.4732 -0.5863
vn -0.8174 0.3804 -0.4327
vn 0.9548 -0.2159 0.2043
vn -0.6773 -0.5688 0.4666
vn -0.3612 -0.6219 0.6948
vn 0.2081 0.9609 -0.1824
vn 0.1905 0.8360 -0.5146
vn 0.4615 0.5768 -0.6741
vn 0.7333 -0.6544 0.1847
vn -0.8156 0.5122 -0.2692
vn -0.7049 -0.6834 0.1900
vn -0.8433 0.5266 -0.1072
vn -0.9930 0.1143 -0.0285
vn -0.5473 -0.8369 0.0050
vn 0.2335 0.9724 0.0008
vn -0.2365 0.9716 0.0007
vn -0.7723 0.6352 0.0025
vn 0.7224 -0.6914 0.0030
vn -0.9885 -0.1512 0.0048
vn -0.0000 0.3400 -0.9404
vn -0.0000 0.2775 0.9607
vn 0.0001 0.5594 0.8289
vn -0.0000 0.2658 0.9640
vn 0.0001 0.0419 0.9991
vn -0.9998 0.0208 -0.0000
vn -1.0000 -0.0000 -0.0000
vn -0.9758 0.2185 -0.0000
vn -0.9666 0.2561 -0.0000
vn -0.8770 0.4805 0.0001
vn -0.8703 0.4925 0.0001
vn -0.7886 0.6149 0.0002
vn 0.6424 0.7664 0.0002
vn -0.0291 0.9996 -0.0016
vn 0.9946 0.1039 -0.0000
vn 0.9451 0.3268 -0.0000
vn 0.9944 0.1054 -0.0000
vn 0.9460 -0.3243 -0.0000
vn 0.9461 -0.3239 -0.0000
vn 0.8221 -0.5693 0.0001
vn 0.2790 -0.9603 -0.0000
vn -0.4460 -0.8951 0.0004
vn -0.3368 -0.9416 0.0008
vn -0.5571 -0.8305 0.0006
vn -0.8869 -0.4620 0.0001
vn -0.7067 -0.7075 -0.0001
vn -0.8867 -0.4623 0.0001
vn -0.9758 -0.2185 -0.0000
vn 0.0001 -0.1475 -0.9891
vn -0.0001 0.0075 -1.0000
vn 0.0001 -0.1492 -0.9888
vn -0.0000 -0.3045 -0.9525
vn -0.0000 -0.8370 -0.5473
vn 0.9758 0.2185 -0.0000
vn 1.0000 -0.0000 -0.0000
vn 0.8825 0.4703 0.0002
vn 0.8830 0.4693 0.0002
vn 0.4557 -0.8901 -0.0004
vn 0.3529 -0.9357 -0.0009
vn 0.5657 -0.8246 -0.0006
vn -0.8450 -0.5347 0.0019
vn 0.8869 -0.4620 -0.0001
vn 0.7067 -0.7075 0.0001
vn 0.8867 -0.4623 -0.0001
vn 0.9758 -0.2185 -0.0000
vn 0.1788 -0.0025 -0.9839
vn 0.6601 0.0030 -0.7512
vn -0.8224 -0.1329 -0.5532
vn 0.3476 -0.7496 -0.5633
vn 0.3870 -0.6216 -0.6811
vn 0.7038 -0.5502 -0.4494
vn -0.6902 -0.5635 -0.4539
vn -0.4839 -0.5675 -0.6662
vn 0.7302 -0.6568 -0.1885
vn 0.6601 0.0030 0.7512
vn 0.1789 -0.0025 -0.9839
vn -0.6576 0.4732 -0.5862
vn -0.6772 -0.5689 0.4666
vn -0.7048 -0.6834 0.1902
vn -0.9930 0.1146 -0.0285
vn -0.9885 -0.1511 0.0048
vt 0.518547 0.737637
vt 0.515043 0.737637
vt 0.516545 0.610338
vt 0.523621 0.737637
vt 0.521718 0.610338
vt 0.097063 0.741690
vt 0.093342 0.741690
vt 0.094786 0.614391
vt 0.101324 0.741690
vt 0.100261 0.614391
vt 0.131451 0.737637
vt 0.135149 0.737637
vt 0.133567 0.610338
vt 0.095921 0.605063
vt 0.098745 0.605063
vt 0.390597 0.394458
vt 0.389382 0.399584
vt 0.392143 0.399584
vt 0.137775 0.610338
vt 0.139827 0.610338
vt 0.133353 0.601758
vt 0.518383 0.601758
vt 0.524857 0.610338
vt 0.125873 0.599839
vt 0.125594 0.595380
vt 0.510625 0.595380
vt 0.510903 0.599839
vt 0.498979 0.594757
vt 0.502639 0.598511
vt 0.117675 0.598527
vt 0.113948 0.594757
vt 0.052344 0.604446
vt 0.050960 0.709494
vt 0.053722 0.709314
vt 0.114017 0.592103
vt 0.114104 0.590016
vt 0.012642 0.591233
vt 0.397493 0.596398
vt 0.498970 0.594740
vt 0.113909 0.594771
vt 0.012432 0.596435
vt 0.397696 0.591209
vt 0.499152 0.589998
vt 0.499074 0.592077
vt 0.056484 0.709501
vt 0.058768 0.709772
vt 0.057389 0.604473
vt 0.176669 0.634656
vt 0.178170 0.761955
vt 0.174666 0.761955
vt 0.171495 0.634656
vt 0.169592 0.761955
vt 0.104918 0.614391
vt 0.103474 0.741690
vt 0.107196 0.741690
vt 0.110349 0.614391
vt 0.111456 0.741690
vt 0.043012 0.606241
vt 0.041563 0.612465
vt 0.044325 0.612134
vt 0.168356 0.634656
vt 0.174830 0.626076
vt 0.123998 0.439668
vt 0.133277 0.434500
vt 0.125175 0.435970
vt 0.182309 0.624158
vt 0.182588 0.619697
vt 0.099969 0.441256
vt 0.101324 0.453931
vt 0.098744 0.453846
vt 0.190118 0.622943
vt 0.194235 0.619075
vt 0.038801 0.612307
vt 0.040186 0.717372
vt 0.194243 0.619058
vt 0.295721 0.620716
vt 0.194139 0.616394
vt 0.194061 0.614316
vt 0.295517 0.615526
vt 0.571466 0.988269
vt 0.569828 0.994889
vt 0.003096 0.992834
vt 0.567619 0.997026
vt 0.005836 0.996627
vt 0.564144 0.845546
vt 0.006323 0.845461
vt 0.003993 0.846545
vt 0.006491 0.578972
vt 0.003222 0.580492
vt 0.006513 0.319751
vt 0.006140 0.947585
vt 0.004048 0.949544
vt 0.567577 0.947716
vt 0.002248 0.954478
vt 0.570684 0.951842
vt 0.558482 0.322201
vt 0.560793 0.321126
vt 0.559479 0.578851
vt 0.563918 0.319672
vt 0.562641 0.580321
vt 0.287564 0.763723
vt 0.286801 0.766712
vt 0.550372 0.764372
vt 0.286438 0.770945
vt 0.286784 0.775065
vt 0.551201 0.770677
vt 0.566443 0.584909
vt 0.563961 0.586063
vt 0.394932 0.737637
vt 0.391428 0.737637
vt 0.392930 0.610338
vt 0.400007 0.737637
vt 0.398103 0.610338
vt 0.076799 0.741690
vt 0.073077 0.741690
vt 0.074521 0.614391
vt 0.081059 0.741690
vt 0.079996 0.614391
vt 0.469872 0.149959
vt 0.473571 0.149959
vt 0.471988 0.022660
vt 0.075656 0.605063
vt 0.078480 0.605063
vt 0.476197 0.022660
vt 0.478248 0.022660
vt 0.471774 0.014080
vt 0.394768 0.601758
vt 0.401242 0.610338
vt 0.029404 0.610338
vt 0.032166 0.610338
vt 0.030950 0.605212
vt 0.464294 0.012161
vt 0.464016 0.007702
vt 0.387010 0.595380
vt 0.387288 0.599839
vt 0.375364 0.594757
vt 0.379023 0.598511
vt 0.456100 0.010850
vt 0.452370 0.007079
vt 0.064503 0.604446
vt 0.063119 0.709494
vt 0.065881 0.709314
vt 0.452438 0.004425
vt 0.452525 0.002338
vt 0.351064 0.003555
vt 0.273878 0.596398
vt 0.375355 0.594740
vt 0.452330 0.007093
vt 0.350854 0.008757
vt 0.274081 0.591209
vt 0.375537 0.589998
vt 0.375459 0.592077
vt 0.068642 0.709501
vt 0.070927 0.709773
vt 0.069548 0.604473
vt 0.164510 0.622497
vt 0.166011 0.749796
vt 0.162507 0.749796
vt 0.159336 0.622497
vt 0.157433 0.749796
vt 0.084653 0.614391
vt 0.083209 0.741690
vt 0.086931 0.741690
vt 0.090084 0.614391
vt 0.091191 0.741690
vt 0.454386 0.018563
vt 0.452938 0.024787
vt 0.455699 0.024456
vt 0.156197 0.622497
vt 0.162671 0.613917
vt 0.154395 0.603813
vt 0.163679 0.598643
vt 0.155572 0.600114
vt 0.170150 0.612000
vt 0.170429 0.607538
vt 0.428258 0.086623
vt 0.429613 0.099297
vt 0.427033 0.099213
vt 0.177959 0.610784
vt 0.182076 0.606916
vt 0.450176 0.024629
vt 0.451560 0.129694
vt 0.182084 0.606899
vt 0.283562 0.608557
vt 0.181981 0.604236
vt 0.181902 0.602157
vt 0.283359 0.603367
vt 0.138984 0.737637
vt 0.388444 0.526884
vt 0.387097 0.399584
vt 0.397189 0.399584
vt 0.394905 0.399584
vt 0.393795 0.526884
vt 0.397189 0.526884
vt 0.130013 0.610338
vt 0.001874 0.011977
vt 0.001954 0.011965
vt 0.002009 0.012000
vt 0.002026 0.012055
vt 0.001997 0.012130
vt 0.001921 0.012159
vt 0.001849 0.012122
vt 0.001829 0.012044
vt 0.052176 0.715597
vt 0.056484 0.715836
vt 0.387097 0.393843
vt 0.101324 0.605432
vt 0.512451 0.603813
vt 0.510188 0.604597
vt 0.127421 0.603813
vt 0.125158 0.604597
vt 0.397189 0.393843
vt 0.394905 0.394376
vt 0.093342 0.605432
vt 0.030521 0.453035
vt 0.030521 0.440828
vt 0.033100 0.440912
vt 0.033100 0.453924
vt 0.033100 0.462036
vt 0.035924 0.453924
vt 0.035924 0.462036
vt 0.038503 0.453035
vt 0.038503 0.460974
vt 0.048676 0.709732
vt 0.048676 0.717372
vt 0.502548 0.600567
vt 0.117558 0.600574
vt 0.058768 0.717372
vt 0.030521 0.460974
vt 0.035924 0.440912
vt 0.038503 0.440828
vt 0.114146 0.592097
vt 0.114301 0.590018
vt 0.499177 0.592097
vt 0.499331 0.590018
vt 0.302624 0.603803
vt 0.305448 0.603796
vt 0.305448 0.705207
vt 0.302624 0.705214
vt 0.308024 0.603745
vt 0.308024 0.705156
vt 0.048665 0.604532
vt 0.397348 0.599958
vt 0.012294 0.599981
vt 0.300042 0.705174
vt 0.300042 0.603763
vt 0.546509 0.277627
vt 0.547447 0.150328
vt 0.550208 0.150328
vt 0.551860 0.277627
vt 0.116269 0.573493
vt 0.116269 0.446193
vt 0.113644 0.446193
vt 0.112435 0.573493
vt 0.545163 0.150328
vt 0.111592 0.446193
vt 0.119968 0.573493
vt 0.119015 0.446193
vt 0.552970 0.150328
vt 0.555254 0.150328
vt 0.555254 0.277627
vt 0.121406 0.446193
vt 0.001859 0.036448
vt 0.001829 0.036373
vt 0.001846 0.036318
vt 0.001901 0.036282
vt 0.001982 0.036294
vt 0.002026 0.036362
vt 0.002006 0.036440
vt 0.001935 0.036477
vt 0.110102 0.605238
vt 0.106053 0.605063
vt 0.547447 0.145119
vt 0.551657 0.145209
vt 0.545163 0.144587
vt 0.116972 0.437234
vt 0.118914 0.437907
vt 0.180762 0.628131
vt 0.183025 0.628915
vt 0.126261 0.440452
vt 0.555254 0.144587
vt 0.095921 0.453846
vt 0.093342 0.453931
vt 0.093342 0.441723
vt 0.095921 0.440834
vt 0.103474 0.605432
vt 0.095921 0.432722
vt 0.099970 0.433227
vt 0.038801 0.605982
vt 0.036517 0.611976
vt 0.036517 0.604446
vt 0.124910 0.430519
vt 0.126534 0.431792
vt 0.190555 0.624902
vt 0.133721 0.436451
vt 0.046609 0.611906
vt 0.046609 0.604446
vt 0.093342 0.433785
vt 0.137118 0.425874
vt 0.137272 0.427952
vt 0.137470 0.430612
vt 0.194037 0.616415
vt 0.045230 0.717346
vt 0.193882 0.614336
vt 0.549854 0.530879
vt 0.549854 0.429468
vt 0.552678 0.429475
vt 0.552678 0.530886
vt 0.555254 0.429526
vt 0.555254 0.530937
vt 0.036506 0.717287
vt 0.295865 0.624276
vt 0.137402 0.427959
vt 0.238775 0.427059
vt 0.137315 0.425872
vt 0.137510 0.430626
vt 0.238987 0.432290
vt 0.239124 0.435837
vt 0.547272 0.530918
vt 0.547272 0.429508
vt 0.012480 0.815791
vt 0.014999 0.818696
vt 0.555019 0.818696
vt 0.557281 0.815990
vt 0.004121 0.982215
vt 0.006351 0.980047
vt 0.567619 0.980047
vt 0.569683 0.981963
vt 0.002420 0.987312
vt 0.016488 0.787157
vt 0.270422 0.787157
vt 0.270555 0.784398
vt 0.013300 0.784398
vt 0.012911 0.781910
vt 0.270943 0.781910
vt 0.012911 0.779935
vt 0.271548 0.779935
vt 0.000844 0.318989
vt 0.002482 0.319751
vt 0.000844 0.581599
vt 0.012902 0.801772
vt 0.013739 0.796839
vt 0.276836 0.797047
vt 0.277627 0.802144
vt 0.013157 0.807400
vt 0.277313 0.807666
vt 0.013951 0.810590
vt 0.276560 0.810590
vt 0.006323 0.586063
vt 0.003868 0.584921
vt 0.008138 0.586907
vt 0.009346 0.844055
vt 0.015966 0.792404
vt 0.015362 0.794378
vt 0.271548 0.794378
vt 0.270943 0.792404
vt 0.009775 0.587669
vt 0.016354 0.789915
vt 0.270555 0.789915
vt 0.570722 0.960194
vt 0.571466 0.956074
vt 0.002796 0.960105
vt 0.568075 0.964047
vt 0.005500 0.964068
vt 0.531971 0.784398
vt 0.531837 0.787157
vt 0.277903 0.787157
vt 0.277769 0.784398
vt 0.532359 0.781910
vt 0.277381 0.781910
vt 0.532963 0.779935
vt 0.276777 0.779935
vt 0.562146 0.844617
vt 0.560938 0.587469
vt 0.565387 0.581598
vt 0.550439 0.777298
vt 0.287564 0.778167
vt 0.567413 0.847067
vt 0.532359 0.792404
vt 0.532963 0.794378
vt 0.276777 0.794378
vt 0.277381 0.792404
vt 0.560509 0.843855
vt 0.277769 0.789915
vt 0.531971 0.789915
vt 0.026642 0.610338
vt 0.025705 0.737637
vt 0.031056 0.737637
vt 0.477405 0.149959
vt 0.024358 0.610338
vt 0.034450 0.610338
vt 0.034450 0.737637
vt 0.468434 0.022660
vt 0.028180 0.080977
vt 0.028202 0.080899
vt 0.028257 0.080863
vt 0.028314 0.080870
vt 0.028371 0.080928
vt 0.028366 0.081009
vt 0.028303 0.081059
vt 0.028224 0.081046
vt 0.026642 0.605129
vt 0.067427 0.715597
vt 0.024358 0.604597
vt 0.081059 0.605432
vt 0.388836 0.603813
vt 0.386573 0.604597
vt 0.465842 0.016135
vt 0.463579 0.016919
vt 0.034450 0.604597
vt 0.241274 0.448983
vt 0.241274 0.436775
vt 0.243854 0.436859
vt 0.243854 0.449871
vt 0.073077 0.605432
vt 0.243854 0.457984
vt 0.246677 0.449871
vt 0.246677 0.457984
vt 0.063119 0.715836
vt 0.249257 0.448983
vt 0.249257 0.456921
vt 0.060835 0.709732
vt 0.060835 0.717372
vt 0.378933 0.600568
vt 0.455980 0.012896
vt 0.070927 0.717372
vt 0.241274 0.456921
vt 0.246677 0.436859
vt 0.249257 0.436775
vt 0.452568 0.004419
vt 0.452722 0.002340
vt 0.375562 0.592097
vt 0.375716 0.590018
vt 0.440425 0.016125
vt 0.443248 0.016118
vt 0.443248 0.117529
vt 0.440425 0.117536
vt 0.445825 0.016067
vt 0.445825 0.117478
vt 0.060824 0.604532
vt 0.273733 0.599958
vt 0.350716 0.012303
vt 0.437843 0.117496
vt 0.437843 0.016085
vt 0.013546 0.737637
vt 0.014484 0.610338
vt 0.017245 0.610338
vt 0.018897 0.737637
vt 0.146666 0.737637
vt 0.146666 0.610338
vt 0.144041 0.610338
vt 0.142832 0.737637
vt 0.012200 0.610338
vt 0.141989 0.610338
vt 0.150365 0.737637
vt 0.149412 0.610338
vt 0.020007 0.610338
vt 0.022291 0.610338
vt 0.022291 0.737637
vt 0.151803 0.610338
vt 0.044389 0.024226
vt 0.044416 0.024150
vt 0.044466 0.024120
vt 0.044531 0.024130
vt 0.044582 0.024193
vt 0.044571 0.024273
vt 0.044505 0.024318
vt 0.044427 0.024298
vt 0.089838 0.605238
vt 0.085789 0.605063
vt 0.014484 0.605129
vt 0.018694 0.605219
vt 0.012200 0.604597
vt 0.147369 0.601379
vt 0.149311 0.602051
vt 0.168603 0.615972
vt 0.170866 0.616756
vt 0.156658 0.604597
vt 0.022291 0.604597
vt 0.424210 0.099213
vt 0.421631 0.099297
vt 0.421631 0.087090
vt 0.424210 0.086201
vt 0.083209 0.605432
vt 0.424210 0.078088
vt 0.428259 0.078593
vt 0.450176 0.018304
vt 0.447892 0.024298
vt 0.447892 0.016768
vt 0.155307 0.594663
vt 0.156931 0.595937
vt 0.178396 0.612743
vt 0.164117 0.600595
vt 0.457984 0.024227
vt 0.457984 0.016768
vt 0.421631 0.079151
vt 0.167515 0.590018
vt 0.167669 0.592097
vt 0.167867 0.594757
vt 0.181878 0.604256
vt 0.456605 0.129668
vt 0.181723 0.602177
vt 0.549854 0.384973
vt 0.549854 0.283562
vt 0.552678 0.283568
vt 0.552678 0.384979
vt 0.555254 0.283619
vt 0.555254 0.385030
vt 0.447881 0.129609
vt 0.283707 0.612117
vt 0.167799 0.592103
vt 0.269172 0.591203
vt 0.167712 0.590016
vt 0.167907 0.594771
vt 0.269384 0.596435
vt 0.269521 0.599981
vt 0.547272 0.385012
vt 0.547272 0.283601
s 1
usemtl Laptop
f 24/45/26 22/46/27 35/47/28
f 25/48/29 24/45/26 36/49/30
f 26/50/31 25/51/29 27/52/32
f 28/53/33 26/50/31 29/54/34
f 31/55/35 30/56/36 38/57/37
f 27/52/32 43/58/38 44/59/39 29/54/34
f 39/60/40 23/61/41 21/62/42
f 37/63/43 29/64/34 45/65/44
f 42/66/45 27/67/32 36/49/30
f 54/68/46 45/65/47 53/69/48
f 50/70/49 42/66/45 49/71/50
f 56/72/51 49/71/50 62/73/52
f 69/74/53 54/68/46 68/75/54
f 70/76/55 59/77/56 60/78/57
f 67/79/58 66/80/59 76/81/60
f 72/82/61 56/83/51 62/73/52
f 69/74/53 68/84/54 77/85/62
f 73/86/63 57/87/64 63/88/65
f 55/89/66 58/90/67 78/91/68
f 82/92/69 80/93/70 81/94/71
f 95/95/72 81/94/71 83/96/73
f 96/97/74 83/98/73 84/99/75
f 86/100/76 84/99/75 85/101/77
f 99/102/78 118/103/79 114/104/80
f 95/95/72 96/105/74 102/106/81
f 106/107/82 128/108/83 113/109/84
f 108/110/85 102/106/81 109/111/86
f 111/112/87 125/113/88 124/114/89
f 120/115/90 108/110/85 121/116/91
f 118/103/79 117/117/92 129/118/93
f 120/115/90 121/119/91 131/120/94
f 122/121/95 115/122/96 132/123/97
f 142/124/98 143/125/99 156/126/100
f 143/125/99 144/127/101 157/128/102
f 144/129/101 158/130/103 157/131/102
f 152/132/104 153/133/105 165/134/106
f 166/135/107 167/136/108 181/137/109
f 167/136/108 168/138/110 182/139/111
f 179/140/112 180/141/113 139/142/114
f 180/141/113 181/143/115 140/144/116
f 181/145/115 182/146/117 141/147/118
f 183/148/119 184/149/120 142/150/121
f 185/151/122 186/152/123 144/129/124
f 193/153/26 191/154/27 194/155/125
f 195/156/29 193/153/26 196/157/30
f 197/158/126 195/159/29 205/160/32
f 198/161/33 197/158/126 206/162/127
f 200/163/35 199/164/36 208/165/37
f 205/160/32 214/166/38 215/167/39 206/162/127
f 207/168/43 206/169/127 216/170/44
f 213/171/45 205/172/32 196/157/30
f 204/173/128 203/174/129 210/175/130
f 224/176/46 216/170/47 223/177/48
f 220/178/49 213/171/45 219/179/50
f 226/180/51 219/179/50 232/181/52
f 239/182/131 224/176/46 238/183/132
f 240/184/55 229/185/133 230/186/134
f 237/187/58 236/188/59 246/189/60
f 242/190/61 226/191/51 232/181/52
f 239/182/131 238/192/132 247/193/62
f 243/194/63 227/195/64 233/196/65
f 225/197/135 228/198/136 248/199/137
f 263/200/138 249/201/70 250/202/71
f 252/203/72 250/202/71 251/204/73
f 254/205/74 251/206/73 253/207/75
f 264/208/76 253/207/75 255/209/139
f 269/210/78 288/211/79 284/212/140
f 252/203/72 254/213/74 272/214/81
f 276/215/141 298/216/142 283/217/143
f 278/218/85 272/214/81 279/219/86
f 281/220/144 295/221/88 294/222/89
f 290/223/90 278/218/85 291/224/91
f 288/211/79 287/225/92 299/226/145
f 290/223/90 291/227/91 301/228/146
f 292/229/95 285/230/96 302/231/97
f 37/63/43 38/57/37 30/56/36 28/232/33
f 22/233/27 23/61/147 35/234/28
f 24/45/26 35/47/28 36/49/30
f 25/48/29 36/49/30 27/67/32
f 26/50/31 27/52/32 29/54/34
f 28/232/33 29/64/34 37/63/43
f 32/235/148 34/236/149 33/237/150 31/238/35
f 31/55/35 38/57/37 32/239/148
f 33/237/150 34/236/149 21/62/151
f 26/240/152 28/241/152 30/242/152 31/243/152 33/244/152 22/245/152 24/246/152 25/247/152
f 55/89/66 60/78/57 39/248/40 48/249/153
f 23/61/41 39/60/40 40/250/154 35/234/28
f 29/54/34 44/59/39 45/251/44
f 45/65/47 54/68/46 38/57/37 37/63/43
f 41/252/155 35/47/28 40/253/154
f 35/47/28 41/252/155 49/71/50 36/49/30
f 46/254/156 47/255/157 32/239/148 38/57/37
f 38/57/37 54/68/46 46/254/156
f 42/66/45 36/49/30 49/71/50
f 47/256/157 48/257/153 34/236/158 32/235/148
f 48/257/153 39/60/40 21/62/42 34/236/158
f 43/58/38 27/52/32 42/258/45
f 50/259/49 57/260/64 64/261/159 51/262/160
f 43/263/38 51/262/160 52/264/161 44/265/39
f 52/264/161 53/266/48 45/267/44 44/265/39
f 59/77/56 39/248/40 60/78/57
f 39/248/40 59/77/56 61/268/162 40/269/154
f 40/253/154 61/270/162 62/73/52 41/252/155
f 69/74/53 58/271/67 47/255/157 46/254/156
f 49/71/50 41/252/155 62/73/52
f 46/254/156 54/68/46 69/74/53
f 58/90/67 55/89/66 48/249/153 47/272/157
f 42/273/45 50/259/49 51/262/160 43/263/38
f 51/262/160 64/261/159 65/274/163 52/264/161
f 65/274/163 66/275/59 53/266/48 52/264/161
f 67/276/58 68/75/54 54/68/46 53/69/48
f 53/69/48 66/277/59 67/276/58
f 49/71/50 56/72/51 63/278/65 50/70/49
f 78/91/68 70/76/55 60/78/57 55/89/66
f 57/279/64 50/70/49 63/278/65
f 74/280/164 75/281/165 65/282/163 64/283/159
f 75/281/165 76/284/60 66/285/59 65/282/163
f 59/77/56 70/76/55 71/286/166 61/268/162
f 61/270/162 71/287/166 72/82/61 62/73/52
f 76/81/60 77/85/62 68/84/54 67/79/58
f 56/83/51 72/82/61 73/86/63 63/88/65
f 77/85/62 78/288/68 58/271/67 69/74/53
f 57/289/64 73/290/63 74/280/164 64/283/159
f 80/291/167 94/292/167 79/293/168 92/294/169
f 88/295/170 89/296/171 87/297/172 85/298/77
f 94/292/173 80/291/70 82/299/69
f 82/92/69 81/94/71 95/95/72
f 95/95/72 83/96/73 96/105/74
f 96/97/74 84/99/75 86/100/76
f 86/300/76 85/298/77 87/297/172
f 90/301/174 97/302/175 89/296/171 88/295/170
f 92/294/169 93/303/176 91/304/177 90/305/174
f 97/302/175 90/301/174 91/306/177
f 93/303/176 92/294/169 79/293/168
f 92/307/152 90/308/152 88/309/152 85/310/152 84/311/152 83/312/152 81/313/152 80/314/152
f 104/315/178 103/316/179 96/97/74 86/100/76
f 98/317/180 99/318/78 79/293/181 94/292/182
f 100/319/183 98/317/180 94/292/182 82/299/69
f 104/320/184 86/300/76 87/297/172 105/321/185
f 105/321/185 87/297/172 89/296/171 113/109/84
f 82/92/69 101/322/186 100/323/183
f 108/110/85 101/322/186 82/92/69 95/95/72
f 113/109/84 89/296/171 97/302/175 106/107/82
f 106/107/82 97/302/175 91/306/177 107/324/187
f 95/95/72 102/106/81 108/110/85
f 107/325/187 91/304/177 93/303/188 99/318/78
f 123/326/189 115/327/96 109/328/86 110/329/190
f 96/97/74 103/316/191 102/330/81
f 79/293/181 99/318/78 93/303/188
f 111/112/87 110/329/190 103/331/179 104/332/178
f 117/117/92 118/103/79 99/102/78 98/333/180
f 119/334/192 117/117/92 98/333/180 100/335/183
f 111/336/87 104/320/184 105/321/185 112/337/193
f 120/115/90 119/338/192 100/323/183 101/322/186
f 128/108/83 106/107/82 107/324/187 116/339/194
f 113/109/84 112/337/193 105/321/185
f 101/322/186 108/110/85 120/115/90
f 116/340/194 107/341/187 99/102/78 114/104/80
f 110/329/190 109/328/86 102/342/81 103/331/191
f 124/114/89 123/326/189 110/329/190 111/112/87
f 125/343/88 111/336/87 112/337/193 126/344/195
f 126/344/195 112/337/193 113/109/84 127/345/196
f 122/346/95 121/116/91 108/110/85 109/111/86
f 128/108/83 127/345/196 113/109/84
f 136/347/197 114/104/80 118/103/79 129/118/93
f 109/111/86 115/348/96 122/346/95
f 133/349/198 123/350/189 124/351/89 75/352/199
f 75/352/199 124/351/89 125/353/88 134/354/200
f 130/355/201 129/118/93 117/117/92 119/334/192
f 131/120/94 130/356/201 119/338/192 120/115/90
f 126/357/195 134/358/200 125/359/88
f 134/358/200 126/357/195 127/360/196 135/361/202
f 132/123/97 131/120/94 121/119/91 122/121/95
f 128/108/83 135/361/202 127/360/196
f 135/361/202 128/108/83 116/339/194 136/362/197
f 133/349/198 132/363/97 115/364/96 123/350/189
f 114/104/80 136/347/197 116/340/194
f 152/365/203 151/366/203 138/367/203 139/368/203
f 153/133/105 152/132/104 139/142/114 140/144/116
f 154/369/204 153/370/205 140/371/205 141/372/206
f 154/369/204 141/372/206 142/124/98 155/373/207
f 176/374/208 162/375/209 150/376/210 163/377/211
f 142/124/98 156/126/100 155/373/207
f 143/125/99 157/128/102 156/126/100
f 164/378/212 163/377/211 150/376/210 151/379/213
f 165/380/214 164/378/212 151/379/213 152/381/214
f 167/382/215 166/383/215 153/133/215 154/384/215
f 153/133/105 166/383/216 165/134/106
f 168/385/217 167/386/218 154/387/218 155/388/219
f 169/389/220 168/385/217 155/388/219 156/390/221
f 170/391/222 169/389/220 156/390/221 157/392/222
f 171/393/223 170/394/223 157/131/223 158/130/223
f 172/395/224 171/393/225 158/130/225 159/396/226
f 174/397/227 173/398/228 159/399/226 160/400/229
f 159/396/226 173/401/228 172/395/224
f 175/402/230 174/397/227 160/400/229 161/403/230
f 176/374/208 175/402/230 161/403/230 162/375/209
f 184/404/231 183/405/232 168/138/110 169/406/233
f 167/136/108 182/139/111 181/137/109
f 168/138/110 183/405/232 182/139/111
f 185/407/234 184/404/231 169/406/233 170/408/234
f 186/152/235 185/151/235 170/394/235 171/393/235
f 137/409/236 149/410/237 190/411/237 177/412/236
f 138/413/238 137/409/236 177/412/236 178/414/239
f 139/415/114 138/413/238 178/414/239 179/416/112
f 145/417/240 144/129/241 186/152/241 187/418/242
f 180/141/113 140/144/116 139/142/114
f 181/143/115 141/419/118 140/144/116
f 182/146/117 142/150/121 141/147/118
f 183/148/119 142/150/121 182/146/117
f 184/149/120 143/420/243 142/150/121
f 185/421/122 143/420/243 184/149/120
f 185/151/122 144/129/124 143/422/243
f 147/423/244 146/424/245 187/425/242 188/426/246
f 187/418/242 146/427/245 145/417/240
f 147/423/244 188/426/246 189/428/247 148/429/247
f 149/410/237 148/429/247 189/428/247 190/411/237
f 204/173/151 192/430/248 191/431/248 202/432/150
f 207/168/43 208/165/37 199/164/36 198/433/33
f 191/431/27 192/430/249 194/434/125
f 193/153/26 194/155/125 196/157/30
f 195/156/29 196/157/30 205/172/32
f 197/158/126 205/160/32 206/162/127
f 198/433/33 206/169/127 207/168/43
f 201/435/250 203/174/149 202/432/150 200/436/35
f 200/163/35 208/165/37 201/437/250
f 202/432/150 203/174/149 204/173/151
f 197/438/152 198/439/152 199/440/152 200/441/152 202/442/152 191/443/152 193/444/152 195/445/152
f 204/173/128 210/175/130 209/446/251 192/430/252
f 210/447/130 225/197/135 230/186/134
f 192/430/252 209/446/251 211/448/253 194/434/125
f 206/162/127 215/167/39 216/449/44
f 216/170/47 224/176/46 208/165/37 207/168/43
f 212/450/155 194/155/125 211/451/253
f 194/155/125 212/450/155 219/179/50 196/157/30
f 217/452/156 218/453/254 201/437/250 208/165/37
f 208/165/37 224/176/46 217/452/156
f 213/171/45 196/157/30 219/179/50
f 218/454/254 210/175/130 203/174/129 201/435/255
f 220/455/49 227/456/64 234/457/159 221/458/160
f 214/166/38 205/160/32 213/459/45
f 214/460/38 221/458/160 222/461/161 215/462/39
f 210/447/130 230/186/134 229/185/133 209/463/251
f 222/461/161 223/464/48 216/465/44 215/462/39
f 209/463/251 229/185/133 231/466/256 211/467/253
f 211/451/253 231/468/256 232/181/52 212/450/155
f 239/182/131 228/469/136 218/453/254 217/452/156
f 219/179/50 212/450/155 232/181/52
f 217/452/156 224/176/46 239/182/131
f 228/198/136 225/197/135 210/447/130 218/470/254
f 213/471/45 220/455/49 221/458/160 214/460/38
f 221/458/160 234/457/159 235/472/163 222/461/161
f 235/472/163 236/473/59 223/464/48 222/461/161
f 237/474/58 238/183/132 224/176/46 223/177/48
f 223/177/48 236/475/59 237/474/58
f 219/179/50 226/180/51 233/476/65 220/178/49
f 248/199/137 240/184/55 230/186/134 225/197/135
f 227/477/64 220/178/49 233/476/65
f 244/478/164 245/479/165 235/480/163 234/481/159
f 245/479/165 246/482/60 236/483/59 235/480/163
f 229/185/133 240/184/55 241/484/166 231/466/256
f 231/468/256 241/485/166 242/190/61 232/181/52
f 246/189/60 247/193/62 238/192/132 237/187/58
f 226/191/51 242/190/61 243/194/63 233/196/65
f 247/193/62 248/486/137 228/469/136 239/182/131
f 227/487/64 243/488/63 244/478/164 234/481/159
f 249/489/167 261/490/167 262/491/168 260/492/169
f 256/493/170 266/494/171 265/495/172 255/496/139
f 261/490/257 249/489/70 263/497/138
f 263/200/138 250/202/71 252/203/72
f 252/203/72 251/204/73 254/213/74
f 21/62/151 23/61/258 22/233/258 33/237/150
f 254/205/74 253/207/75 264/208/76
f 264/498/76 255/496/139 265/495/172
f 257/499/174 258/500/175 266/494/171 256/493/170
f 260/492/169 267/501/176 259/502/177 257/503/174
f 258/500/175 257/499/174 259/504/177
f 267/501/176 260/492/169 262/491/168
f 260/505/152 257/506/152 256/507/152 255/508/152 253/509/152 251/510/152 250/511/152 249/512/152
f 274/513/178 273/514/179 254/205/74 264/208/76
f 268/515/180 269/516/78 262/491/181 261/490/182
f 270/517/183 268/515/180 261/490/182 263/497/138
f 274/518/259 264/498/76 265/495/172 275/519/185
f 275/519/185 265/495/172 266/494/171 283/217/143
f 263/200/138 271/520/186 270/521/183
f 278/218/85 271/520/186 263/200/138 252/203/72
f 283/217/143 266/494/171 258/500/175 276/215/141
f 276/215/141 258/500/175 259/504/177 277/522/260
f 252/203/72 272/214/81 278/218/85
f 277/523/260 259/502/177 267/501/188 269/516/78
f 293/524/189 285/525/96 279/526/86 280/527/190
f 254/205/74 273/514/191 272/528/81
f 262/491/181 269/516/78 267/501/188
f 281/220/144 280/527/190 273/529/179 274/530/178
f 287/225/92 288/211/79 269/210/78 268/531/180
f 289/532/192 287/225/92 268/531/180 270/533/183
f 281/534/144 274/518/259 275/519/185 282/535/193
f 290/223/90 289/536/192 270/521/183 271/520/186
f 298/216/142 276/215/141 277/522/260 286/537/261
f 283/217/143 282/535/193 275/519/185
f 271/520/186 278/218/85 290/223/90
f 286/538/261 277/539/260 269/210/78 284/212/140
f 280/527/190 279/526/86 272/540/81 273/529/191
f 294/222/89 293/524/189 280/527/190 281/220/144
f 295/541/88 281/534/144 282/535/193 296/542/195
f 296/542/195 282/535/193 283/217/143 297/543/262
f 292/544/95 291/224/91 278/218/85 279/219/86
f 298/216/142 297/543/262 283/217/143
f 306/545/197 284/212/140 288/211/79 299/226/145
f 279/219/86 285/546/96 292/544/95
f 303/547/198 293/548/189 294/549/89 245/550/199
f 245/550/199 294/549/89 295/551/88 304/552/200
f 300/553/201 299/226/145 287/225/92 289/532/192
f 301/228/146 300/554/201 289/536/192 290/223/90
f 296/555/195 304/556/200 295/557/88
f 304/556/200 296/555/195 297/558/262 305/559/263
f 302/231/97 301/228/146 291/227/91 292/229/95
f 298/216/142 305/559/263 297/558/262
f 305/559/263 298/216/142 286/537/261 306/560/197
f 303/547/198 302/561/97 285/562/96 293/548/189
f 284/212/140 306/545/197 286/538/261
o Plane.016
v -1.759812 0.385520 3.839368
v -1.764737 0.392529 3.827381
v -1.750039 0.402707 3.820555
v -1.770448 0.382974 3.814058
v -1.760228 0.397818 3.802504
v -1.738329 0.380195 3.829063
v -1.732862 0.396332 3.815066
v -1.714113 0.394768 3.804374
v -1.737501 0.415530 3.793332
v -1.767174 0.394072 3.773492
v -1.746047 0.414073 3.777194
v -1.655396 0.417198 3.750055
v -1.726101 0.427638 3.756187
v -1.714678 0.419985 3.783079
v -1.744927 0.423243 3.705041
v -1.698974 0.438971 3.717329
v -1.622765 0.405518 3.747120
v -1.457758 0.355614 3.700012
v -1.417678 0.374337 3.664220
v -1.636431 0.440101 3.698858
v -1.651017 0.450208 3.661529
v -1.570462 0.426480 3.678868
v -1.584170 0.444195 3.636575
v -1.790221 0.379949 3.716264
v -1.781836 0.392147 3.705925
v -1.764373 0.408694 3.714675
v -1.763581 0.417499 3.649579
v -1.736980 0.438302 3.606008
v -1.795393 0.382035 3.657641
v -1.785494 0.393293 3.644743
v -1.792719 0.381629 3.613174
v -1.770115 0.415239 3.618323
v -1.778703 0.400138 3.595688
v -1.758013 0.421769 3.575280
v -1.805147 0.373240 3.590925
v -1.817245 0.377588 3.573192
v -1.787184 0.396388 3.579963
v -1.767756 0.423102 3.556912
v -1.711231 0.449261 3.579550
v -1.553138 0.441637 3.572348
v -1.732468 0.439119 3.565724
v -1.752221 0.442748 3.524766
v -1.744756 0.449920 3.508343
v -1.695691 0.462322 3.541720
v -1.668919 0.460888 3.542918
v -1.748880 0.374129 3.834659
v -1.766794 0.375519 3.829160
v -1.755081 0.361350 3.824833
v -1.764783 0.364347 3.806138
v -1.737293 0.361440 3.818336
v -1.717922 0.355532 3.808016
v -1.749445 0.346333 3.804475
v -1.726034 0.329301 3.790092
v -1.689242 0.321266 3.776419
v -1.771619 0.364291 3.778496
v -1.792404 0.368290 3.717769
v -1.737478 0.320057 3.767841
v -1.717202 0.304298 3.746276
v -1.776777 0.340630 3.731683
v -1.769932 0.313298 3.698344
v -1.581885 0.336155 3.753398
v -1.441238 0.284937 3.680952
v -1.475353 0.277528 3.681331
v -1.623053 0.278876 3.700814
v -1.700500 0.286312 3.713309
v -1.653319 0.276877 3.664465
v -1.513544 0.271479 3.664634
v -1.557814 0.280174 3.620679
v -1.788867 0.353663 3.710320
v -1.785264 0.313198 3.666065
v -1.770891 0.277312 3.603045
v -1.800888 0.357155 3.661018
v -1.796638 0.335308 3.651112
v -1.801742 0.343392 3.621316
v -1.792144 0.309261 3.635096
v -1.807882 0.309329 3.594884
v -1.811874 0.341983 3.594381
v -1.823331 0.347179 3.576214
v -1.814237 0.308056 3.575022
v -1.756599 0.278029 3.597353
v -1.726462 0.271871 3.589498
v -1.630104 0.282413 3.566819
v -1.765787 0.278576 3.544322
v -1.711941 0.270084 3.545561
v -1.713702 0.281938 3.510097
v -1.469870 0.392935 3.670140
v -1.390984 0.346346 3.674696
v -1.504402 0.424360 3.642223
v -1.362568 0.371073 3.637097
v -1.407802 0.401056 3.606135
v -1.428304 0.407796 3.573296
v -1.318270 0.334467 3.645998
v -1.326597 0.354555 3.629530
v -1.322682 0.353680 3.626906
v -1.292109 0.313711 3.651598
v -1.282619 0.312389 3.648282
v -1.299534 0.327706 3.643617
v -1.280877 0.318253 3.636829
v -1.304357 0.331732 3.621763
v -1.291030 0.319091 3.624151
v -1.357716 0.375647 3.605156
v -1.327386 0.341466 3.607514
v -1.359184 0.371601 3.589444
v -1.336871 0.330481 3.585386
v -1.391053 0.390428 3.583405
v -1.392796 0.374400 3.550911
v -1.361791 0.352367 3.567192
v -1.314208 0.325229 3.611581
v -1.460158 0.420654 3.582705
v -1.465913 0.403779 3.492774
v -1.550859 0.435950 3.466861
v -1.493397 0.403792 3.431628
v -1.419098 0.388459 3.529101
v -1.386243 0.354443 3.508910
v -1.376110 0.326912 3.493916
v -1.398131 0.367206 3.504393
v -1.447328 0.375182 3.422893
v -1.416479 0.359799 3.453768
v -1.466613 0.389949 3.431035
v -1.400482 0.313586 3.439662
v -1.427943 0.352296 3.421475
v -1.412667 0.308587 3.401585
v -1.453089 0.315634 3.702110
v -1.370282 0.278790 3.646043
v -1.484158 0.269111 3.627992
v -1.426222 0.268995 3.619508
v -1.451780 0.264843 3.580299
v -1.324856 0.298179 3.650251
v -1.337995 0.277580 3.633195
v -1.302472 0.300425 3.646199
v -1.282397 0.304266 3.638122
v -1.308480 0.294055 3.625175
v -1.292605 0.303282 3.625468
v -1.372989 0.271106 3.615107
v -1.332556 0.286495 3.610994
v -1.373353 0.271178 3.597316
v -1.340750 0.295586 3.586405
v -1.405835 0.268755 3.598241
v -1.415287 0.270518 3.557292
v -1.370883 0.280252 3.564693
v -1.316937 0.300247 3.613803
v -1.587601 0.263163 3.520951
v -1.491232 0.264507 3.581495
v -1.459378 0.268134 3.506376
v -1.564189 0.267935 3.471885
v -1.545093 0.272512 3.455992
v -1.513308 0.278219 3.444772
v -1.363122 0.293854 3.522825
v -1.412228 0.274547 3.508551
v -1.395658 0.300161 3.442804
v -1.458495 0.279162 3.469673
v -1.426260 0.276719 3.447420
v -1.468099 0.277485 3.425796
v -1.451438 0.279815 3.416398
v -1.424484 0.292766 3.397487
v -1.831302 0.366296 3.570840
v -1.850825 0.375402 3.519556
v -1.824093 0.413216 3.506720
v -1.797920 0.414609 3.546344
v -1.773225 0.435382 3.528690
v -1.839898 0.417725 3.459105
v -1.857480 0.406029 3.452644
v -1.893945 0.379895 3.426868
v -1.831250 0.429096 3.417442
v -1.682290 0.455252 3.472380
v -1.768452 0.445558 3.386052
v -1.830374 0.437503 3.370577
v -1.654122 0.439375 3.393700
v -1.694248 0.430746 3.346126
v -1.936921 0.379497 3.365832
v -1.889237 0.416440 3.375571
v -1.878052 0.405053 3.402400
v -1.909553 0.386789 3.382472
v -1.855732 0.429358 3.382446
v -1.919694 0.391991 3.365555
v -1.895536 0.415710 3.354486
v -1.962441 0.378196 3.356161
v -1.946147 0.387027 3.355807
v -1.973511 0.378389 3.344227
v -1.953764 0.381936 3.334961
v -1.974371 0.370723 3.333763
v -1.965233 0.369178 3.329626
v -1.924566 0.404067 3.346232
v -1.933317 0.383110 3.330777
v -1.890438 0.408854 3.334007
v -1.817992 0.434207 3.354460
v -1.742018 0.420341 3.312573
v -1.744430 0.431961 3.336931
v -1.807974 0.392912 3.297220
v -1.790748 0.360129 3.271390
v -1.778095 0.400933 3.297586
v -1.837285 0.336350 3.550173
v -1.849861 0.355724 3.533262
v -1.816972 0.301721 3.556250
v -1.834956 0.302939 3.526704
v -1.804130 0.279753 3.510114
v -1.896316 0.350546 3.438518
v -1.864453 0.309550 3.474034
v -1.851161 0.286268 3.434735
v -1.892165 0.316285 3.417206
v -1.756833 0.270088 3.500733
v -1.636891 0.269534 3.445073
v -1.702752 0.271932 3.402614
v -1.844682 0.274853 3.388056
v -1.787718 0.270863 3.401062
v -1.844830 0.276880 3.411003
v -1.941412 0.354720 3.368060
v -1.893879 0.301640 3.392590
v -1.918714 0.341594 3.386327
v -1.908039 0.308759 3.380166
v -1.929351 0.337497 3.370267
v -1.910458 0.308147 3.362351
v -1.866229 0.285271 3.360186
v -1.908814 0.314740 3.343206
v -1.964943 0.362426 3.357170
v -1.952001 0.349383 3.358092
v -1.975659 0.364310 3.345024
v -1.957737 0.354545 3.336659
v -1.935827 0.326885 3.350868
v -1.938897 0.348174 3.333090
v -1.848150 0.303605 3.313635
v -1.804975 0.272477 3.370164
v -1.825476 0.287747 3.314773
v -1.737514 0.276614 3.331067
v -1.607128 0.271214 3.222090
v -1.799809 0.322732 3.273914
v -1.683690 0.303784 3.221769
v -1.537499 0.424089 3.418569
v -1.477351 0.383592 3.404381
v -1.519557 0.406476 3.395645
v -1.611938 0.417350 3.315381
v -1.567735 0.391607 3.286026
v -1.535537 0.373269 3.246174
v -1.451773 0.344784 3.381550
v -1.474021 0.373056 3.385816
v -1.423469 0.322300 3.396032
v -1.435632 0.318771 3.377484
v -1.467511 0.360910 3.345037
v -1.500433 0.391016 3.367913
v -1.445771 0.324116 3.355966
v -1.475308 0.359108 3.314282
v -1.454690 0.333816 3.320929
v -1.449832 0.317239 3.310424
v -1.507332 0.356324 3.232187
v -1.465313 0.321887 3.261467
v -1.461462 0.305832 3.253369
v -1.607363 0.399424 3.265885
v -1.589716 0.362328 3.211740
v -1.618605 0.359545 3.216887
v -1.665112 0.339790 3.216852
v -1.543115 0.319722 3.164038
v -1.484214 0.339963 3.239346
v -1.529752 0.358063 3.209134
v -1.503536 0.336322 3.190907
v -1.485166 0.313427 3.192644
v -1.524005 0.315916 3.153170
v -1.520120 0.304710 3.141840
v -1.492588 0.313360 3.166516
v -1.488385 0.294677 3.157476
v -1.512395 0.329321 3.167987
v -1.492942 0.302511 3.142658
v -1.499495 0.293450 3.132435
v -1.576725 0.261164 3.439777
v -1.509181 0.277360 3.395845
v -1.527585 0.266571 3.394961
v -1.676700 0.264486 3.342435
v -1.594791 0.266460 3.295354
v -1.555547 0.269884 3.271609
v -1.477568 0.273135 3.393741
v -1.467620 0.274503 3.381106
v -1.437971 0.287834 3.379586
v -1.478856 0.270879 3.351225
v -1.502078 0.273047 3.339576
v -1.448040 0.288983 3.353345
v -1.463323 0.279010 3.326864
v -1.452064 0.293688 3.312246
v -1.488854 0.269489 3.324282
v -1.536853 0.269583 3.224590
v -1.469756 0.282299 3.265242
v -1.491416 0.272352 3.251863
v -1.462841 0.294416 3.254393
v -1.632565 0.275751 3.287087
v -1.570165 0.275244 3.244710
v -1.549438 0.270231 3.196361
v -1.626120 0.276764 3.219620
v -1.549485 0.282859 3.165945
v -1.511914 0.271959 3.193216
v -1.487458 0.283508 3.197687
v -1.517704 0.276773 3.171825
v -1.528332 0.282516 3.155944
v -1.521793 0.289312 3.142539
v -1.496544 0.280035 3.169657
v -1.495019 0.285761 3.144223
vn -0.2563 0.1992 0.9458
vn -0.7155 0.5960 0.3644
vn -0.1018 0.8530 0.5119
vn -0.9867 0.1071 -0.1223
vn -0.7370 0.6651 0.1199
vn 0.7121 0.0115 0.7020
vn 0.4092 0.5341 0.7398
vn 0.4004 0.3740 0.8365
vn -0.1618 0.8985 0.4080
vn -0.8476 0.4861 0.2128
vn -0.5157 0.8411 0.1633
vn 0.3186 0.8043 0.5017
vn -0.2530 0.9502 0.1821
vn 0.1394 0.8473 0.5126
vn -0.4652 0.8801 0.0949
vn -0.1231 0.9758 0.1806
vn 0.3585 0.6939 0.6244
vn 0.3888 0.3469 0.8535
vn 0.3509 0.6752 0.6488
vn 0.1997 0.9162 0.3475
vn 0.0244 0.9893 0.1438
vn 0.3187 0.7984 0.5109
vn 0.1831 0.9733 0.1382
vn -0.9361 0.3320 -0.1160
vn -0.8315 0.5503 0.0753
vn -0.6537 0.7486 0.1113
vn -0.6436 0.7622 0.0687
vn -0.4534 0.8906 0.0358
vn -0.9229 0.3522 -0.1555
vn -0.8552 0.5182 -0.0128
vn -0.8738 0.4555 0.1702
vn -0.7089 0.7053 -0.0057
vn -0.7479 0.6625 0.0419
vn -0.5727 0.8071 0.1433
vn -0.7801 0.4489 0.4358
vn -0.6116 0.5275 0.5896
vn -0.5989 0.7152 0.3604
vn -0.4380 0.8089 0.3923
vn -0.3547 0.9255 0.1327
vn 0.1958 0.9806 0.0041
vn -0.4888 0.8573 0.1616
vn -0.3706 0.8798 0.2976
vn -0.3232 0.9390 0.1178
vn -0.1356 0.9890 0.0596
vn 0.1010 0.9948 -0.0124
vn 0.2093 -0.3866 0.8982
vn -0.7848 -0.3365 0.5205
vn -0.2925 -0.7193 0.6301
vn -0.8659 -0.4586 0.1997
vn 0.3177 -0.5016 0.8046
vn 0.3019 -0.3201 0.8980
vn -0.3783 -0.7487 0.5443
vn -0.0459 -0.7666 0.6405
vn 0.1250 -0.7294 0.6726
vn -0.9345 -0.1834 0.3050
vn -0.9982 -0.0223 -0.0560
vn -0.4251 -0.8156 0.3926
vn -0.1851 -0.9005 0.3935
vn -0.8035 -0.5175 0.2942
vn -0.6303 -0.7031 0.3293
vn 0.3312 -0.2244 0.9165
vn 0.2673 -0.6475 0.7136
vn 0.1073 -0.8826 0.4578
vn 0.0420 -0.9474 0.3174
vn -0.1080 -0.9522 0.2858
vn -0.0002 -0.9987 0.0515
vn -0.0149 -0.9805 0.1960
vn -0.1025 -0.9944 0.0263
vn -0.9574 -0.2261 0.1799
vn -0.7877 -0.5474 0.2826
vn -0.4690 -0.8707 0.1481
vn -0.9946 0.0090 -0.1033
vn -0.9788 -0.1533 0.1355
vn -0.9595 0.0679 0.2734
vn -0.8347 -0.4873 0.2564
vn -0.8343 -0.4354 0.3382
vn -0.9031 0.0366 0.4278
vn -0.8227 -0.0687 0.5643
vn -0.7506 -0.5657 0.3414
vn -0.2687 -0.9602 0.0769
vn -0.1240 -0.9900 0.0671
vn -0.0372 -0.9954 0.0879
vn -0.2527 -0.9596 0.1237
vn 0.0686 -0.9920 -0.1059
vn 0.1189 -0.9869 -0.1094
vn 0.3258 0.7853 0.5265
vn 0.3910 0.3544 0.8494
vn 0.2832 0.9042 0.3196
vn 0.4126 0.7855 0.4613
vn 0.3888 0.9124 0.1276
vn 0.4029 0.9008 -0.1620
vn 0.4622 0.4538 0.7619
vn 0.5088 0.8349 0.2100
vn 0.4062 0.9031 -0.1396
vn 0.1182 0.0796 0.9898
vn 0.7234 -0.0133 0.6903
vn 0.4242 0.6561 0.6241
vn 0.9047 0.4197 -0.0728
vn 0.7050 0.5433 -0.4559
vn 0.5694 0.3089 -0.7618
vn 0.5500 0.8333 -0.0557
vn 0.7167 0.3713 -0.5904
vn 0.6470 0.6552 -0.3899
vn 0.8947 0.1867 -0.4057
vn 0.4990 0.8354 -0.2304
vn 0.6360 0.7017 -0.3211
vn 0.7309 0.5433 -0.4131
vn 0.5527 0.0726 -0.8302
vn 0.2988 0.9543 -0.0100
vn 0.4413 0.8740 -0.2036
vn 0.2208 0.9665 -0.1310
vn 0.4620 0.8491 -0.2561
vn 0.5252 0.8134 -0.2502
vn 0.7573 0.5770 -0.3061
vn 0.8761 0.2797 -0.3926
vn 0.6675 0.6960 -0.2647
vn 0.5756 0.7143 -0.3980
vn 0.7423 0.5508 -0.3815
vn 0.4637 0.8379 -0.2880
vn 0.8616 0.3276 -0.3878
vn 0.7368 0.5257 -0.4252
vn 0.7845 -0.0901 -0.6135
vn 0.3405 -0.2113 0.9162
vn 0.1554 -0.8493 0.5045
vn -0.0445 -0.9968 0.0666
vn 0.0520 -0.9898 0.1329
vn 0.0503 -0.9987 0.0096
vn 0.3478 -0.4434 0.8261
vn 0.3477 -0.9193 0.1846
vn 0.2664 -0.6206 0.7375
vn 0.7927 -0.6092 0.0212
vn 0.5435 -0.7819 -0.3055
vn 0.4746 -0.5559 -0.6825
vn 0.1024 -0.9898 0.0989
vn 0.5706 -0.6624 -0.4855
vn 0.2673 -0.9527 -0.1443
vn 0.8139 -0.4658 -0.3473
vn 0.0677 -0.9977 0.0006
vn 0.1562 -0.9843 -0.0824
vn 0.4154 -0.8903 -0.1863
vn 0.5253 -0.3473 -0.7768
vn -0.0731 -0.9938 0.0836
vn -0.0408 -0.9971 0.0637
vn 0.0950 -0.9836 -0.1534
vn 0.2031 -0.9791 0.0028
vn 0.1900 -0.9814 -0.0267
vn 0.0936 -0.9932 -0.0698
vn 0.7918 -0.5158 -0.3270
vn 0.2721 -0.9502 -0.1519
vn 0.8529 -0.3624 -0.3758
vn 0.0461 -0.9904 -0.1304
vn 0.2738 -0.9482 -0.1613
vn 0.0220 -0.9989 0.0422
vn 0.2007 -0.9773 -0.0678
vn 0.6469 -0.6266 -0.4345
vn -0.6897 0.2422 0.6824
vn -0.8036 0.4467 0.3933
vn -0.5922 0.7414 0.3157
vn -0.5099 0.7471 0.4265
vn -0.3566 0.8822 0.3074
vn -0.5232 0.8308 0.1900
vn -0.6349 0.7264 0.2630
vn -0.8143 0.4574 0.3572
vn -0.4165 0.8889 0.1906
vn 0.0726 0.9894 -0.1260
vn -0.0435 0.9874 -0.1520
vn -0.2116 0.9703 -0.1171
vn 0.1125 0.9760 -0.1864
vn 0.0625 0.9618 -0.2665
vn -0.3815 0.3143 0.8693
vn -0.5422 0.7756 0.3232
vn -0.5932 0.7064 0.3861
vn -0.7820 0.4450 0.4363
vn -0.3321 0.9323 0.1430
vn -0.5575 0.6150 0.5576
vn -0.4266 0.9037 0.0357
vn -0.4031 0.5428 0.7368
vn -0.4988 0.7517 0.4316
vn -0.7623 0.6447 0.0579
vn -0.3028 0.6442 -0.7024
vn -0.7681 0.0740 -0.6360
vn -0.1888 -0.0315 -0.9815
vn -0.4455 0.8843 -0.1398
vn -0.3902 0.4170 -0.8209
vn -0.2861 0.7883 -0.5447
vn -0.1233 0.9060 -0.4048
vn -0.0862 0.8421 -0.5323
vn -0.0045 0.9393 -0.3432
vn -0.2201 0.6058 -0.7646
vn -0.3354 0.2851 -0.8979
vn -0.1598 0.7459 -0.6467
vn -0.8479 -0.2723 0.4550
vn -0.9030 -0.0166 0.4293
vn -0.5963 -0.6954 0.4010
vn -0.6939 -0.6312 0.3466
vn -0.3389 -0.9180 0.2062
vn -0.9095 -0.0427 0.4136
vn -0.7524 -0.5609 0.3455
vn -0.5403 -0.8060 0.2417
vn -0.7683 -0.5034 0.3955
vn 0.0334 -0.9994 0.0097
vn -0.0976 -0.9947 0.0321
vn -0.0478 -0.9952 0.0855
vn -0.2669 -0.9631 -0.0339
vn -0.0132 -0.9999 -0.0074
vn -0.3387 -0.9321 0.1283
vn -0.4646 -0.0599 0.8835
vn -0.5828 -0.7737 0.2483
vn -0.8873 -0.1003 0.4502
vn -0.7154 -0.6318 0.2985
vn -0.7272 -0.3709 0.5776
vn -0.6185 -0.7835 0.0593
vn -0.3638 -0.9113 -0.1927
vn -0.5124 -0.7506 -0.4171
vn -0.5373 -0.3181 0.7811
vn -0.7061 -0.5287 0.4711
vn -0.9168 -0.3841 0.1097
vn -0.4722 -0.6108 -0.6356
vn -0.6611 -0.7429 -0.1049
vn -0.4874 -0.3862 -0.7831
vn -0.4141 -0.5889 -0.6940
vn -0.0963 -0.9800 -0.1742
vn -0.2760 -0.8388 -0.4693
vn -0.1142 -0.9721 -0.2046
vn -0.0953 -0.9830 -0.1569
vn -0.4233 -0.2491 -0.8711
vn -0.4058 -0.3435 -0.8470
vn 0.3263 0.9186 -0.2228
vn 0.5447 0.7672 -0.3389
vn 0.4472 0.8551 -0.2624
vn 0.1815 0.9438 -0.2761
vn 0.2927 0.9233 -0.2486
vn 0.3362 0.8998 -0.2780
vn 0.7511 0.5720 -0.3297
vn 0.7088 0.6797 -0.1885
vn 0.7575 0.3180 -0.5702
vn 0.8568 0.2070 -0.4723
vn 0.7406 0.6541 -0.1536
vn 0.4934 0.8458 -0.2032
vn 0.9287 0.2184 -0.2996
vn 0.6721 0.7042 -0.2289
vn 0.9069 0.3523 -0.2312
vn 0.9916 0.1205 0.0466
vn 0.5064 0.8116 -0.2911
vn 0.9182 0.3164 -0.2384
vn 0.9970 0.0770 0.0026
vn 0.1016 0.8983 -0.4275
vn -0.0876 0.7455 -0.6608
vn -0.2168 0.6167 -0.7567
vn -0.3277 0.3299 -0.8853
vn -0.3066 0.3978 -0.8647
vn 0.7345 0.6147 -0.2873
vn 0.2361 0.8632 -0.4463
vn 0.5800 0.7310 -0.3596
vn 0.9017 0.2597 -0.3457
vn -0.3099 0.5469 -0.7777
vn -0.4949 0.4023 -0.7703
vn 0.8764 0.4186 -0.2383
vn 0.9878 -0.1540 -0.0216
vn 0.2915 0.7840 -0.5481
vn 0.6615 0.4643 -0.5889
vn 0.2781 -0.1632 -0.9466
vn 0.0820 -0.9955 0.0471
vn 0.1922 -0.9747 0.1144
vn 0.2938 -0.9521 0.0843
vn -0.0913 -0.9897 -0.1101
vn -0.0606 -0.9883 -0.1401
vn 0.0112 -0.9971 -0.0758
vn 0.0058 -0.9959 0.0908
vn 0.2502 -0.9679 -0.0226
vn 0.7173 -0.6211 -0.3159
vn 0.2148 -0.9766 0.0089
vn 0.0548 -0.9985 0.0071
vn 0.8157 -0.5060 -0.2805
vn 0.6200 -0.7525 -0.2220
vn 0.9164 -0.3896 0.0924
vn 0.0782 -0.9954 -0.0552
vn -0.0230 -0.9995 -0.0235
vn 0.7362 -0.6552 -0.1691
vn 0.3249 -0.9423 -0.0805
vn 0.9385 -0.3443 0.0259
vn -0.0725 -0.9898 -0.1230
vn -0.0706 -0.9973 -0.0220
vn -0.0802 -0.9790 -0.1874
vn -0.2928 -0.8418 -0.4534
vn -0.3429 -0.5493 -0.7620
vn 0.2009 -0.9733 -0.1110
vn 0.7658 -0.5892 -0.2575
vn 0.1022 -0.9623 -0.2522
vn -0.3246 -0.6759 -0.6616
vn -0.5734 -0.4549 -0.6814
vn 0.6726 -0.7286 -0.1293
vn 0.4992 -0.7526 -0.4294
vt 0.514265 0.009442
vt 0.519387 0.029391
vt 0.513118 0.029096
vt 0.535826 0.597077
vt 0.528124 0.627894
vt 0.527543 0.597620
vt 0.285715 0.425920
vt 0.265921 0.427691
vt 0.254399 0.410536
vt 0.329841 0.426959
vt 0.307492 0.437788
vt 0.517875 0.047126
vt 0.504479 0.048687
vt 0.507044 0.033631
vt 0.254585 0.436145
vt 0.267747 0.463575
vt 0.255678 0.453921
vt 0.513246 0.063879
vt 0.517659 0.056618
vt 0.522037 0.067061
vt 0.503236 0.068378
vt 0.511918 0.069300
vt 0.504007 0.074884
vt 0.257403 0.463505
vt 0.285609 0.438293
vt 0.277828 0.468336
vt 0.293741 0.474133
vt 0.323598 0.452509
vt 0.286261 0.477502
vt 0.276364 0.492339
vt 0.254055 0.419557
vt 0.532787 0.410932
vt 0.540734 0.399732
vt 0.541201 0.407342
vt 0.498783 0.031511
vt 0.491670 0.025428
vt 0.497479 0.011965
vt 0.400036 0.417454
vt 0.399861 0.406934
vt 0.403893 0.409649
vt 0.523989 0.418152
vt 0.500665 0.412335
vt 0.530437 0.457593
vt 0.541909 0.430767
vt 0.542335 0.441684
vt 0.496647 0.048257
vt 0.485084 0.044506
vt 0.495086 0.033009
vt 0.484341 0.053949
vt 0.490994 0.050288
vt 0.540099 0.464404
vt 0.540513 0.451208
vt 0.539486 0.470749
vt 0.493438 0.068034
vt 0.484279 0.067125
vt 0.493865 0.059273
vt 0.506902 0.466647
vt 0.486559 0.450857
vt 0.504783 0.426188
vt 0.472706 0.427018
vt 0.525742 0.457476
vt 0.521950 0.473489
vt 0.503224 0.476854
vt 0.468949 0.458598
vt 0.485418 0.033584
vt 0.556482 0.609168
vt 0.548131 0.641937
vt 0.547930 0.597097
vt 0.352889 0.410316
vt 0.337072 0.414742
vt 0.274988 0.413215
vt 0.371638 0.411782
vt 0.349181 0.438843
vt 0.361746 0.426049
vt 0.359519 0.437768
vt 0.537615 0.727652
vt 0.531330 0.727114
vt 0.531261 0.725732
vt 0.527543 0.713987
vt 0.516460 0.245364
vt 0.515121 0.240753
vt 0.522542 0.230271
vt 0.529891 0.244059
vt 0.522421 0.252048
vt 0.369266 0.430484
vt 0.377974 0.424943
vt 0.372751 0.439703
vt 0.376537 0.420368
vt 0.358039 0.464816
vt 0.357162 0.485274
vt 0.345751 0.494203
vt 0.367493 0.449037
vt 0.371753 0.482207
vt 0.365085 0.482253
vt 0.521290 0.300959
vt 0.513530 0.302769
vt 0.519140 0.290460
vt 0.533958 0.292773
vt 0.530344 0.274507
vt 0.521416 0.271353
vt 0.009055 0.380563
vt 0.014185 0.390000
vt 0.009055 0.399216
vt 0.557281 0.690637
vt 0.548993 0.684436
vt 0.447235 0.396067
vt 0.456808 0.400047
vt 0.423050 0.397334
vt 0.452802 0.416081
vt 0.465485 0.409320
vt 0.435501 0.411499
vt 0.412422 0.397060
vt 0.410942 0.390730
vt 0.420030 0.406339
vt 0.417993 0.411384
vt 0.413446 0.420277
vt 0.407710 0.410583
vt 0.424957 0.427676
vt 0.427213 0.415025
vt 0.431205 0.447286
vt 0.437935 0.425585
vt 0.456506 0.469585
vt 0.449162 0.429993
vt 0.406336 0.431142
vt 0.418267 0.441018
vt 0.408496 0.473752
vt 0.414875 0.459895
vt 0.418243 0.471649
vt 0.426628 0.457521
vt 0.439028 0.471110
vt 0.257672 0.487067
vt 0.266271 0.489573
vt 0.254760 0.501247
vt 0.255577 0.516606
vt 0.499554 0.077250
vt 0.517362 0.080149
vt 0.515931 0.094488
vt 0.502146 0.094054
vt 0.512648 0.113715
vt 0.502658 0.125335
vt 0.517397 0.109761
vt 0.522831 0.120302
vt 0.298034 0.495600
vt 0.283557 0.529683
vt 0.267909 0.540936
vt 0.315216 0.514576
vt 0.512182 0.130286
vt 0.504729 0.139709
vt 0.255565 0.557707
vt 0.251674 0.552552
vt 0.259535 0.540311
vt 0.515378 0.139254
vt 0.563360 0.051567
vt 0.560211 0.044392
vt 0.563170 0.017125
vt 0.555934 0.114219
vt 0.296178 0.540758
vt 0.273303 0.544079
vt 0.309385 0.532489
vt 0.262522 0.527615
vt 0.554308 0.007574
vt 0.496062 0.089972
vt 0.490991 0.083514
vt 0.528619 0.487719
vt 0.537947 0.476341
vt 0.539457 0.486812
vt 0.541463 0.505179
vt 0.514125 0.484647
vt 0.525296 0.526896
vt 0.528113 0.520467
vt 0.510822 0.516381
vt 0.484634 0.127284
vt 0.493533 0.122174
vt 0.490649 0.139456
vt 0.538234 0.547301
vt 0.528080 0.537343
vt 0.540947 0.542103
vt 0.542467 0.524501
vt 0.542415 0.536805
vt 0.539874 0.531595
vt 0.511186 0.545214
vt 0.488341 0.530032
vt 0.511968 0.527145
vt 0.532819 0.514578
vt 0.472526 0.519497
vt 0.487142 0.505729
vt 0.538984 0.051875
vt 0.532059 0.033169
vt 0.543530 0.006426
vt 0.365176 0.490949
vt 0.353764 0.498470
vt 0.352785 0.534832
vt 0.336447 0.531795
vt 0.509927 0.311555
vt 0.523007 0.315103
vt 0.513465 0.316426
vt 0.375107 0.506406
vt 0.362615 0.503998
vt 0.368419 0.495712
vt 0.529802 0.321684
vt 0.517873 0.327152
vt 0.532225 0.334996
vt 0.518436 0.336738
vt 0.526885 0.332532
vt 0.530715 0.350579
vt 0.524696 0.358963
vt 0.343681 0.545108
vt 0.299837 0.547256
vt 0.355512 0.558025
vt 0.366767 0.542294
vt 0.372884 0.551969
vt 0.554411 0.106206
vt 0.547293 0.095076
vt 0.550595 0.053877
vt 0.543991 0.135061
vt 0.376666 0.542878
vt 0.382790 0.553918
vt 0.383004 0.561334
vt 0.533212 0.372350
vt 0.525528 0.374921
vt 0.429613 0.343917
vt 0.422589 0.347898
vt 0.424136 0.344536
vt 0.535827 0.352487
vt 0.507116 0.324541
vt 0.431977 0.484366
vt 0.449265 0.471766
vt 0.443862 0.522885
vt 0.436958 0.486804
vt 0.456114 0.480104
vt 0.424037 0.471006
vt 0.422808 0.481146
vt 0.418504 0.483505
vt 0.418039 0.493248
vt 0.409776 0.488985
vt 0.417598 0.502021
vt 0.406001 0.501032
vt 0.410808 0.498245
vt 0.409630 0.522692
vt 0.405230 0.516348
vt 0.423181 0.499319
vt 0.438555 0.544974
vt 0.453555 0.529772
vt 0.430920 0.534179
vt 0.517544 0.548294
vt 0.443638 0.547964
vt 0.415696 0.553850
vt 0.460284 0.554342
vt 0.419096 0.535817
vt 0.419242 0.545267
vt 0.430006 0.524848
vt 0.408333 0.541642
vt 0.402089 0.537469
vt 0.405149 0.557113
vt 0.407425 0.548362
vt 0.408546 0.554117
vt 0.402077 0.518592
vt 0.336278 0.482142
vt 0.272528 0.488421
vt 0.264865 0.480784
vt 0.535385 0.304966
vt 0.530842 0.307748
vt 0.306933 0.424005
vt 0.528688 0.399133
vt 0.423824 0.105138
vt 0.427586 0.110303
vt 0.423824 0.115509
vt 0.336096 0.007152
vt 0.340646 0.004504
vt 0.340631 0.009704
vt 0.013054 0.343559
vt 0.016298 0.345966
vt 0.008992 0.346434
vt 0.536959 0.681780
vt 0.502416 0.031741
vt 0.506697 0.013020
vt 0.537031 0.703667
vt 0.548926 0.726703
vt 0.538189 0.291393
vt 0.540571 0.265035
vt 0.246777 0.426626
vt 0.244865 0.429613
vt 0.242466 0.426644
vt 0.055874 0.437721
vt 0.058768 0.442321
vt 0.055874 0.445825
vt 0.535886 0.090267
vt 0.435020 0.384858
vt 0.437719 0.389962
vt 0.435020 0.395163
vt 0.541713 0.387310
vt 0.539330 0.391110
vt 0.536749 0.387387
vt 0.529876 0.590293
vt 0.536233 0.590696
vt 0.429613 0.044272
vt 0.429613 0.050662
vt 0.426596 0.046977
vt 0.246285 0.415658
vt 0.246855 0.410132
vt 0.378124 0.407322
vt 0.378124 0.400175
vt 0.384358 0.400687
vt 0.385030 0.406275
vt 0.012510 0.352607
vt 0.018238 0.351502
vt 0.507454 0.004109
vt 0.514919 0.003881
vt 0.506050 0.060678
vt 0.284792 0.410229
vt 0.529006 0.695607
vt 0.509051 0.051085
vt 0.265575 0.474454
vt 0.522161 0.073417
vt 0.273565 0.474520
vt 0.340862 0.001543
vt 0.334463 0.002596
vt 0.008156 0.343498
vt 0.012541 0.339802
vt 0.547027 0.590405
vt 0.551522 0.588433
vt 0.555547 0.597023
vt 0.549175 0.398540
vt 0.548056 0.422277
vt 0.405295 0.403355
vt 0.399861 0.401365
vt 0.018238 0.340703
vt 0.494526 0.074585
vt 0.483995 0.073440
vt 0.493374 0.001772
vt 0.516280 0.456046
vt 0.115295 0.356721
vt 0.115295 0.352302
vt 0.121609 0.355032
vt 0.118554 0.360476
vt 0.340841 0.014185
vt 0.334463 0.012875
vt 0.123615 0.358016
vt 0.122100 0.360713
vt 0.526718 0.236628
vt 0.383004 0.409674
vt 0.117826 0.346581
vt 0.123344 0.349386
vt 0.514628 0.260239
vt 0.004053 0.058990
vt 0.002846 0.064847
vt 0.002846 0.058181
vt 0.382868 0.437014
vt 0.385030 0.442644
vt 0.378644 0.445825
vt 0.378644 0.438324
vt 0.376635 0.453424
vt 0.517103 0.273982
vt 0.404183 0.389182
vt 0.403293 0.395801
vt 0.398939 0.393829
vt 0.397600 0.389047
vt 0.555986 0.714371
vt 0.440478 0.353277
vt 0.443798 0.349977
vt 0.443798 0.356660
vt 0.441422 0.356219
vt 0.408293 0.402666
vt 0.404350 0.400028
vt 0.405904 0.457563
vt 0.405791 0.471213
vt 0.505896 0.145744
vt 0.515296 0.145906
vt 0.410779 0.103274
vt 0.410779 0.096682
vt 0.415529 0.098147
vt 0.417454 0.102515
vt 0.251061 0.545864
vt 0.061175 0.441235
vt 0.062127 0.438348
vt 0.064847 0.437143
vt 0.064847 0.443798
vt 0.244601 0.558010
vt 0.244027 0.551818
vt 0.560920 0.006587
vt 0.412305 0.109430
vt 0.417419 0.109408
vt 0.046719 0.462036
vt 0.046531 0.454858
vt 0.050503 0.453040
vt 0.052688 0.458147
vt 0.291676 0.555319
vt 0.483276 0.107910
vt 0.014185 0.113787
vt 0.001521 0.117536
vt 0.001521 0.103098
vt 0.482248 0.089462
vt 0.482523 0.078949
vt 0.482248 0.139537
vt 0.489039 0.145244
vt 0.482438 0.144785
vt 0.473723 0.485868
vt 0.003254 0.119344
vt 0.007971 0.117811
vt 0.008106 0.123930
vt 0.001386 0.122960
vt 0.070927 0.443798
vt 0.068250 0.442520
vt 0.067318 0.439627
vt 0.070927 0.437174
vt 0.547437 0.542213
vt 0.546840 0.548422
vt 0.534057 0.012673
vt 0.537132 0.004398
vt 0.006791 0.129694
vt 0.001386 0.128549
vt 0.050514 0.445361
vt 0.046370 0.443318
vt 0.046473 0.438440
vt 0.052688 0.441283
vt 0.376408 0.515995
vt 0.527760 0.038866
vt 0.531606 0.314451
vt 0.382721 0.538034
vt 0.527531 0.382472
vt 0.533213 0.380581
vt 0.539146 0.382728
vt 0.518850 0.363674
vt 0.547645 0.141775
vt 0.422589 0.337939
vt 0.428400 0.353880
vt 0.424918 0.354633
vt 0.410094 0.480395
vt 0.527760 0.109744
vt 0.397600 0.548908
vt 0.401244 0.546434
vt 0.397801 0.553412
vt 0.397701 0.557281
vt 0.344501 0.007446
vt 0.497198 0.003420
vt 0.435692 0.022087
vt 0.435692 0.032424
vt 0.432602 0.027883
vt 0.435692 0.038498
vt 0.435407 0.046348
vt 0.431483 0.050662
vt 0.431483 0.032509
vt 0.381865 0.421480
vt 0.385030 0.416037
vt 0.385030 0.425560
vt 0.417454 0.079069
vt 0.417410 0.082721
vt 0.414344 0.087138
vt 0.414344 0.075109
vt 0.437719 0.347070
vt 0.437719 0.358686
vt 0.434342 0.355410
vt 0.434284 0.350544
vt 0.033800 0.431639
vt 0.034349 0.426856
vt 0.038503 0.426777
vt 0.038503 0.431574
vt 0.543095 0.236638
vt 0.540275 0.244472
vt 0.403269 0.437888
vt 0.400245 0.441772
vt 0.400245 0.433475
vt 0.035927 0.423897
vt 0.539042 0.733584
vt 0.547468 0.733509
vt 0.433666 0.098610
vt 0.433666 0.115509
vt 0.430595 0.111029
vt 0.430803 0.103330
vt 0.379392 0.427158
vt 0.383374 0.429611
vt 0.387057 0.330823
vt 0.387057 0.342474
vt 0.382709 0.339112
vt 0.382691 0.334227
vt 0.242389 0.421886
vt 0.247230 0.421886
vt 0.403269 0.416695
vt 0.403269 0.433666
vt 0.398958 0.429049
vt 0.398923 0.421324
vt 0.553474 0.001791
vt 0.545032 0.001011
vt 0.539721 0.307656
vt 0.540845 0.314348
vt 0.540368 0.322924
vt 0.433666 0.069449
vt 0.433181 0.076685
vt 0.430091 0.081059
vt 0.430091 0.063999
vt 0.539237 0.334910
vt 0.542466 0.350318
vt 0.435668 0.087251
vt 0.435692 0.090780
vt 0.433304 0.095244
vt 0.433304 0.083010
vt 0.543039 0.332274
vt 0.532606 0.133826
vt 0.539212 0.352442
vt 0.542112 0.371410
vt 0.543269 0.141801
vt 0.532988 0.140852
vt 0.539932 0.144995
vt 0.535199 0.144741
vt 0.543095 0.380399
vt 0.536975 0.151986
s 1
usemtl Laptop
f 317/563/274 321/564/278 332/565/289
f 314/566/271 323/567/280 320/568/277
f 326/569/283 322/570/279 320/571/277
f 394/572/351 329/573/286 326/569/283
f 321/564/278 333/574/290 332/565/289
f 333/574/290 335/575/292 331/576/288
f 321/577/278 334/578/291 333/579/290
f 339/580/296 338/581/295 340/582/297
f 341/583/298 343/584/300 342/585/299
f 334/578/291 338/586/295 333/579/290
f 327/587/284 345/588/302 322/570/279
f 329/573/286 351/589/308 327/587/284
f 346/590/303 351/589/308 329/573/286
f 345/588/302 350/591/307 349/592/306
f 351/589/308 350/591/307 327/587/284
f 322/570/279 321/577/278 319/593/276
f 364/594/321 359/595/316 363/596/320
f 362/597/319 365/598/322 361/599/318
f 361/600/318 358/601/315 355/602/312
f 371/603/328 370/604/327 364/594/321
f 377/605/334 366/606/323 376/607/333
f 378/608/335 376/609/333 375/610/332
f 381/611/338 376/609/333 379/612/336
f 382/613/339 377/605/334 381/614/338
f 385/615/342 377/605/334 382/613/339
f 383/616/340 382/617/339 380/618/337
f 381/614/338 377/605/334 376/607/333
f 380/618/337 381/611/338 379/612/336
f 390/619/347 388/620/345 372/621/329
f 388/620/345 374/622/331 372/621/329
f 390/619/347 386/623/343 389/624/346
f 391/625/348 388/620/345 390/619/347
f 391/625/348 448/626/405 388/620/345
f 366/627/323 365/598/322 375/610/332
f 366/606/323 364/594/321 363/596/320
f 360/628/317 367/629/324 357/630/314
f 325/631/282 392/632/349 318/633/275
f 392/632/349 325/631/282 395/634/352
f 394/572/351 415/635/372 329/573/286
f 395/634/352 396/636/353 394/572/351
f 396/636/353 397/637/354 415/635/372
f 398/638/355 400/639/357 399/640/356
f 398/638/355 399/640/356 395/641/352
f 409/642/366 407/643/364 399/644/356
f 410/645/367 413/646/370 409/642/366
f 411/647/368 409/648/366 412/649/369
f 407/650/364 409/648/366 411/647/368
f 416/651/373 418/652/375 534/653/491
f 419/654/376 423/655/380 425/656/382
f 427/657/384 423/658/380 424/659/381
f 426/660/383 427/657/384 424/659/381
f 421/661/378 424/659/381 420/662/377
f 411/663/368 412/664/369 419/665/376
f 396/636/353 411/647/368 397/637/354
f 397/637/354 419/654/376 416/651/373
f 416/651/373 425/656/382 418/652/375
f 368/666/325 429/667/386 367/629/324
f 368/668/325 369/669/326 430/670/387
f 431/671/388 370/604/327 374/622/331
f 431/671/388 373/672/330 370/604/327
f 432/673/389 430/670/387 373/672/330
f 432/673/389 373/672/330 431/671/388
f 435/674/392 434/675/391 430/670/387
f 440/676/397 442/677/399 435/674/392
f 446/678/403 443/679/400 442/677/399
f 430/670/387 440/676/397 435/674/392
f 442/677/399 445/680/402 446/678/403
f 442/677/399 444/681/401 445/680/402
f 442/677/399 440/676/397 444/681/401
f 450/682/407 433/683/390 451/684/408
f 449/685/406 374/622/331 448/626/405
f 451/684/408 449/685/406 448/626/405
f 454/686/411 446/678/403 455/687/412
f 455/687/412 446/678/403 445/680/402
f 461/688/418 458/689/415 460/690/417
f 455/687/412 450/682/407 457/691/414
f 433/683/390 431/671/388 449/685/406
f 449/685/406 431/671/388 374/622/331
f 444/681/401 432/673/389 433/683/390
f 453/692/410 457/691/414 450/682/407
f 465/693/422 466/694/423 464/695/421
f 464/695/421 466/694/423 467/696/424
f 462/697/419 465/698/422 464/699/421
f 463/700/420 468/701/425 469/702/426
f 468/701/425 467/703/424 470/704/427
f 471/705/428 472/706/429 350/591/307
f 349/592/306 472/706/429 473/707/430
f 471/705/428 474/708/431 472/706/429
f 469/702/426 478/709/435 479/710/436
f 473/707/430 491/711/448 482/712/439
f 480/713/437 473/707/430 482/712/439
f 477/714/434 478/709/435 470/704/427
f 497/715/454 495/716/452 491/717/448
f 495/716/452 497/715/454 554/718/511
f 472/706/429 494/719/451 492/720/449
f 472/706/429 475/721/432 494/719/451
f 349/592/306 470/722/427 466/694/423
f 495/716/452 490/723/447 491/717/448
f 473/707/430 480/713/437 470/722/427
f 499/724/456 498/725/455 462/697/419
f 502/726/459 500/727/457 501/728/458
f 502/726/459 501/728/458 504/729/461
f 502/726/459 507/730/464 389/624/346
f 510/731/467 502/726/459 512/732/469
f 511/733/468 507/730/464 510/731/467
f 506/734/463 503/735/460 515/736/472
f 520/737/477 519/738/476 518/739/475
f 506/740/463 516/741/473 514/742/471
f 518/739/475 514/742/471 516/741/473
f 529/743/486 519/738/476 520/737/477
f 530/744/487 528/745/485 519/738/476
f 512/732/469 505/746/462 514/742/471
f 572/747/529 509/748/466 528/745/485
f 502/726/459 389/624/346 500/727/457
f 532/749/489 527/750/484 526/751/483
f 535/752/492 536/753/493 418/652/375
f 538/754/495 537/755/494 534/653/491
f 536/753/493 538/754/495 534/653/491
f 535/756/492 540/757/497 541/758/498
f 544/759/501 545/760/502 541/761/498
f 546/762/503 544/763/501 540/757/497
f 549/764/506 547/765/504 548/766/505
f 551/767/508 558/768/515 547/765/504
f 553/769/510 493/770/450 494/719/451
f 553/769/510 554/771/511 493/770/450
f 538/754/495 553/769/510 537/755/494
f 539/772/496 553/769/510 538/754/495
f 559/773/516 554/771/511 553/769/510
f 555/774/512 556/775/513 496/776/453
f 555/774/512 557/777/514 556/775/513
f 550/778/507 559/773/516 539/772/496
f 560/779/517 566/780/523 559/773/516
f 561/781/518 560/782/517 558/768/515
f 566/783/523 563/784/520 562/785/519
f 552/786/509 558/768/515 551/767/508
f 541/758/498 545/787/502 535/756/492
f 545/760/502 539/772/496 536/753/493
f 570/788/527 453/692/410 452/789/409
f 573/790/530 571/791/528 569/792/526
f 459/793/416 575/794/532 460/690/417
f 575/794/532 576/795/533 460/690/417
f 570/788/527 575/794/532 459/793/416
f 578/796/535 580/797/537 576/795/533
f 583/798/540 582/799/539 581/800/538
f 586/801/543 585/802/542 583/798/540
f 571/791/528 579/803/536 570/788/527
f 531/804/488 588/805/545 530/744/487
f 531/804/488 589/806/546 588/805/545
f 531/804/488 527/807/484 591/808/548
f 592/809/549 591/808/548 533/810/490
f 588/805/545 573/790/530 572/747/529
f 584/811/541 589/806/546 590/812/547
f 589/806/546 584/811/541 574/813/531
f 593/814/550 594/815/551 586/801/543
f 597/816/554 595/817/552 596/818/553
f 586/801/543 587/819/544 585/802/542
f 589/806/546 574/813/531 573/790/530
f 342/585/299 465/698/422 462/697/419
f 351/589/308 417/820/374 471/705/428
f 351/589/308 471/705/428 350/591/307
f 348/821/305 466/694/423 344/822/301
f 389/624/346 385/615/342 500/727/457
f 425/656/382 423/655/380 535/752/492
f 427/657/384 428/823/385 542/824/499
f 427/657/384 542/824/499 540/757/497
f 425/656/382 535/752/492 418/652/375
f 569/792/526 451/684/408 448/626/405
f 392/632/349 328/825/285 318/633/275
f 346/590/303 417/820/374 351/589/308
f 373/672/330 369/669/326 360/826/317
f 355/827/312 310/828/267 311/829/268
f 310/830/267 353/831/310 308/832/265
f 352/833/309 312/834/269 307/835/264
f 314/566/271 367/629/324 324/836/281
f 330/837/287 362/597/319 316/838/273
f 324/836/281 429/667/386 393/839/350
f 393/839/350 434/840/391 398/638/355
f 456/841/413 421/661/378 454/842/411
f 456/841/413 426/660/383 421/661/378
f 428/823/385 426/660/383 456/841/413
f 469/702/426 503/735/460 463/700/420
f 463/700/420 503/735/460 499/724/456
f 485/843/442 487/844/444 523/845/480
f 524/846/481 488/847/445 486/848/443
f 496/776/453 532/749/489 490/723/447
f 556/775/513 533/849/490 496/776/453
f 598/850/555 565/851/522 564/852/521
f 599/853/556 568/854/525 567/855/524
f 315/856/272 313/857/270 314/566/271 320/568/277
f 307/858/264 309/859/266 308/860/265
f 317/861/274 315/862/272 320/571/277 319/593/276
f 317/861/274 319/593/276 321/577/278
f 320/571/277 322/570/279 319/593/276
f 315/863/272 311/864/268 309/865/266 313/866/270
f 309/867/266 307/835/264 312/834/269 313/868/270
f 316/838/273 311/869/268 315/870/272 317/563/274
f 316/838/273 317/563/274 332/565/289
f 343/584/300 341/583/298 337/871/294 339/580/296
f 318/633/275 320/571/277 323/872/280
f 314/566/271 324/836/281 323/567/280
f 323/872/280 325/631/282 318/633/275
f 324/836/281 325/873/282 323/567/280
f 318/633/275 326/569/283 320/571/277
f 326/569/283 327/587/284 322/570/279
f 328/825/285 394/572/351 326/569/283
f 318/633/275 328/825/285 326/569/283
f 326/569/283 329/573/286 327/587/284
f 332/565/289 333/574/290 331/576/288
f 322/570/279 334/578/291 321/577/278
f 333/574/290 336/874/293 335/575/292
f 334/578/291 340/875/297 338/586/295
f 465/698/422 343/584/300 344/876/301
f 343/584/300 340/582/297 344/876/301
f 339/580/296 340/582/297 343/584/300
f 338/581/295 339/580/296 337/871/294
f 337/871/294 336/874/293 333/574/290 338/581/295
f 348/821/305 347/877/304 345/588/302 349/592/306
f 330/837/287 316/838/273 332/565/289 331/576/288
f 327/587/284 350/591/307 345/588/302
f 347/877/304 340/875/297 334/578/291 345/588/302
f 322/570/279 345/588/302 334/578/291
f 348/821/305 344/822/301 340/875/297 347/877/304
f 354/878/311 353/831/310 310/830/267 355/879/312
f 352/833/309 307/835/264 353/880/310 354/881/311
f 357/630/314 356/882/313 358/883/315 359/884/316
f 358/885/315 365/886/322 366/606/323 363/596/320
f 359/884/316 360/628/317 357/630/314
f 354/887/311 355/602/312 358/601/315 356/888/313
f 358/885/315 363/596/320 359/595/316
f 312/834/269 352/833/309 354/881/311 356/889/313
f 383/616/340 384/890/341 385/891/342 382/617/339
f 361/599/318 365/598/322 358/892/315
f 360/826/317 369/669/326 368/668/325
f 360/628/317 368/666/325 367/629/324
f 364/594/321 370/604/327 360/826/317
f 371/603/328 372/621/329 370/604/327
f 370/604/327 373/672/330 360/826/317
f 372/621/329 374/622/331 370/604/327
f 375/610/332 376/609/333 366/627/323
f 366/606/323 377/605/334 364/594/321
f 378/608/335 379/612/336 376/609/333
f 380/618/337 382/617/339 381/611/338
f 372/621/329 371/603/328 387/893/344 390/619/347
f 386/623/343 387/893/344 371/603/328
f 371/603/328 364/594/321 377/605/334 386/623/343
f 386/623/343 390/619/347 387/893/344
f 362/597/319 375/610/332 365/598/322
f 364/594/321 360/826/317 359/595/316
f 377/605/334 385/615/342 389/624/346 386/623/343
f 406/894/363 405/895/362 403/896/360 404/897/361
f 324/836/281 393/839/350 325/873/282
f 392/632/349 394/572/351 328/825/285
f 310/830/267 308/832/265 309/898/266 311/899/268
f 392/632/349 395/634/352 394/572/351
f 394/572/351 396/636/353 415/635/372
f 393/839/350 398/638/355 395/641/352
f 404/897/361 403/896/360 401/900/358 402/901/359
f 409/642/366 399/644/356 408/902/365 410/645/367
f 407/650/364 396/636/353 395/634/352 399/903/356
f 396/636/353 407/650/364 411/647/368
f 405/895/362 400/904/357 398/905/355 403/896/360
f 409/642/366 413/646/370 412/906/369
f 400/907/357 408/908/365 399/909/356
f 414/910/371 408/911/365 400/912/357 405/913/362
f 420/662/377 413/646/370 410/645/367 421/661/378
f 346/590/303 415/635/372 417/820/374
f 415/635/372 397/637/354 416/651/373
f 415/635/372 534/653/491 417/820/374
f 415/635/372 416/651/373 534/653/491
f 419/654/376 412/649/369 422/914/379
f 412/906/369 420/662/377 422/915/379
f 421/661/378 426/660/383 424/659/381
f 426/660/383 428/823/385 427/657/384
f 422/915/379 424/659/381 423/658/380
f 419/654/376 422/914/379 423/655/380
f 422/915/379 420/662/377 424/659/381
f 329/573/286 415/635/372 346/590/303
f 436/916/393 438/917/395 439/918/396 437/919/394
f 412/906/369 413/646/370 420/662/377
f 393/839/350 395/641/352 325/873/282
f 416/651/373 419/654/376 425/656/382
f 411/647/368 419/654/376 397/637/354
f 368/666/325 430/920/387 429/667/386
f 373/672/330 430/670/387 369/669/326
f 433/683/390 432/673/389 431/671/388
f 401/921/358 436/922/393 437/923/394 402/924/359
f 441/925/398 435/674/392 442/677/399 443/679/400
f 434/675/391 435/674/392 438/917/395 436/916/393
f 435/674/392 441/925/398 447/926/404 438/917/395
f 450/682/407 451/684/408 452/789/409 453/692/410
f 388/620/345 448/626/405 374/622/331
f 454/686/411 455/687/412 458/689/415 456/927/413
f 451/684/408 433/683/390 449/685/406
f 458/689/415 457/691/414 459/793/416 460/690/417
f 450/682/407 455/687/412 445/680/402
f 455/687/412 457/691/414 458/689/415
f 456/927/413 458/689/415 461/688/418 428/928/385
f 481/929/438 479/710/436 477/714/434 482/930/439
f 446/678/403 454/686/411 443/679/400
f 430/920/387 434/840/391 429/667/386
f 432/673/389 440/676/397 430/670/387
f 444/681/401 440/676/397 432/673/389
f 450/682/407 445/680/402 433/683/390
f 453/692/410 459/793/416 457/691/414
f 433/683/390 445/680/402 444/681/401
f 462/697/419 464/699/421 463/700/420
f 467/703/424 468/701/425 464/699/421
f 464/699/421 468/701/425 463/700/420
f 467/696/424 466/694/423 470/722/427
f 349/592/306 350/591/307 472/706/429
f 472/706/429 474/708/431 475/721/432
f 486/931/443 485/932/442 483/933/440 484/934/441
f 478/709/435 477/714/434 479/710/436
f 477/935/434 470/722/427 480/713/437
f 477/935/434 480/713/437 482/712/439
f 488/936/445 487/937/444 485/938/442 486/939/443
f 489/940/446 481/941/438 482/712/439 491/711/448
f 489/942/446 491/717/448 490/723/447
f 490/943/447 486/931/443 484/934/441 489/944/446
f 489/945/446 484/946/441 476/947/433 481/948/438
f 497/949/454 491/711/448 492/720/449 493/770/450
f 499/724/456 503/735/460 504/950/461 498/725/455
f 492/720/449 494/719/451 493/770/450
f 495/716/452 496/776/453 490/723/447
f 468/701/425 478/709/435 469/702/426
f 468/951/425 470/952/427 478/953/435
f 473/707/430 472/706/429 492/720/449
f 466/694/423 348/821/305 349/592/306
f 470/722/427 349/592/306 473/707/430
f 473/707/430 492/720/449 491/711/448
f 501/954/458 500/955/457 498/725/455
f 504/950/461 501/954/458 498/725/455
f 506/734/463 504/950/461 503/735/460
f 506/740/463 505/746/462 504/729/461
f 516/956/473 515/736/472 517/957/474 518/958/475
f 505/746/462 502/726/459 504/729/461
f 507/730/464 391/625/348 390/619/347
f 391/625/348 509/748/466 508/959/465
f 510/731/467 507/730/464 502/726/459
f 511/733/468 391/625/348 507/730/464
f 511/733/468 509/748/466 391/625/348
f 514/742/471 510/731/467 512/732/469
f 514/742/471 518/739/475 519/738/476 510/731/467
f 515/736/472 516/956/473 506/734/463
f 521/960/478 523/961/480 524/962/481 522/963/479
f 523/964/480 487/965/444 488/966/445 524/967/481
f 518/739/475 517/968/474 525/969/482 520/737/477
f 526/751/483 520/970/477 525/971/482
f 526/751/483 527/750/484 520/970/477
f 522/963/479 524/962/481 526/972/483 525/973/482
f 513/974/470 522/975/479 525/976/482 517/977/474
f 550/778/507 539/772/496 545/760/502 547/978/504
f 519/738/476 528/745/485 510/731/467
f 529/743/486 531/804/488 530/744/487
f 530/744/487 572/747/529 528/745/485
f 532/749/489 533/849/490 527/750/484
f 520/970/477 527/750/484 529/979/486
f 529/743/486 530/744/487 519/738/476
f 506/740/463 514/742/471 505/746/462
f 528/745/485 511/733/468 510/731/467
f 528/745/485 509/748/466 511/733/468
f 512/732/469 502/726/459 505/746/462
f 417/820/374 534/653/491 471/705/428
f 471/705/428 534/653/491 474/708/431
f 536/753/493 535/752/492 545/760/502
f 534/653/491 418/652/375 536/753/493
f 474/708/431 537/755/494 475/721/432
f 536/753/493 539/772/496 538/754/495
f 474/708/431 534/653/491 537/755/494
f 423/658/380 540/757/497 535/756/492
f 541/758/498 540/757/497 544/763/501
f 540/757/497 542/824/499 543/980/500
f 540/757/497 543/980/500 546/762/503
f 547/978/504 558/981/515 550/778/507
f 547/765/504 544/763/501 546/762/503 548/766/505
f 549/764/506 551/767/508 547/765/504
f 544/759/501 547/978/504 545/760/502
f 494/719/451 475/721/432 537/755/494 553/769/510
f 566/982/523 564/983/521 565/984/522 567/855/524
f 539/772/496 559/773/516 553/769/510
f 554/718/511 555/774/512 495/716/452
f 495/716/452 555/774/512 496/776/453
f 555/774/512 554/718/511 557/777/514
f 558/768/515 560/782/517 550/985/507
f 560/779/517 559/773/516 550/778/507
f 554/718/511 566/986/523 557/777/514
f 566/783/523 562/785/519 557/987/514
f 563/784/520 566/783/523 567/988/524 568/989/525
f 566/982/523 560/782/517 561/781/518 564/983/521
f 554/771/511 559/773/516 566/780/523
f 558/768/515 552/786/509 561/781/518
f 452/789/409 451/684/408 569/792/526 571/791/528
f 571/791/528 570/788/527 452/789/409
f 569/792/526 508/959/465 572/747/529 573/790/530
f 509/748/466 572/747/529 508/959/465
f 576/795/533 575/794/532 579/803/536 578/796/535
f 573/790/530 574/813/531 571/791/528
f 460/690/417 576/795/533 577/990/534 461/688/418
f 570/788/527 579/803/536 575/794/532
f 579/803/536 571/791/528 574/813/531 584/811/541
f 576/795/533 580/797/537 577/990/534
f 583/798/540 581/800/538 578/796/535 579/803/536
f 579/803/536 586/801/543 583/798/540
f 583/798/540 585/802/542 582/799/539
f 595/817/552 590/812/547 592/809/549 596/818/553
f 578/796/535 581/800/538 580/797/537
f 530/744/487 588/805/545 572/747/529
f 531/804/488 590/812/547 589/806/546
f 588/805/545 589/806/546 573/790/530
f 531/991/488 529/979/486 527/750/484
f 533/810/490 591/808/548 527/807/484
f 592/809/549 531/804/488 591/808/548
f 584/811/541 593/814/550 586/801/543
f 592/809/549 590/812/547 531/804/488
f 565/992/522 598/993/555 595/817/552 599/994/556
f 599/994/556 595/817/552 597/816/554 568/995/525
f 593/814/550 584/811/541 590/812/547 595/817/552
f 594/815/551 593/814/550 595/817/552 598/993/555
f 586/801/543 594/815/551 587/819/544
f 385/891/342 384/890/341 498/725/455 500/955/457
f 579/803/536 584/811/541 586/801/543
f 570/788/527 459/793/416 453/692/410
f 465/693/422 344/822/301 466/694/423
f 342/585/299 343/584/300 465/698/422
f 498/725/455 384/890/341 462/697/419
f 314/566/271 313/857/270 356/882/313 357/630/314
f 507/730/464 390/619/347 389/624/346
f 391/625/348 508/959/465 448/626/405
f 427/657/384 540/757/497 423/658/380
f 508/959/465 569/792/526 448/626/405
f 493/770/450 554/771/511 497/949/454
f 307/996/264 308/832/265 353/831/310
f 355/997/312 311/869/268 316/838/273 361/599/318
f 356/998/313 313/999/270 312/1000/269
f 316/838/273 362/597/319 361/599/318
f 378/1001/335 335/1002/292 336/1003/293 379/1004/336
f 378/608/335 375/610/332 331/576/288 335/575/292
f 384/890/341 383/616/340 341/583/298 342/585/299
f 462/1005/419 384/1006/341 342/1007/299
f 380/618/337 337/871/294 341/583/298 383/616/340
f 362/1008/319 330/1009/287 331/1010/288 375/1011/332
f 380/618/337 379/612/336 336/874/293 337/871/294
f 438/1012/395 405/1013/362 406/1014/363 439/1015/396
f 314/566/271 357/630/314 367/629/324
f 324/836/281 367/629/324 429/667/386
f 406/1016/363 404/1017/361 437/1018/394 439/1019/396
f 410/645/367 408/902/365 441/1020/398 443/1021/400
f 401/1022/358 403/1023/360 436/1024/393
f 402/1025/359 437/1018/394 404/1017/361
f 403/1026/360 398/638/355 434/840/391 436/1027/393
f 441/1028/398 408/1029/365 414/1030/371 447/1031/404
f 414/910/371 405/913/362 438/1032/395 447/1033/404
f 410/645/367 443/1021/400 454/842/411 421/661/378
f 393/839/350 429/667/386 434/840/391
f 503/735/460 469/702/426 479/710/436 515/736/472
f 463/700/420 499/724/456 462/697/419
f 517/957/474 515/736/472 479/710/436 481/929/438
f 522/1034/479 484/1035/441 483/1036/440 521/1037/478
f 523/845/480 521/1038/478 483/1039/440 485/843/442
f 517/1040/474 481/1041/438 476/1042/433 513/1043/470
f 486/1044/443 490/723/447 526/751/483 524/1045/481
f 522/975/479 513/974/470 476/947/433 484/946/441
f 543/980/500 542/824/499 461/1046/418 577/1047/534
f 496/776/453 533/849/490 532/749/489
f 490/723/447 532/749/489 526/751/483
f 428/823/385 461/1046/418 542/824/499
f 543/980/500 577/1047/534 580/1048/537 546/762/503
f 582/1049/539 549/1050/506 548/1051/505 581/1052/538
f 551/767/508 549/764/506 582/1053/539 585/1054/542
f 587/1055/544 552/1056/509 551/1057/508 585/1058/542
f 548/766/505 546/762/503 580/1048/537 581/1059/538
f 533/849/490 556/775/513 557/777/514 592/1060/549
f 552/786/509 587/1061/544 594/1062/551 561/781/518
f 557/777/514 562/1063/519 596/1064/553 592/1060/549
f 596/1064/553 562/1063/519 563/1065/520 597/1066/554
f 561/781/518 594/1062/551 598/1067/555 564/983/521
f 599/853/556 567/855/524 565/984/522
f 568/1068/525 597/1066/554 563/1065/520
o Plane.017
v -1.588291 0.480925 3.481502
v -1.305451 0.371598 3.625098
v -1.227933 0.320962 3.713847
v -0.098447 0.252584 3.865137
v -1.379074 0.287033 3.036271
v -1.038211 0.285362 3.564852
v -0.854022 0.286181 2.990413
v -0.899552 0.283786 3.811133
v -0.722039 0.278002 3.028996
v -0.723807 0.263883 3.862186
v -0.447233 0.202180 2.839355
v -1.583458 0.488020 3.501378
v -1.575193 0.496684 3.547134
v -0.212536 0.335139 2.982519
v -0.227926 0.326355 2.978887
v -1.185367 0.283531 3.415957
v -1.205195 0.279346 3.425289
v -1.233352 0.280358 3.437844
v -1.265462 0.281200 3.443994
v -1.380482 0.279902 3.310434
v -1.471717 0.290729 3.101578
v -1.487719 0.285994 3.061131
v -1.487834 0.287503 3.060036
v -1.468936 0.290154 3.058355
v -1.468100 0.284244 3.033746
v -1.480104 0.283722 3.042636
v -1.485766 0.287016 3.043196
v -1.518839 0.285171 3.010278
v -1.558258 0.300402 3.092869
v -1.565594 0.321969 3.145448
v -1.568373 0.384032 3.229287
v -1.566871 0.405772 3.291766
v -1.564884 0.410982 3.299552
v -1.563587 0.427196 3.317685
v -1.570333 0.423968 3.335081
v -1.576525 0.428767 3.363842
v -1.559875 0.480666 3.579640
v -1.530663 0.448771 3.597102
v -1.443848 0.418200 3.618962
v -1.384780 0.417259 3.593817
v -1.384036 0.405933 3.588134
v -1.367153 0.391760 3.595084
v -1.279567 0.373839 3.647408
v -1.283971 0.334847 3.675163
v -1.281754 0.326654 3.682081
v -1.266364 0.321404 3.694997
v -1.201912 0.283560 3.764283
v -1.186580 0.277240 3.787579
v 0.004616 0.281914 3.465068
v 0.012036 0.285713 3.431325
v -0.052305 0.304867 3.088621
v -0.070517 0.315788 3.056046
v -0.082390 0.323569 3.045874
v -0.107048 0.328643 3.032009
v -0.235176 0.293098 2.950118
v -0.135601 0.279346 2.841844
v -0.120107 0.269624 2.823736
v -0.123950 0.246979 2.815105
v -0.137795 0.226793 2.811988
v -0.157372 0.208174 2.812388
v -0.187997 0.186322 2.809752
v -0.278708 0.150025 2.827061
v -0.345428 0.129678 2.847953
v -0.384524 0.163939 2.817988
v -0.401517 0.182137 2.814311
v -0.429792 0.202190 2.830537
v -1.200089 0.278806 3.264019
v -1.427407 0.421347 3.562361
v -1.423686 0.416841 3.545226
v -1.400780 0.401632 3.528555
v -1.412987 0.342374 3.370141
v -1.418119 0.333292 3.305590
v -1.418432 0.303678 3.276349
v -1.426993 0.305331 3.256207
v -1.309873 0.279546 3.075164
v -1.263654 0.279431 3.076758
v -1.275559 0.285725 3.096761
v -1.255221 0.286010 3.140342
v -1.305850 0.373348 3.609718
v -1.291340 0.362888 3.582855
v -1.301426 0.360132 3.569295
v -1.306365 0.294051 3.532157
v -1.306361 0.285060 3.520759
v -1.279037 0.289846 3.376613
v -1.290107 0.287522 3.359107
v -1.325668 0.287296 3.328799
v -1.328642 0.280902 3.307591
v -1.328542 0.279182 3.284414
v -1.313899 0.279267 3.264102
v -1.269063 0.280342 3.038167
v -1.177998 0.282158 2.948418
v -1.172374 0.281040 2.970547
v -1.138471 0.284680 2.991256
v -1.106721 0.278582 3.072210
v -1.211661 0.307417 3.721817
v -1.227659 0.298625 3.709459
v -1.215019 0.286119 3.697181
v -1.177607 0.298474 3.612294
v -1.176051 0.297965 3.592568
v -1.173335 0.295155 3.595448
v -1.200580 0.288015 3.571456
v -1.195106 0.280557 3.537941
v -1.171255 0.290703 3.453202
v -1.181149 0.289311 3.420194
v -1.148562 0.278731 3.296293
v -1.126358 0.288916 3.256929
v -1.130090 0.281794 3.170902
v -1.011990 0.281132 2.923200
v -0.970992 0.282032 2.923771
v -0.906634 0.285663 2.946851
v -0.929341 0.278614 2.979235
v -0.636133 0.278050 2.974737
v -1.094364 0.293372 3.812953
v -1.067484 0.284206 3.785666
v -1.076354 0.284698 3.747036
v -1.051783 0.289446 3.697380
v -1.053316 0.289135 3.671948
v -1.052958 0.285131 3.600241
v -1.009750 0.284933 3.522455
v -0.983056 0.284749 3.457719
v -0.934284 0.277292 3.241894
v -0.873998 0.283242 3.011423
v -0.865031 0.287493 2.941035
v -0.806559 0.299751 2.881499
v -0.784243 0.299849 2.868813
v -0.574363 0.244220 2.815388
v -0.903787 0.266542 3.862169
v -0.880451 0.282477 3.819467
v -0.871711 0.280597 3.784929
v -0.887855 0.281973 3.747432
v -0.881306 0.281715 3.721301
v -0.876309 0.285599 3.666717
v -0.858475 0.285398 3.681209
v -0.845346 0.281473 3.600260
v -0.709706 0.279826 3.310419
v -0.645156 0.227774 2.844320
v -0.620490 0.214559 2.835446
v -0.629896 0.225176 2.832716
v -0.439976 0.190786 2.834383
v -0.426141 0.161611 2.827614
v -0.699886 0.272918 3.847766
v -0.510013 0.279495 3.113596
v -0.476292 0.279870 2.916528
v -0.445690 0.261493 2.860005
v -0.463263 0.243710 2.850008
v -0.222926 0.243178 2.835312
v -0.199684 0.227969 2.832702
v -0.218146 0.184663 2.836527
v -0.205328 0.180650 2.836678
v -0.249722 0.155367 2.825542
v -0.515576 0.247981 3.873506
v -0.497693 0.264212 3.858299
v -0.456361 0.268431 3.851513
v -0.441331 0.274810 3.835190
v -0.437363 0.282026 3.525973
v -0.303315 0.278327 3.040614
v -0.250010 0.278445 2.917025
v -0.252087 0.276409 2.887529
v -0.115624 0.292391 2.892624
v -0.124587 0.298955 2.889433
v -0.132730 0.282840 2.861466
v -0.294868 0.249060 3.872300
v -0.264660 0.272087 3.843378
v -1.465665 0.411713 3.449305
v -1.488467 0.441487 3.476483
v -1.501581 0.447551 3.462877
v -1.434434 0.356347 3.363920
v -1.459313 0.379123 3.330369
v -1.493429 0.397150 3.321858
v -1.477952 0.334933 3.173327
v -1.519877 0.345071 3.163359
v -1.458401 0.283190 3.081288
v -1.545264 0.288411 3.040505
v -1.356107 0.286855 3.036774
v -1.374332 0.285610 3.048187
v -1.386844 0.286490 3.050704
v -1.290963 0.282668 3.134514
v -1.354999 0.280804 3.153804
v -1.375643 0.278210 3.202113
v -1.255386 0.291981 3.297289
v -1.291764 0.279341 3.285064
v -1.359946 0.366723 3.499592
v -1.413261 0.389014 3.473665
v -1.321685 0.279310 3.395822
v -1.360042 0.283544 3.376668
v -1.388988 0.322878 3.356202
v -1.337016 0.287549 3.295218
v -1.307932 0.285324 3.310522
v -1.352492 0.294440 3.172832
v -1.361619 0.297248 3.167559
v -1.373168 0.289060 3.166314
v -1.384842 0.285156 3.111498
v -1.317000 0.286491 3.038599
v -1.238855 0.285060 2.952799
v -1.268299 0.285123 2.963617
v -1.304235 0.287242 2.997869
v -1.130453 0.284380 3.013279
v -1.166604 0.280387 3.028492
v -1.191409 0.282621 3.063024
v -1.086050 0.279932 3.150739
v -1.108143 0.280992 3.191204
v -1.260093 0.296272 3.581808
v -1.276744 0.292011 3.564293
v -1.222098 0.282889 3.538977
v -1.252029 0.290226 3.446260
v -1.262032 0.293487 3.431656
v -1.227677 0.290708 3.371636
v -1.249824 0.280118 3.368475
v -1.291337 0.277854 3.338228
v -1.315510 0.280927 3.339214
v -1.174731 0.280008 3.240175
v -1.204962 0.280886 3.214387
v -1.130228 0.282084 3.098044
v -1.189323 0.291908 3.091791
v -1.222354 0.281455 3.067243
v -1.108452 0.286165 2.952996
v -1.106199 0.288253 2.990393
v -1.158514 0.292308 3.645396
v -1.100239 0.281100 3.576509
v -1.155786 0.287735 3.536496
v -1.015100 0.291116 3.450261
v -1.162854 0.283307 3.376760
v -1.072796 0.280915 3.269931
v -0.891107 0.281092 2.979564
v -0.927121 0.285112 2.961407
v -1.007159 0.284383 2.963350
v -0.837535 0.298231 2.899114
v -0.904853 0.281231 2.893869
v -0.926895 0.280324 2.900147
v -0.937179 0.280889 2.920931
v -0.769803 0.279948 2.909514
v -0.737164 0.283757 2.935088
v -0.838430 0.285177 2.951338
v -0.859097 0.278927 2.995380
v -0.945478 0.280725 3.792176
v -0.969928 0.280217 3.783720
v -0.988635 0.281989 3.774654
v -0.944578 0.292915 3.632999
v -1.008173 0.280928 3.593155
v -0.880954 0.289604 3.492251
v -0.917147 0.279451 3.474502
v -0.849501 0.280020 3.364746
v -0.755285 0.282187 2.885768
v -0.777914 0.282981 2.891495
v -0.758179 0.269309 3.856641
v -0.713322 0.277848 3.558611
v -0.676914 0.277838 3.190827
v -0.758677 0.277746 3.178222
v -0.644444 0.280757 3.069479
v -0.581927 0.219852 2.834248
v -0.688152 0.255785 3.868917
v -0.475215 0.278877 3.448781
v -0.434541 0.278492 3.253130
v -0.339488 0.277758 2.993378
v -0.395479 0.278284 2.966291
v -0.439920 0.282367 2.969272
v -0.354283 0.229265 2.836570
v -0.402627 0.225013 2.843333
v -0.278032 0.278776 3.138597
v -0.200109 0.280198 3.027133
v -0.100952 0.287818 2.908087
v -0.107244 0.286018 2.905748
v -0.126251 0.285649 2.900706
v -0.186125 0.270378 3.847373
v -0.025295 0.277835 3.527585
v 0.007206 0.285328 3.387914
v -0.024985 0.278049 3.369980
v -0.061088 0.293444 3.080565
v -0.016489 0.296412 3.075927
v -0.022617 0.286871 3.064274
v -0.043290 0.279169 3.062672
v -0.132905 0.331236 3.030487
v -0.130456 0.321224 3.026218
v -0.129381 0.300436 2.984317
v -0.139950 0.312722 3.015760
v -0.178987 0.313359 3.006637
v -0.108352 0.297283 2.928931
v -0.146039 0.297966 2.984933
v -0.167238 0.302655 2.994427
v -0.204636 0.325364 2.994509
v -0.241039 0.315979 2.971834
v -0.152022 0.286700 2.879370
v -1.245966 0.280575 3.352209
v -1.183182 0.281385 3.306217
v -1.216835 0.293315 3.345226
v -1.130827 0.284305 3.251561
v -1.081973 0.277807 3.265107
v -0.931170 0.278258 3.237535
v -0.653570 0.266401 2.837372
v -0.692819 0.280344 2.890253
v -0.659832 0.273527 2.859376
v -0.631081 0.277255 2.888205
v -0.557425 0.261523 2.830049
v -0.541319 0.266429 2.841719
v -0.522704 0.208982 2.819247
v -0.491532 0.195074 2.831941
v -0.523847 0.219164 2.816429
v -0.507240 0.205782 2.817399
v -0.482361 0.198449 2.817287
v -0.476670 0.213222 2.824366
v -0.448652 0.187318 2.817204
v -0.421574 0.175215 2.816892
v -0.394352 0.175366 2.810523
v -0.386453 0.160308 2.813583
v -0.356793 0.159275 2.814615
v -0.354355 0.143111 2.822134
v -0.264171 0.168771 2.829983
v -0.350379 0.133030 2.831732
v -0.281605 0.152414 2.828713
v -0.124374 0.276049 2.871691
v -0.120498 0.277714 2.870834
v -0.107890 0.289582 2.889840
v -0.158915 0.261894 2.843583
v -0.114760 0.283319 2.877273
v -0.120891 0.290337 2.879962
v -0.117269 0.286438 2.871263
v -0.144421 0.216632 2.833136
v -1.527916 0.459858 3.536497
v -1.493322 0.447242 3.505940
v -1.452712 0.426786 3.533585
v -1.471639 0.435300 3.520691
v -1.506544 0.451995 3.477743
v -1.447876 0.394127 3.418941
v -1.438145 0.382267 3.399220
v -1.499638 0.411125 3.370469
v -1.465114 0.385533 3.365780
v -1.529569 0.402939 3.302470
v -1.499717 0.387301 3.294140
v -1.510005 0.380917 3.246622
v -1.519054 0.373718 3.220952
v -1.469134 0.342249 3.199223
v -1.511594 0.327927 3.141036
v -1.428880 0.298378 3.178618
v -1.548567 0.305118 3.112431
v -1.531646 0.292372 3.092185
v -1.510895 0.289068 3.093301
v -1.445551 0.297675 3.108508
v -1.394981 0.296263 3.066990
v -1.420119 0.292004 3.035769
v -1.428305 0.284321 3.029250
v -1.458285 0.283029 3.038772
v -1.429354 0.291794 3.038223
v -1.435455 0.289631 3.047611
v -1.406398 0.288908 3.029866
v -1.447825 0.288134 3.056452
v -1.440817 0.287247 3.054970
v -1.428860 0.289588 3.038099
v -1.452271 0.282990 3.045255
v -1.385962 0.288167 3.031495
v -1.427985 0.289460 3.044077
v -1.396545 0.287729 3.087546
v -1.362139 0.284996 3.129245
v -1.334688 0.280402 3.284535
v -1.289581 0.280323 3.262163
v -1.226483 0.280479 3.243646
v -1.386173 0.418515 3.593590
v -1.351413 0.387778 3.571124
v -1.330007 0.372683 3.571267
v -1.358695 0.387056 3.545993
v -1.343037 0.367544 3.541351
v -1.309826 0.296747 3.521054
v -1.365039 0.338956 3.454467
v -1.371825 0.340796 3.440385
v -1.337868 0.314916 3.437171
v -1.317342 0.282306 3.481886
v -1.331392 0.288906 3.457208
v -1.330928 0.283765 3.454103
v -1.318987 0.279376 3.459358
v -1.366564 0.326358 3.385287
v -1.345424 0.293329 3.425676
v -1.344098 0.286639 3.426787
v -1.333510 0.280698 3.432734
v -1.378530 0.287491 3.342528
v -1.352934 0.279892 3.369286
v -1.338683 0.280245 3.365641
v -1.368427 0.281482 3.343139
v -1.355686 0.280947 3.340782
v -1.277903 0.293099 3.401580
v -1.374605 0.283026 3.310956
v -1.307782 0.296345 3.356169
v -1.290835 0.296268 3.357399
v -1.361454 0.286066 3.311492
v -1.322152 0.297148 3.333454
v -1.292498 0.289140 3.342560
v -1.346594 0.294949 3.302363
v -1.325088 0.297713 3.312289
v -1.344305 0.295278 3.287049
v -1.338072 0.287694 3.234250
v -1.351330 0.287263 3.265129
v -1.366990 0.288720 3.218342
v -1.372696 0.302164 3.140820
v -1.374516 0.289253 3.174254
v -1.338046 0.291336 3.133279
v -1.368183 0.307920 3.108349
v -1.327058 0.281565 3.115007
v -1.339780 0.294536 3.052695
v -1.303606 0.282362 3.013173
v -1.306074 0.292156 2.992148
v -1.349410 0.278902 3.013046
v -1.282766 0.287096 2.981182
v -1.278624 0.286975 2.970770
v -1.229499 0.280752 2.969002
v -1.179871 0.283921 2.990221
v -1.178551 0.284034 3.083454
v -1.262877 0.312930 3.686463
v -1.280359 0.364333 3.600221
v -1.248375 0.296702 3.685806
v -1.232602 0.292861 3.700696
v -1.279094 0.355600 3.591341
v -1.268605 0.319050 3.595162
v -1.239001 0.290029 3.626237
v -1.227307 0.288189 3.616785
v -1.283320 0.291531 3.557784
v -1.222747 0.293487 3.590847
v -1.233070 0.287371 3.564312
v -1.185025 0.296748 3.578497
v -1.245558 0.303484 3.527351
v -1.200228 0.291526 3.558607
v -1.275779 0.283578 3.493561
v -1.242466 0.302095 3.511871
v -1.241091 0.286307 3.516512
v -1.268503 0.284801 3.465286
v -1.271066 0.289068 3.397382
v -1.279803 0.287704 3.387780
v -1.284150 0.286071 3.427630
v -1.269348 0.279487 3.436648
v -1.291425 0.288375 3.405615
v -1.285014 0.282203 3.417619
v -1.282606 0.278731 3.393627
v -1.280001 0.279088 3.326043
v -1.267119 0.283828 3.321266
v -1.275692 0.282315 3.310182
v -1.262575 0.290676 3.305228
v -1.206616 0.294030 3.354078
v -1.294367 0.280184 3.276795
v -1.270231 0.291904 3.288911
v -1.254580 0.292968 3.260880
v -1.223349 0.279216 3.164183
v -1.209755 0.283175 3.137056
v -1.164850 0.293255 3.156829
v -1.229373 0.281327 3.024357
v -1.141660 0.286739 2.985016
v -1.039726 0.290473 2.936530
v -0.997797 0.294851 2.946047
v -1.053432 0.284649 3.029562
v -0.939743 0.277593 3.023132
v -1.197651 0.300668 3.734132
v -1.172659 0.279737 3.793104
v -1.144187 0.290022 3.803261
v -1.151366 0.289524 3.733899
v -1.117164 0.286070 3.745405
v -1.094327 0.292078 3.744796
v -1.112288 0.290735 3.709471
v -1.117259 0.290500 3.688535
v -1.157700 0.287887 3.629562
v -1.163513 0.289332 3.608213
v -1.166565 0.283455 3.571022
v -1.152723 0.288133 3.520074
v -1.164472 0.282985 3.408337
v -1.035375 0.289142 3.409888
v -1.080494 0.288367 3.306428
v -1.067784 0.288318 3.319160
v -1.098603 0.279920 3.230850
v -1.054790 0.286585 3.059599
v -0.905252 0.284436 2.954893
v -0.944482 0.283460 2.933266
v -0.958137 0.283193 2.904615
v -0.899663 0.288926 2.905228
v -0.868271 0.283259 2.887329
v -0.844575 0.293357 2.886351
v -0.795574 0.294662 2.882415
v -0.784245 0.294642 2.882572
v -0.802685 0.280268 2.921739
v -1.051735 0.277496 3.850093
v -1.046857 0.262735 3.863949
v -1.024364 0.259927 3.868177
v -1.014211 0.273912 3.856540
v -0.986930 0.260944 3.866949
v -0.977633 0.267035 3.861012
v -0.977251 0.280110 3.753958
v -0.997370 0.280533 3.742719
v -0.922979 0.291633 3.730876
v -1.006174 0.278308 3.672768
v -0.937542 0.292598 3.696631
v -0.989404 0.279135 3.659941
v -0.930537 0.291028 3.679883
v -0.959494 0.293318 3.594265
v -0.954975 0.292544 3.587289
v -0.886923 0.288677 3.598192
v -0.934334 0.282335 3.571189
v -0.983568 0.292503 3.520685
v -0.931344 0.278809 3.359914
v -0.837746 0.278200 3.405832
v -0.888258 0.284883 3.371643
v -0.820529 0.281404 3.289814
v -0.849653 0.278296 3.055888
v -0.781892 0.277978 3.020160
v -0.833860 0.292972 2.934350
v -0.738372 0.284025 2.936509
v -0.780130 0.296596 2.878615
v -0.742142 0.278771 2.863971
v -0.684631 0.240963 2.847840
v -0.743882 0.292074 2.850921
v -0.723059 0.285935 2.845236
v -0.679187 0.240469 2.838427
v -0.720822 0.287346 2.846630
v -0.668427 0.268406 2.839735
v -0.879661 0.260057 3.867984
v -0.840139 0.263334 3.864876
v -0.807997 0.255662 3.870798
v -0.804092 0.277757 3.535623
v -0.764908 0.278553 3.474424
v -0.704480 0.279363 3.394860
v -0.568197 0.286437 3.246551
v -0.568113 0.287800 3.125615
v -0.570847 0.274080 2.880111
v -0.512096 0.263617 2.861426
v -0.650706 0.265997 3.857954
v -0.640367 0.272406 3.847348
v -0.581917 0.262286 3.861546
v -0.562575 0.258380 3.865459
v -0.393978 0.288006 3.162918
v -0.305026 0.278375 2.884938
v -0.382745 0.259654 2.856856
v -0.448836 0.249748 3.871960
v -0.432563 0.245807 3.874796
v -0.395659 0.254425 3.868136
v -0.372273 0.249308 3.872187
v -0.392789 0.270200 3.847933
v -0.307033 0.261168 3.861285
v -0.365043 0.277144 3.819409
v -0.241433 0.281845 3.186013
v -0.201312 0.278450 3.173316
v -0.244440 0.283309 3.110992
v -0.246856 0.283393 3.048886
v -0.161539 0.279959 3.042039
v -0.146538 0.283262 2.928042
v -0.203635 0.278414 2.901732
v -0.133765 0.209215 3.888177
v -0.239911 0.253873 3.868313
v -0.194824 0.259364 3.863024
v -0.170718 0.254786 3.867415
v -0.008385 0.279921 3.402329
v -0.000279 0.281906 3.339618
v -0.002476 0.279920 3.252770
v 0.006836 0.284070 3.254204
v 0.006605 0.291594 3.220598
v 0.000042 0.297590 3.192228
v -0.009577 0.280903 3.179616
v -0.002882 0.291810 3.154956
v -0.012303 0.300279 3.149058
v -0.026560 0.307976 3.162515
v -0.010740 0.286664 3.113499
v -0.006289 0.294941 3.136616
v -0.012036 0.297102 3.119770
v -0.022878 0.299046 3.134486
v -0.024088 0.292255 3.048470
v -0.049200 0.281346 3.016006
v -0.037591 0.286794 3.021580
v -0.028716 0.298255 3.034880
v -0.054636 0.282913 2.994298
v -0.041355 0.292350 3.003013
v -0.043687 0.307543 3.011023
v -0.068153 0.291384 3.042253
v -0.073482 0.295647 3.055798
v -0.057527 0.286331 2.975682
v -0.052426 0.295334 2.983828
v -0.074487 0.290109 3.044945
v -0.064845 0.287966 2.963323
v -0.072634 0.314973 2.993022
v -0.084383 0.296907 3.032933
v -0.099100 0.300889 3.034867
v -1.435013 0.413004 3.616377
v -0.101018 0.250070 3.863050
v 0.012153 0.322193 3.241899
v -1.375280 0.290812 3.035830
v -1.333792 0.283290 3.321159
v -1.212645 0.282592 2.948346
v -1.135224 0.281751 3.225689
v -0.920784 0.269701 3.166010
v -0.724405 0.255989 3.858427
v -1.586390 0.487620 3.515984
v -0.231166 0.321354 2.972926
v -1.183708 0.288175 3.416161
v -1.437068 0.290530 3.190181
v -1.459158 0.295412 3.134647
v -1.474904 0.295316 3.083319
v -1.559635 0.294317 3.090674
v -1.569073 0.377940 3.228452
v -1.568635 0.399062 3.289779
v -1.574454 0.419297 3.348421
v -1.548019 0.461857 3.590430
v -1.541519 0.451684 3.591933
v -1.516108 0.434534 3.602664
v -1.458194 0.417995 3.615901
v -1.366196 0.386007 3.596036
v -1.314803 0.366544 3.619895
v -1.287710 0.373989 3.633885
v -1.281219 0.372245 3.642769
v -1.286639 0.341055 3.667449
v -1.246842 0.319082 3.708184
v -1.187201 0.271596 3.787454
v -1.083436 0.249348 3.865750
v -1.062250 0.239792 3.871968
v -0.087730 0.269368 3.824146
v -0.012679 0.318100 3.182317
v -0.048439 0.303783 3.089297
v -0.070931 0.315361 3.051142
v -0.126682 0.330682 3.022813
v -0.116370 0.269732 2.825087
v -0.119225 0.247666 2.817726
v -0.181228 0.184157 2.811951
v -0.208043 0.172349 2.811768
v -0.388125 0.162405 2.815126
v -0.705605 0.285342 3.066874
v -1.038875 0.286666 3.322808
v -1.192148 0.287272 3.288975
v -1.428655 0.410530 3.555029
v -1.419930 0.335009 3.370551
v -1.411397 0.316420 3.317357
v -1.435406 0.327460 3.280662
v -1.426001 0.300305 3.276360
v -1.428612 0.296127 3.260928
v -1.422615 0.288923 3.178548
v -1.397404 0.299117 3.162750
v -1.380526 0.290371 3.049371
v -1.366870 0.281604 3.025419
v -1.356305 0.286428 3.022501
v -1.300452 0.287657 3.067477
v -1.271166 0.289238 3.076216
v -1.240486 0.288258 3.184965
v -1.295276 0.363520 3.608798
v -1.307445 0.314173 3.545874
v -1.311344 0.282929 3.526248
v -1.308392 0.276059 3.511904
v -1.305844 0.271658 3.490718
v -1.334568 0.276287 3.305824
v -1.319686 0.270859 3.257828
v -1.313128 0.277847 3.214058
v -1.308913 0.269004 3.134430
v -1.227734 0.275065 2.963978
v -1.232562 0.278061 2.957503
v -1.210955 0.288638 2.948445
v -1.139886 0.294438 2.990922
v -1.121684 0.294994 3.015376
v -0.857242 0.288491 2.999546
v -1.227975 0.288739 3.711712
v -1.212329 0.278169 3.702039
v -1.207939 0.272965 3.683112
v -1.192578 0.288790 3.584692
v -1.201864 0.284128 3.575786
v -1.206807 0.276447 3.561600
v -1.205542 0.271550 3.542189
v -1.202682 0.271123 3.468901
v -1.172294 0.281020 3.464027
v -1.167899 0.280333 3.453320
v -1.169482 0.272841 3.332057
v -1.145693 0.269852 3.277432
v -1.133225 0.280678 3.249995
v -1.147258 0.279449 3.203066
v -1.119896 0.269595 3.156155
v -1.063836 0.269205 2.986446
v -1.011176 0.283208 2.918365
v -0.957482 0.285664 2.919331
v -0.896604 0.290956 3.017725
v -1.103731 0.281733 3.824045
v -1.098056 0.283718 3.811581
v -1.086810 0.281675 3.782173
v -1.073942 0.274972 3.750142
v -1.048694 0.279100 3.678212
v -1.054044 0.275123 3.597878
v -0.875606 0.273371 3.010547
v -0.842985 0.286461 2.937315
v -0.836929 0.279608 2.932568
v -0.818297 0.277900 2.916885
v -0.808569 0.290665 2.888332
v -0.786694 0.294668 2.868429
v -0.793152 0.300265 2.873135
v -0.775347 0.304111 2.871721
v -0.762589 0.298338 2.878543
v -0.590346 0.236304 2.812310
v -0.565552 0.234627 2.808978
v -0.494808 0.275934 2.853272
v -0.917835 0.265115 3.850296
v -0.879469 0.271277 3.753916
v -0.859010 0.275625 3.691162
v -0.734891 0.269857 3.144397
v -0.682368 0.268036 3.183418
v -0.694262 0.271571 3.004297
v -0.670312 0.267780 2.972136
v -0.618053 0.265927 2.892985
v -0.661224 0.261039 2.867249
v -0.614663 0.250168 2.860054
v -0.646064 0.218601 2.844242
v -0.634670 0.213906 2.833755
v -0.635683 0.227839 2.826730
v -0.432984 0.182336 2.835802
v -0.401453 0.154131 2.829603
v -0.402754 0.151252 2.829159
v -0.729211 0.267812 3.658103
v -0.628698 0.268251 3.556309
v -0.632285 0.268793 3.475224
v -0.577142 0.275811 3.323874
v -0.517241 0.270829 3.122943
v -0.445748 0.263667 2.882275
v -0.438799 0.251878 2.862157
v -0.209862 0.240211 2.840651
v -0.197419 0.178897 2.841249
v -0.238211 0.153643 2.825275
v -0.524457 0.255262 3.854553
v -0.464603 0.257376 3.852552
v -0.469388 0.268044 3.693109
v -0.381798 0.268018 3.449093
v -0.397923 0.269265 3.374678
v -0.101831 0.298911 2.907463
v -0.121139 0.305381 2.890252
v -0.250422 0.267948 3.294194
v -0.118351 0.268598 3.099945
v -0.065745 0.270077 3.003415
v -0.072101 0.272613 2.975989
v -0.070670 0.278939 2.950782
v -0.072459 0.283416 2.941576
v -0.078135 0.290039 2.932891
v -1.469722 0.409814 3.477018
v -1.506278 0.440586 3.467923
v -1.584921 0.469965 3.469369
v -1.468459 0.375286 3.331290
v -1.493677 0.386913 3.323641
v -1.553903 0.413395 3.311785
v -1.439538 0.299570 3.209103
v -1.466635 0.328252 3.200251
v -1.493252 0.336182 3.181933
v -1.454302 0.274545 3.082602
v -1.493818 0.269351 3.071563
v -1.523827 0.273219 3.064361
v -1.388707 0.287193 3.028945
v -1.404487 0.287007 3.026459
v -1.440481 0.287600 3.030428
v -1.444576 0.285993 3.033754
v -1.355591 0.294210 3.036722
v -1.329812 0.291947 3.167644
v -1.377264 0.288125 3.198281
v -1.216104 0.287058 3.264509
v -1.245414 0.293368 3.273431
v -1.337256 0.287875 3.340686
v -1.349014 0.333304 3.491896
v -1.364414 0.358596 3.501633
v -1.405278 0.369874 3.466923
v -1.420517 0.381954 3.474411
v -1.293842 0.275502 3.402240
v -1.378725 0.289111 3.360726
v -1.384524 0.305429 3.355664
v -1.331924 0.294308 3.308800
v -1.325032 0.292099 3.289372
v -1.325846 0.285678 3.274301
v -1.337843 0.281816 3.255313
v -1.351039 0.279199 3.252804
v -1.364098 0.279947 3.249317
v -1.334495 0.278627 3.172212
v -1.360663 0.285827 3.176412
v -1.375156 0.283726 3.145218
v -1.389498 0.284620 3.113818
v -1.333280 0.276469 3.053210
v -1.345624 0.296250 3.046904
v -1.356991 0.293802 3.038888
v -1.369308 0.295295 3.043127
v -1.284048 0.295963 2.984174
v -1.307011 0.295655 2.999934
v -1.334524 0.287169 3.018859
v -1.139523 0.297436 3.043016
v -1.175110 0.294733 3.068002
v -1.189055 0.291753 3.052800
v -1.207349 0.293223 3.089268
v -1.091927 0.290108 3.162350
v -1.192781 0.290373 3.197363
v -1.191617 0.288083 3.616121
v -1.232219 0.284456 3.591013
v -1.280247 0.288579 3.567942
v -1.299473 0.303824 3.554259
v -1.250631 0.283623 3.511405
v -1.259876 0.291381 3.487501
v -1.257329 0.290338 3.440476
v -1.184972 0.279591 3.392139
v -1.213767 0.291109 3.368278
v -1.225415 0.290017 3.363904
v -1.245764 0.278692 3.345656
v -1.286197 0.269440 3.316603
v -1.319396 0.275561 3.339512
v -1.238798 0.271584 3.230871
v -1.131552 0.270996 3.080520
v -1.191045 0.281637 3.092255
v -1.239647 0.271508 3.029243
v -1.087325 0.276439 2.938422
v -1.188474 0.277198 2.947695
v -0.996543 0.291960 2.921742
v -1.106452 0.297971 2.989836
v -1.090973 0.274137 3.716520
v -1.119600 0.282641 3.695780
v -1.136052 0.280311 3.670662
v -1.097083 0.272026 3.583455
v -1.114269 0.269035 3.542626
v -1.150329 0.278109 3.550095
v -1.090813 0.271576 3.420550
v -1.160480 0.273568 3.369519
v -1.077688 0.270937 3.263996
v -1.121953 0.282261 3.240027
v -0.888559 0.271533 2.976982
v -0.839395 0.289305 2.897768
v -0.905241 0.283087 2.896985
v -0.928752 0.285582 2.904082
v -0.946855 0.286994 2.909462
v -0.955541 0.271185 3.779821
v -1.024724 0.281542 3.765082
v -1.044780 0.280344 3.712655
v -0.909467 0.272621 3.635822
v -0.921122 0.274689 3.647409
v -0.955963 0.283190 3.624714
v -1.003911 0.271602 3.578205
v -0.839614 0.271454 3.470662
v -0.939522 0.269320 3.481779
v -0.811913 0.272186 3.343740
v -0.872334 0.269311 3.197239
v -0.796672 0.268064 3.006431
v -0.757646 0.273562 2.889576
v -0.620841 0.235013 2.825224
v -0.630134 0.256617 2.818901
v -0.658274 0.269553 2.832351
v -0.671298 0.281131 2.847871
v -0.707358 0.295280 2.857547
v -0.723854 0.292838 2.902060
v -0.834060 0.268061 3.835261
v -0.898334 0.275443 3.798653
v -0.623618 0.269728 3.365855
v -0.645028 0.267910 3.389699
v -0.722446 0.269110 3.407793
v -0.561503 0.271216 3.068274
v -0.557240 0.278396 3.119228
v -0.614207 0.271984 3.092378
v -0.651290 0.267350 2.905706
v -0.511205 0.186952 2.840705
v -0.533137 0.186827 2.835799
v -0.551925 0.191465 2.831773
v -0.582324 0.203547 2.830071
v -0.604945 0.268254 3.588533
v -0.441870 0.273460 3.444424
v -0.397758 0.273842 3.268677
v -0.436816 0.268449 3.205440
v -0.428305 0.270587 3.139967
v -0.450728 0.271550 2.960849
v -0.369504 0.267081 3.821807
v -0.100915 0.288733 2.902356
v -0.110789 0.277277 2.889662
v -0.181083 0.256949 2.861922
v -0.211484 0.255322 2.863067
v -0.232210 0.266023 3.826947
v -0.028207 0.267968 3.428602
v 0.014847 0.281871 3.248260
v -0.009876 0.296322 3.084814
v -0.017435 0.282232 3.066616
v -0.107589 0.311119 2.943443
v -0.138843 0.319520 3.011484
v -0.167686 0.310878 2.991181
v -0.131672 0.313510 2.937911
v -1.262264 0.287478 3.439566
v -1.228678 0.290869 3.373490
v -1.193309 0.293257 3.345671
v -1.081475 0.287735 3.232945
v -0.993887 0.287915 3.257361
v -0.995902 0.288106 3.119487
v -0.684799 0.288036 2.868696
v -0.665381 0.282882 2.856735
v -0.511552 0.183222 2.828540
v -0.527311 0.200063 2.828318
v -0.547603 0.214180 2.813172
v -0.496385 0.193324 2.816779
v -0.441554 0.172705 2.826349
v -0.469800 0.186242 2.814595
v -0.445923 0.173693 2.817351
v -0.429582 0.164326 2.825097
v -0.479268 0.255364 2.831900
v -0.437636 0.179537 2.811255
v -0.429884 0.168162 2.815749
v -0.408816 0.154689 2.822485
v -0.267065 0.231072 2.844958
v -0.319977 0.196545 2.821553
v -0.297748 0.146638 2.832604
v -0.137010 0.269657 2.855359
v -0.166437 0.217037 2.845503
v -0.115993 0.290834 2.874933
v -0.148773 0.206729 2.842649
v -0.114762 0.286265 2.862560
v -1.470019 0.424819 3.536843
v -1.559231 0.463159 3.510037
v -1.542095 0.453402 3.466046
v -1.510693 0.421808 3.399024
v -1.497205 0.419578 3.410347
v -1.514479 0.405964 3.367512
v -1.509514 0.384115 3.302334
v -1.558594 0.374759 3.230230
v -1.467737 0.338475 3.236776
v -1.456244 0.323616 3.232675
v -1.443604 0.291995 3.153642
v -1.426955 0.291012 3.160502
v -1.540185 0.293146 3.109826
v -1.521292 0.286967 3.102996
v -1.505044 0.271548 3.023861
v -1.427936 0.279109 3.048355
v -1.494413 0.283785 3.010391
v -1.425200 0.287941 3.034174
v -1.457663 0.293028 3.016660
v -1.434609 0.294324 3.051013
v -1.408140 0.288715 3.030026
v -1.444894 0.296053 3.049051
v -1.447134 0.286683 3.060514
v -1.462819 0.280429 3.057663
v -1.438336 0.278933 3.045801
v -1.467885 0.284174 3.050622
v -1.449646 0.300223 3.078324
v -1.370959 0.303514 3.094103
v -1.432692 0.290453 3.175867
v -1.324426 0.294989 3.092232
v -1.381315 0.290057 3.139313
v -1.336739 0.294168 3.139426
v -1.268044 0.292051 3.251646
v -1.394041 0.409579 3.576965
v -1.372108 0.410141 3.578656
v -1.333906 0.366525 3.568430
v -1.346995 0.387250 3.567877
v -1.374841 0.384781 3.542359
v -1.328806 0.355938 3.546640
v -1.364055 0.376899 3.541990
v -1.348197 0.324628 3.477325
v -1.319978 0.315997 3.493835
v -1.316437 0.315691 3.502422
v -1.319613 0.308665 3.489159
v -1.371518 0.328593 3.442005
v -1.345794 0.313597 3.438997
v -1.323036 0.285005 3.493554
v -1.355286 0.316667 3.417862
v -1.359076 0.312754 3.405802
v -1.355495 0.294987 3.420203
v -1.349896 0.283424 3.428160
v -1.378458 0.279851 3.351316
v -1.366645 0.272927 3.322562
v -1.359136 0.277121 3.309450
v -1.350053 0.286354 3.292699
v -1.404976 0.283173 3.271710
v -1.406685 0.289031 3.248415
v -1.341063 0.283164 3.278348
v -1.357595 0.279166 3.232008
v -1.352579 0.283790 3.222642
v -1.339204 0.292332 3.250120
v -1.352108 0.293510 3.207649
v -1.351712 0.295546 3.243645
v -1.352354 0.282608 3.272634
v -1.358141 0.298131 3.194127
v -1.364084 0.293816 3.232663
v -1.374872 0.305107 3.149376
v -1.365664 0.302152 3.174844
v -1.367901 0.287670 3.228914
v -1.357490 0.280750 3.239751
v -1.375304 0.301694 3.171920
v -1.378937 0.306686 3.130860
v -1.380795 0.296845 3.163261
v -1.377418 0.286074 3.179565
v -1.359572 0.292343 3.147565
v -1.339052 0.280664 3.139688
v -1.356775 0.295144 3.129158
v -1.370321 0.295194 3.088385
v -1.357750 0.302443 3.095626
v -1.348186 0.288287 3.119451
v -1.329837 0.272863 3.111579
v -1.380554 0.285354 3.079446
v -1.375254 0.285638 3.056877
v -1.371227 0.292260 3.049967
v -1.352519 0.291793 3.064605
v -1.308744 0.285679 2.994128
v -1.321170 0.284067 3.003347
v -1.287750 0.279611 2.983882
v -1.334903 0.286994 3.008834
v -1.218190 0.290964 2.953878
v -1.309304 0.292637 3.031613
v -1.181316 0.293736 2.991248
v -1.229973 0.293895 3.081688
v -1.140146 0.290280 3.176064
v -1.284582 0.327332 3.666631
v -1.275846 0.351038 3.612676
v -1.267165 0.327146 3.636705
v -1.285038 0.352501 3.594820
v -1.275113 0.327559 3.604773
v -1.244858 0.286922 3.636525
v -1.232140 0.278354 3.620190
v -1.234662 0.278524 3.563072
v -1.274748 0.275077 3.513875
v -1.262683 0.280351 3.495444
v -1.224037 0.287221 3.532962
v -1.203810 0.290915 3.551553
v -1.199563 0.294237 3.565636
v -1.223551 0.291414 3.542371
v -1.215261 0.287397 3.560990
v -1.247713 0.289766 3.503133
v -1.268202 0.288085 3.476615
v -1.277055 0.295133 3.420190
v -1.278827 0.291565 3.446216
v -1.273018 0.281456 3.462228
v -1.288320 0.294350 3.414955
v -1.285202 0.287221 3.436115
v -1.272808 0.274449 3.444670
v -1.297495 0.289981 3.405028
v -1.263881 0.269602 3.434496
v -1.303239 0.282786 3.391460
v -1.206479 0.274450 3.423111
v -1.303935 0.275277 3.374240
v -1.298731 0.270549 3.360470
v -1.237748 0.290637 3.339130
v -1.223035 0.293032 3.337029
v -1.253982 0.290640 3.306097
v -1.202306 0.289777 3.330722
v -1.275775 0.285614 3.279602
v -1.274370 0.291684 3.264667
v -1.265304 0.293017 3.264220
v -1.275747 0.288263 3.248688
v -1.201849 0.271099 3.266587
v -1.249018 0.282720 3.254614
v -1.198992 0.274190 3.180216
v -1.211720 0.272402 3.148388
v -1.167605 0.280771 3.123115
v -1.134931 0.268921 3.055427
v -1.204514 0.272962 2.985085
v -1.159615 0.277043 2.941682
v -1.149277 0.281844 2.935979
v -1.129103 0.278664 2.935520
v -1.135876 0.284119 2.934127
v -1.123000 0.282594 2.932468
v -1.081413 0.278041 2.932729
v -1.109586 0.287317 2.932834
v -1.047411 0.279676 2.923599
v -1.078686 0.291535 2.931042
v -1.011934 0.286036 2.920691
v -1.031385 0.301665 2.940180
v -1.041601 0.292020 3.000009
v -0.936669 0.287428 3.009662
v -1.164935 0.272731 3.791915
v -1.146500 0.279599 3.763880
v -1.169513 0.277066 3.655588
v -1.098357 0.282631 3.734315
v -1.096815 0.274108 3.685724
v -1.085758 0.272365 3.697720
v -1.104875 0.281635 3.639250
v -1.171013 0.288230 3.606657
v -1.169852 0.282560 3.605605
v -1.181029 0.273175 3.566234
v -1.139515 0.277663 3.562062
v -1.167868 0.273632 3.563262
v -1.162033 0.278438 3.514339
v -1.126045 0.270320 3.522502
v -1.030663 0.274024 3.487618
v -1.152566 0.271608 3.422872
v -1.111664 0.268797 3.441961
v -1.037329 0.279536 3.395071
v -1.027283 0.279932 3.403359
v -1.116690 0.268061 3.339313
v -1.067769 0.278997 3.331978
v -1.086304 0.278671 3.294422
v -1.011497 0.268247 3.336716
v -1.094009 0.272268 3.248014
v -1.121927 0.271923 3.206487
v -1.078182 0.267748 3.213832
v -1.027405 0.268435 3.221344
v -0.985823 0.271238 3.032063
v -0.996090 0.276937 2.999571
v -0.965425 0.273448 2.956468
v -0.895793 0.280808 2.905164
v -0.870972 0.284134 2.891129
v -0.855952 0.285299 2.888797
v -0.785554 0.302252 2.887025
v -0.819022 0.291187 2.924532
v -1.050137 0.252746 3.861042
v -1.037079 0.258985 3.857505
v -1.024576 0.253077 3.863069
v -1.084197 0.281893 3.824096
v -0.985422 0.254033 3.861740
v -1.061486 0.273087 3.804899
v -1.026432 0.272443 3.834784
v -0.957880 0.260311 3.855928
v -0.938919 0.283008 3.703171
v -0.956653 0.283891 3.590886
v -0.916487 0.272804 3.606757
v -0.943797 0.274066 3.560402
v -0.907930 0.272826 3.532020
v -0.972271 0.274825 3.496644
v -0.826980 0.269774 3.456387
v -0.886888 0.275308 3.378663
v -0.850108 0.268270 3.059190
v -0.837901 0.271924 3.013949
v -0.744077 0.270405 2.987218
v -0.731310 0.273989 2.946850
v -0.812340 0.280884 2.919661
v -0.759720 0.275509 2.876433
v -0.738991 0.266432 2.862646
v -0.693219 0.254936 2.860129
v -0.708656 0.250737 2.848369
v -0.756524 0.297024 2.852441
v -0.704273 0.266815 2.834498
v -0.687143 0.245803 2.833058
v -0.674668 0.229991 2.836757
v -0.659375 0.221436 2.840440
v -0.734222 0.296590 2.852351
v -0.703690 0.285093 2.838192
v -0.666087 0.246205 2.828825
v -0.833316 0.204331 3.883113
v -0.890043 0.254409 3.861887
v -0.829736 0.254860 3.860807
v -0.756283 0.250574 3.863751
v -0.864892 0.269969 3.793368
v -0.813427 0.268437 3.701594
v -0.621067 0.267921 3.152771
v -0.635613 0.270737 3.079356
v -0.492040 0.265391 2.882361
v -0.514843 0.254227 2.864295
v -0.574940 0.196604 2.838416
v -0.546785 0.194292 2.842844
v -0.515268 0.197607 2.847574
v -0.509383 0.207572 2.850761
v -0.671478 0.257729 3.854543
v -0.582483 0.254083 3.857575
v -0.538493 0.261707 3.845877
v -0.425811 0.272604 3.390474
v -0.380901 0.277373 3.188954
v -0.393624 0.278085 3.162979
v -0.406182 0.275473 3.026317
v -0.378891 0.264735 2.883290
v -0.304633 0.266925 2.879372
v -0.458979 0.244800 3.865518
v -0.433277 0.239267 3.869493
v -0.396027 0.246864 3.863470
v -0.372810 0.242362 3.867160
v -0.142908 0.269003 2.999803
v -0.141423 0.271773 2.957950
v -0.109577 0.279480 2.910920
v -0.240194 0.246443 3.863671
v -0.104070 0.259700 3.849430
v -0.007498 0.270385 3.407011
v 0.015830 0.281560 3.352754
v -0.007500 0.269862 3.244121
v -0.014825 0.270368 3.188963
v -0.024588 0.269909 3.133350
v -0.020658 0.274268 3.089740
v -0.018330 0.290390 3.050446
v -0.018178 0.303421 3.066447
v -0.046897 0.272548 3.021712
v -0.024166 0.300335 3.034470
v -0.050662 0.276576 2.993107
v -0.051354 0.282844 2.976726
v -0.042314 0.296220 2.988160
v -0.080184 0.300056 3.040053
v -0.056634 0.289098 2.965267
v -0.062579 0.294536 2.961311
v -0.099156 0.324980 2.999751
v -0.125810 0.323679 3.021596
v -0.168900 0.340737 3.002438
v -1.165029 0.279625 3.404688
v -1.290375 0.280409 3.431346
v -1.313993 0.279332 3.408284
v -1.418465 0.282054 3.237679
v -1.458539 0.290833 3.133367
v -1.475419 0.290180 3.081320
v -1.462350 0.280252 3.021304
v -1.563570 0.309676 3.124122
v -1.568617 0.351958 3.178922
v -1.563412 0.421782 3.306722
v -1.585716 0.454294 3.428129
v -1.506263 0.436059 3.606140
v -1.395429 0.421000 3.608607
v -1.376238 0.394858 3.592126
v -1.288248 0.377763 3.634694
v -1.282899 0.378170 3.636231
v -1.276135 0.366712 3.652678
v -1.276239 0.322758 3.688511
v -1.216633 0.311317 3.719915
v -1.214144 0.303025 3.728617
v -1.165251 0.277584 3.815051
v -1.152539 0.277461 3.827139
v -1.131685 0.272226 3.843585
v -1.104782 0.259211 3.861207
v -1.061659 0.242873 3.875119
v -0.097354 0.263415 3.855198
v -0.088919 0.274209 3.829148
v 0.019620 0.295962 3.373961
v 0.021719 0.304991 3.330483
v 0.016524 0.317845 3.263734
v -0.071199 0.305743 3.065224
v -0.213539 0.285683 2.918300
v -0.124307 0.273800 2.832455
v -0.119514 0.260733 2.818977
v -0.296485 0.140440 2.833662
v -0.325968 0.131360 2.847288
v -0.335476 0.130777 2.849743
v -0.355328 0.133356 2.845204
v -0.393417 0.174417 2.813995
v -0.463295 0.240569 2.834028
v -0.475952 0.257317 2.839669
v -0.482302 0.266767 2.846200
v -0.517504 0.279329 2.879811
v -0.699160 0.280385 3.060141
v -0.929739 0.280206 3.248269
v -1.058900 0.280939 3.337642
v -1.424259 0.419807 3.610838
v -1.395023 0.355873 3.398305
v -1.418455 0.328570 3.296385
v -1.420705 0.299120 3.254219
v -1.409643 0.291668 3.210445
v -1.411501 0.293685 3.194003
v -1.415328 0.299409 3.179370
v -1.386534 0.314325 3.121658
v -1.386296 0.313426 3.108265
v -1.383773 0.308013 3.094089
v -1.386980 0.296757 3.079915
v -1.374783 0.293925 3.049757
v -1.356198 0.285830 3.032537
v -1.339552 0.286851 3.032233
v -1.333084 0.287299 3.038985
v -1.246222 0.278135 3.190186
v -1.291478 0.367538 3.591543
v -1.299705 0.316718 3.544603
v -1.302340 0.280209 3.501742
v -1.288565 0.281068 3.451167
v -1.273043 0.294484 3.397271
v -1.277256 0.293646 3.381862
v -1.313551 0.287632 3.214477
v -1.310384 0.285370 3.176030
v -1.295935 0.278124 3.120155
v -1.252507 0.283825 2.994678
v -1.106279 0.285390 3.016485
v -1.218320 0.291984 3.707743
v -1.188326 0.294591 3.635691
v -1.193066 0.281264 3.510255
v -1.191030 0.283038 3.487903
v -1.145134 0.288413 3.218938
v -1.142056 0.288121 3.208864
v -1.140266 0.283477 3.128800
v -1.105473 0.283181 3.093279
v -1.087674 0.284841 3.064837
v -1.058853 0.278628 2.999018
v -0.968583 0.289145 2.926864
v -0.935756 0.288648 2.943526
v -0.891055 0.281569 2.995003
v -0.699396 0.280334 2.954253
v -0.533597 0.277532 2.884134
v -1.095543 0.288912 3.833220
v -1.085115 0.290649 3.767589
v -1.071465 0.282661 3.726534
v -1.044243 0.290272 3.725576
v -0.989532 0.292544 3.514058
v -1.002424 0.291484 3.483599
v -1.000715 0.291164 3.471244
v -0.961571 0.277994 3.390697
v -0.848949 0.292418 2.940265
v -0.840990 0.282702 2.929620
v -0.820970 0.283468 2.919300
v -0.816904 0.286035 2.911887
v -0.805815 0.298452 2.890576
v -0.756247 0.288398 2.873142
v -0.576410 0.233038 2.816925
v -0.559313 0.241860 2.816071
v -0.520876 0.249439 2.828064
v -0.521834 0.260247 2.836721
v -0.910113 0.260111 3.868236
v -0.917251 0.275348 3.849891
v -0.815180 0.279252 3.459723
v -0.691250 0.281399 3.007133
v -0.635596 0.272199 2.872924
v -0.607262 0.230632 2.832467
v -0.412130 0.168872 2.814990
v -0.396740 0.146717 2.832874
v -0.596042 0.285253 3.456491
v -0.463680 0.278475 3.007489
v -0.261042 0.217467 2.822603
v -0.213607 0.174299 2.813959
v -0.475521 0.276804 3.822973
v -0.341727 0.278895 3.176374
v -0.220738 0.267580 2.863946
v -0.071846 0.283064 2.960717
v -0.074932 0.284703 2.946509
v -0.096386 0.295443 2.917382
v -1.467871 0.386213 3.330625
v -1.561154 0.425086 3.309836
v -1.427376 0.302310 3.215159
v -1.433050 0.303206 3.202616
v -1.450347 0.323675 3.199589
v -1.494493 0.359969 3.207925
v -1.395370 0.305909 3.086867
v -1.477830 0.279381 3.075685
v -1.507908 0.280277 3.069493
v -1.398815 0.285125 3.027868
v -1.424510 0.291059 3.034663
v -1.443152 0.286967 3.030763
v -1.473536 0.278254 3.035171
v -1.398625 0.291111 3.046257
v -1.466925 0.282943 3.064031
v -1.476890 0.285245 3.068403
v -1.232503 0.287482 3.262621
v -1.249784 0.293166 3.277805
v -1.309570 0.326459 3.524925
v -1.319049 0.339092 3.516746
v -1.402246 0.377383 3.462179
v -1.295518 0.283077 3.410944
v -1.305768 0.279989 3.412772
v -1.337401 0.278887 3.395142
v -1.336451 0.285647 3.304312
v -1.327155 0.284952 3.264395
v -1.333239 0.286462 3.249539
v -1.370856 0.288831 3.239334
v -1.378737 0.305530 3.099584
v -1.326384 0.293362 3.036125
v -1.341590 0.310464 3.042889
v -1.369481 0.296308 3.040817
v -1.345248 0.283867 3.029615
v -1.213165 0.284019 3.080240
v -1.249300 0.288710 3.107322
v -1.214044 0.280393 3.243798
v -1.231778 0.292471 3.598419
v -1.266484 0.290910 3.571546
v -1.284935 0.299912 3.560697
v -1.257929 0.286843 3.489368
v -1.248134 0.289450 3.460623
v -1.255341 0.292009 3.436886
v -1.177132 0.286766 3.388895
v -1.188798 0.291296 3.355044
v -1.236093 0.291157 3.350782
v -1.259377 0.280215 3.348168
v -1.327661 0.284437 3.324426
v -1.139934 0.281550 3.083611
v -1.006761 0.294060 2.934013
v -0.911207 0.281561 3.063304
v -0.953981 0.280221 3.071447
v -1.082893 0.282971 3.724332
v -1.132632 0.288009 3.678707
v -1.048695 0.283229 3.436575
v -1.084759 0.281398 3.426343
v -1.158157 0.283414 3.369896
v -1.114303 0.290142 3.251750
v -1.006979 0.277217 3.116017
v -0.921952 0.279334 2.993778
v -0.969128 0.288770 2.983916
v -0.978859 0.289346 2.978485
v -0.879001 0.287813 2.892761
v -0.887527 0.282927 2.890259
v -1.036853 0.291295 3.757597
v -0.954897 0.293383 3.623519
v -0.631786 0.258065 2.825616
v -0.708652 0.285765 2.861503
v -0.837304 0.277680 3.837262
v -0.717716 0.278717 3.365125
v -0.606074 0.278595 3.198995
v -0.663973 0.278096 3.291975
v -0.515280 0.277813 2.906019
v -0.530321 0.194055 2.837569
v -0.551059 0.195617 2.835309
v -0.567466 0.199870 2.834510
v -0.408755 0.280710 3.377515
v -0.450647 0.278225 3.090659
v -0.287212 0.264024 2.856981
v -0.341745 0.257458 2.852028
v -0.269128 0.282797 3.013602
v -0.109885 0.257440 3.864408
v -0.129447 0.261584 3.860934
v -0.017273 0.276061 3.552852
v 0.008494 0.288534 3.238517
v -0.015818 0.278107 3.227108
v -0.015871 0.296434 3.092493
v -0.017557 0.291978 3.069506
v -0.030555 0.282755 3.060912
v -0.136891 0.335280 3.026091
v -0.133466 0.327699 3.029608
v -0.125867 0.316121 3.020597
v -0.111385 0.308913 2.972154
v -0.103802 0.309850 2.970156
v -0.092816 0.300179 2.936904
v -0.135788 0.304063 2.999768
v -0.119246 0.297946 2.936143
v -0.131350 0.294916 2.963461
v -0.168307 0.326161 3.016412
v -0.139518 0.307522 2.934094
v -0.160563 0.299750 2.976032
v -0.131395 0.306804 2.915647
v -0.150253 0.307392 2.924746
v -0.176101 0.301178 2.976149
v -0.166602 0.305591 2.943370
v -0.177438 0.306710 2.999287
v -0.204982 0.316517 2.993684
v -0.222990 0.301093 2.972295
v -0.200347 0.297612 2.967513
v -0.235785 0.307467 2.971716
v -0.209104 0.290998 2.934159
v -0.241359 0.303367 2.964342
v -0.100630 0.300538 2.930136
v -0.157963 0.334850 3.020496
v -0.159797 0.338575 3.013816
v -0.187061 0.336066 3.000518
v -0.222292 0.289803 2.940573
v -0.143263 0.280968 2.856556
v -0.134266 0.303214 2.899504
v -0.112970 0.296620 2.918788
v -1.257597 0.288565 3.313918
v -1.295588 0.278721 3.309080
v -1.228783 0.292431 3.300009
v -1.194841 0.287931 3.320051
v -1.335589 0.277969 3.340029
v -1.242580 0.277801 3.379108
v -1.229603 0.291630 3.353605
v -1.226668 0.282703 3.380591
v -1.219421 0.290422 3.367074
v -1.185217 0.285971 3.356455
v -1.167406 0.278497 3.343051
v -1.188848 0.280900 3.390275
v -1.221545 0.278287 3.403563
v -1.199579 0.285078 3.402756
v -1.205461 0.283185 3.409399
v -1.159326 0.278017 3.372436
v -1.270932 0.281594 3.314623
v -1.225917 0.291633 3.287472
v -1.169631 0.278561 3.309083
v -1.179342 0.281430 3.401839
v -1.262369 0.278639 3.439355
v -1.344722 0.279731 3.368888
v -1.170581 0.280998 3.232687
v -1.114879 0.278867 3.221715
v -1.131166 0.278082 3.295712
v -1.061431 0.277468 3.217169
v -1.078277 0.277825 3.307763
v -1.036616 0.278142 3.311136
v -1.081262 0.278166 3.341522
v -0.876181 0.277821 3.096077
v -0.946230 0.280449 3.164292
v -0.785971 0.279354 2.981794
v -0.754101 0.283134 2.954388
v -0.772583 0.279083 3.019545
v -0.737876 0.283853 2.992051
v -0.726172 0.280084 3.030894
v -0.690095 0.278242 3.003136
v -0.716371 0.278435 3.063904
v -0.683911 0.278122 2.868051
v -0.649126 0.263536 2.833390
v -0.601385 0.247362 2.818108
v -0.621269 0.262157 2.827039
v -0.612096 0.253880 2.820442
v -0.589809 0.248538 2.816724
v -0.587606 0.257561 2.821510
v -0.569390 0.268722 2.840554
v -0.576168 0.272082 2.850244
v -0.618261 0.250814 2.822396
v -0.593423 0.241433 2.818002
v -0.564300 0.252798 2.820524
v -0.507658 0.271351 2.858830
v -0.723648 0.283032 2.898625
v -0.547023 0.210318 2.832621
v -0.532107 0.203553 2.833610
v -0.483398 0.182039 2.828640
v -0.457119 0.178932 2.826848
v -0.503163 0.197533 2.833360
v -0.474485 0.186915 2.831533
v -0.435981 0.177031 2.820671
v -0.496525 0.200170 2.819653
v -0.458752 0.179383 2.828460
v -0.523624 0.232586 2.819929
v -0.461803 0.189342 2.817342
v -0.445158 0.180984 2.818993
v -0.440682 0.208440 2.833427
v -0.428501 0.181766 2.816567
v -0.405232 0.166908 2.818673
v -0.565188 0.214104 2.834346
v -0.535645 0.192436 2.832553
v -0.513430 0.186824 2.831235
v -0.496808 0.185293 2.832801
v -0.467553 0.186538 2.834475
v -0.397737 0.148762 2.833126
v -0.420652 0.185101 2.818409
v -0.471436 0.235019 2.832452
v -0.481969 0.252847 2.837258
v -0.492789 0.262061 2.844474
v -0.548953 0.223743 2.815870
v -0.552936 0.219342 2.819931
v -0.274278 0.236784 2.839210
v -0.389784 0.195764 2.818453
v -0.412804 0.176291 2.813693
v -0.371998 0.196255 2.815389
v -0.334932 0.193681 2.813587
v -0.367628 0.172027 2.810801
v -0.274922 0.200636 2.819515
v -0.383818 0.142259 2.830183
v -0.324520 0.134743 2.828330
v -0.310160 0.139564 2.827473
v -0.374250 0.138846 2.839103
v -0.237617 0.162836 2.830511
v -0.360398 0.132325 2.840164
v -0.333094 0.128343 2.837201
v -0.309850 0.133072 2.831922
v -0.279576 0.144496 2.828237
v -0.257849 0.262630 2.857555
v -0.234386 0.249304 2.846403
v -0.328504 0.127787 2.843608
v -0.387821 0.150329 2.820375
v -0.377812 0.226473 2.838472
v -0.153193 0.269142 2.853940
v -0.136120 0.267146 2.854710
v -0.159663 0.255249 2.840085
v -0.166452 0.240843 2.837024
v -0.122352 0.281641 2.868672
v -0.146802 0.251722 2.846414
v -0.150893 0.232960 2.842944
v -0.127620 0.258601 2.851014
v -0.162310 0.208912 2.839993
v -0.127020 0.248476 2.846409
v -0.115174 0.273347 2.859181
v -0.161191 0.203451 2.837616
v -0.127735 0.238182 2.841663
v -0.114080 0.264197 2.849881
v -0.114392 0.274762 2.855671
v -0.186814 0.184890 2.832097
v -0.160319 0.202096 2.831104
v -0.120058 0.247402 2.837010
v -0.114369 0.265630 2.842947
v -0.115616 0.257422 2.839156
v -0.178881 0.269385 2.864355
v -0.101923 0.292360 2.903321
v -0.119826 0.291653 2.877674
v -0.126067 0.276898 2.846607
v -0.130714 0.234812 2.825229
v -0.192321 0.181677 2.824079
v -1.566592 0.492566 3.567137
v -1.428103 0.423111 3.591328
v -1.545656 0.472433 3.548499
v -1.503657 0.440821 3.559253
v -1.517057 0.454867 3.526977
v -1.483379 0.440332 3.529370
v -1.464691 0.433129 3.542806
v -1.546444 0.467102 3.511204
v -1.561833 0.474168 3.487422
v -1.446966 0.412418 3.504771
v -1.571562 0.472367 3.463324
v -1.533992 0.457636 3.581223
v -1.519899 0.445010 3.592976
v -1.496785 0.436383 3.598546
v -1.529203 0.458602 3.463287
v -1.585407 0.485183 3.491791
v -1.495287 0.435410 3.432892
v -1.486456 0.418087 3.391866
v -1.523790 0.433580 3.393920
v -1.499171 0.425399 3.392796
v -1.479003 0.414919 3.398997
v -1.444070 0.375285 3.382520
v -1.539825 0.419731 3.352810
v -1.503504 0.407139 3.356258
v -1.484410 0.398851 3.365362
v -1.520160 0.412125 3.344851
v -1.522166 0.444351 3.432333
v -1.429638 0.356389 3.372712
v -1.418726 0.341341 3.359871
v -1.496200 0.403207 3.334908
v -1.542020 0.421412 3.319781
v -1.567540 0.424167 3.345849
v -1.564864 0.435847 3.381676
v -1.573824 0.451391 3.420902
v -1.545949 0.403516 3.292831
v -1.459901 0.364374 3.298512
v -1.488533 0.371128 3.248467
v -1.444705 0.348273 3.268732
v -1.433275 0.339799 3.278819
v -1.459447 0.341877 3.233502
v -1.447921 0.328994 3.235081
v -1.437125 0.310489 3.225705
v -1.442995 0.355858 3.316824
v -1.429995 0.347054 3.334912
v -1.429472 0.304414 3.243678
v -1.557214 0.383194 3.228459
v -1.544527 0.350610 3.170734
v -1.465426 0.323043 3.172723
v -1.495786 0.335322 3.153546
v -1.446213 0.303379 3.174171
v -1.453029 0.306810 3.147618
v -1.475809 0.325382 3.150301
v -1.437567 0.299995 3.174390
v -1.506006 0.312622 3.117838
v -1.467211 0.300149 3.113206
v -1.414364 0.302958 3.168133
v -1.455564 0.301857 3.127443
v -1.440160 0.299677 3.142560
v -1.532238 0.301000 3.106268
v -1.475093 0.295660 3.101717
v -1.438592 0.297505 3.126677
v -1.424879 0.298982 3.132290
v -1.430368 0.300939 3.105882
v -1.454643 0.293790 3.100470
v -1.498885 0.282883 3.085113
v -1.469633 0.283656 3.087929
v -1.428305 0.297251 3.193227
v -1.400263 0.310822 3.109951
v -1.399749 0.309671 3.096727
v -1.521259 0.285544 3.082059
v -1.556538 0.346664 3.167440
v -1.513128 0.280018 3.040304
v -1.487644 0.278044 3.041598
v -1.502685 0.280540 3.020586
v -1.473399 0.280723 3.022863
v -1.451187 0.281708 3.040807
v -1.431839 0.288478 3.049924
v -1.432095 0.289665 3.038425
v -1.448586 0.284786 3.024462
v -1.435484 0.284797 3.028658
v -1.399225 0.296494 3.056079
v -1.455766 0.287078 3.011458
v -1.468809 0.287268 3.009243
v -1.445194 0.285532 3.022835
v -1.440131 0.284262 3.026100
v -1.400779 0.291606 3.033421
v -1.391821 0.284497 3.030751
v -1.418226 0.295957 3.075095
v -1.396515 0.295826 3.042274
v -1.449810 0.284307 3.037196
v -1.498022 0.287412 3.017982
v -1.507694 0.285331 3.013371
v -1.535860 0.285783 3.018426
v -1.397709 0.291613 3.033026
v -1.384866 0.294557 3.040404
v -1.433560 0.287639 3.049345
v -1.392878 0.294231 3.038553
v -1.437082 0.284220 3.049373
v -1.423156 0.287496 3.030966
v -1.381416 0.295481 3.035437
v -1.457834 0.285451 3.059252
v -1.385188 0.292115 3.029762
v -1.468478 0.282900 3.051831
v -1.399522 0.286370 3.027627
v -1.431209 0.289334 3.034164
v -1.391715 0.287830 3.036212
v -1.371776 0.290749 3.032422
v -1.429852 0.285783 3.051413
v -1.402908 0.292307 3.036230
v -1.412387 0.286551 3.027821
v -1.380838 0.287328 3.037758
v -1.459779 0.288042 3.059018
v -1.425619 0.286095 3.060509
v -1.391845 0.289482 3.067798
v -1.444894 0.290646 3.079133
v -1.412986 0.286411 3.080978
v -1.383152 0.290069 3.072271
v -1.338603 0.283121 3.068765
v -1.371835 0.293382 3.091738
v -1.369666 0.286708 3.079893
v -1.339489 0.283489 3.077072
v -1.446968 0.281748 3.119437
v -1.337422 0.287545 3.089524
v -1.432566 0.279106 3.111851
v -1.401774 0.281405 3.108958
v -1.379809 0.292880 3.094043
v -1.360262 0.294193 3.099386
v -1.404388 0.278830 3.125575
v -1.313792 0.284697 3.093412
v -1.331908 0.284523 3.135570
v -1.404629 0.285075 3.065477
v -1.442969 0.283415 3.152728
v -1.464782 0.287952 3.097062
v -1.406638 0.278461 3.213313
v -1.288350 0.281420 3.185443
v -1.363588 0.281712 3.241498
v -1.331417 0.281553 3.182629
v -1.271559 0.279072 3.232436
v -1.291652 0.280393 3.248383
v -1.278310 0.281063 3.238751
v -1.269006 0.290223 3.252634
v -1.275411 0.290898 3.261368
v -1.278998 0.286056 3.285350
v -1.247976 0.288136 3.259254
v -1.386255 0.279574 3.281941
v -1.404462 0.279639 3.247149
v -1.365500 0.396836 3.577139
v -1.350893 0.386152 3.591821
v -1.368302 0.411770 3.579194
v -1.363705 0.401254 3.573719
v -1.322272 0.375574 3.601294
v -1.342464 0.380603 3.570655
v -1.353737 0.398962 3.570083
v -1.391699 0.416803 3.568165
v -1.378873 0.409869 3.560580
v -1.315687 0.371139 3.552264
v -1.324578 0.376628 3.555522
v -1.306812 0.363047 3.561157
v -1.310164 0.359118 3.542888
v -1.331040 0.362597 3.542797
v -1.314521 0.357802 3.535303
v -1.370484 0.388083 3.532033
v -1.334882 0.353498 3.529987
v -1.388056 0.420029 3.601365
v -1.321458 0.373526 3.615526
v -1.303219 0.364031 3.573207
v -1.338703 0.340740 3.500064
v -1.314008 0.325633 3.501188
v -1.309469 0.312777 3.497373
v -1.387720 0.365752 3.462276
v -1.347161 0.335131 3.476252
v -1.316042 0.314218 3.481739
v -1.332132 0.319745 3.458654
v -1.322850 0.314633 3.468288
v -1.313523 0.290479 3.502329
v -1.316160 0.306022 3.479249
v -1.327253 0.307414 3.455905
v -1.318558 0.287264 3.487295
v -1.345287 0.320786 3.429629
v -1.331122 0.310895 3.447912
v -1.378527 0.346339 3.401834
v -1.352525 0.324822 3.414011
v -1.340636 0.312525 3.428177
v -1.324229 0.282787 3.467305
v -1.359838 0.326277 3.395478
v -1.350313 0.316394 3.407623
v -1.337618 0.285092 3.440350
v -1.379350 0.324437 3.369525
v -1.350033 0.288664 3.414468
v -1.370431 0.309607 3.366006
v -1.355653 0.289176 3.398889
v -1.312346 0.334999 3.518344
v -1.311179 0.286500 3.507581
v -1.310768 0.281890 3.495647
v -1.306621 0.279124 3.480956
v -1.303825 0.278605 3.453365
v -1.320566 0.278444 3.423597
v -1.348018 0.282125 3.402526
v -1.363024 0.289820 3.377592
v -1.380576 0.342061 3.390476
v -1.403128 0.366644 3.427127
v -1.369952 0.285854 3.359287
v -1.319065 0.281999 3.381715
v -1.390036 0.293096 3.323969
v -1.387875 0.286593 3.318952
v -1.395284 0.289014 3.306875
v -1.379888 0.283099 3.323751
v -1.334937 0.284325 3.351970
v -1.292788 0.296880 3.367902
v -1.304163 0.298562 3.343725
v -1.390972 0.285614 3.298637
v -1.406335 0.292321 3.272003
v -1.382366 0.287192 3.290523
v -1.315876 0.298409 3.326078
v -1.300632 0.293696 3.329465
v -1.395583 0.288939 3.281533
v -1.299401 0.288116 3.325309
v -1.359840 0.295408 3.282576
v -1.313003 0.293744 3.310871
v -1.308127 0.286544 3.305896
v -1.299242 0.286219 3.332610
v -1.312462 0.287022 3.296463
v -1.404125 0.298297 3.245892
v -1.319465 0.285820 3.280798
v -1.326465 0.287185 3.269703
v -1.382417 0.313986 3.350168
v -1.285542 0.289754 3.360407
v -1.317767 0.288624 3.336408
v -1.414212 0.298982 3.231643
v -1.411808 0.294300 3.267148
v -1.407874 0.294369 3.286832
v -1.405898 0.300610 3.299369
v -1.397132 0.313444 3.323115
v -1.387205 0.290000 3.207099
v -1.343028 0.290111 3.226882
v -1.345345 0.284947 3.280097
v -1.360762 0.296722 3.203839
v -1.357447 0.288657 3.248108
v -1.372467 0.306579 3.177957
v -1.349608 0.294361 3.206353
v -1.347499 0.291210 3.212314
v -1.361195 0.303165 3.178884
v -1.356014 0.296091 3.190337
v -1.361389 0.288976 3.236594
v -1.356664 0.298710 3.185258
v -1.373617 0.291697 3.192331
v -1.368515 0.290067 3.212362
v -1.347860 0.287082 3.243896
v -1.372922 0.308903 3.158581
v -1.364189 0.303289 3.162784
v -1.367018 0.299902 3.163816
v -1.372576 0.289395 3.197716
v -1.373986 0.310384 3.131530
v -1.368186 0.288906 3.194941
v -1.375084 0.295856 3.157707
v -1.335776 0.291547 3.211429
v -1.376465 0.291883 3.164173
v -1.370136 0.306925 3.145401
v -1.377107 0.288451 3.150728
v -1.353291 0.293742 3.192111
v -1.373096 0.287798 3.227973
v -1.339772 0.286761 3.295041
v -1.374393 0.306723 3.116516
v -1.378728 0.312197 3.114073
v -1.386307 0.309656 3.166165
v -1.386743 0.304713 3.180847
v -1.398875 0.289812 3.208981
v -1.381215 0.286303 3.132522
v -1.366602 0.300376 3.148249
v -1.389022 0.285596 3.092709
v -1.355473 0.305939 3.118224
v -1.379791 0.289944 3.111195
v -1.326152 0.285892 3.151148
v -1.386847 0.291671 3.077433
v -1.373720 0.303363 3.098010
v -1.361752 0.308773 3.112037
v -1.345093 0.297671 3.127404
v -1.351210 0.306289 3.095525
v -1.378994 0.296401 3.081106
v -1.358396 0.313552 3.067654
v -1.362343 0.311329 3.067528
v -1.355676 0.310593 3.086772
v -1.334645 0.284621 3.099973
v -1.352428 0.310178 3.063949
v -1.342499 0.289336 3.071894
v -1.350769 0.307390 3.045799
v -1.335103 0.285974 3.058755
v -1.364481 0.297764 3.050624
v -1.327869 0.280920 3.063980
v -1.380236 0.295170 3.099000
v -1.372378 0.299766 3.132362
v -1.310822 0.279049 3.060130
v -1.381082 0.293441 3.047913
v -1.377220 0.288422 3.061031
v -1.392135 0.292460 3.074622
v -1.357840 0.300690 3.037503
v -1.335252 0.301635 3.022871
v -1.328062 0.296900 3.020270
v -1.315702 0.287343 3.013534
v -1.320053 0.295790 3.004914
v -1.328919 0.280646 3.001013
v -1.308916 0.292390 2.991661
v -1.293159 0.286633 2.976645
v -1.346114 0.279603 3.026418
v -1.289516 0.284445 2.975458
v -1.300789 0.282692 3.036804
v -1.361705 0.281185 3.021732
v -1.376297 0.287112 3.034984
v -1.295178 0.283718 3.013555
v -1.299404 0.283571 3.025975
v -1.262916 0.283851 2.991592
v -1.225219 0.285917 3.004321
v -1.210546 0.280151 2.973352
v -1.299880 0.278537 3.050515
v -1.256354 0.277815 3.058174
v -1.217093 0.283569 3.024854
v -1.178591 0.279826 3.017201
v -1.231009 0.283377 3.079231
v -1.323881 0.284536 3.018692
v -1.217145 0.281316 3.125539
v -1.186058 0.282992 3.121708
v -1.136451 0.279087 3.079345
v -1.188754 0.285831 3.159065
v -1.144667 0.278117 3.126338
v -1.191892 0.280586 3.195927
v -1.138503 0.280391 3.177694
v -1.140492 0.287769 3.046302
v -1.229974 0.282195 3.155279
v -1.268579 0.361474 3.638911
v -1.279051 0.373578 3.623980
v -1.262185 0.334259 3.642367
v -1.275947 0.323230 3.671632
v -1.271490 0.357696 3.606934
v -1.262061 0.343460 3.626644
v -1.263047 0.309088 3.674825
v -1.255009 0.319713 3.641943
v -1.241153 0.294839 3.652210
v -1.242746 0.290786 3.676205
v -1.258251 0.327221 3.623148
v -1.244040 0.301051 3.641216
v -1.231563 0.287610 3.651645
v -1.285761 0.308536 3.573262
v -1.265893 0.307515 3.591012
v -1.248974 0.297557 3.609616
v -1.291493 0.312259 3.565675
v -1.250191 0.295931 3.594512
v -1.287093 0.376413 3.625528
v -1.271131 0.368869 3.632330
v -1.248531 0.315183 3.699661
v -1.226992 0.285631 3.687575
v -1.212369 0.287393 3.655405
v -1.242902 0.293298 3.588279
v -1.246761 0.288910 3.572395
v -1.197866 0.298433 3.602066
v -1.273486 0.290710 3.560752
v -1.280185 0.287415 3.548731
v -1.288594 0.282869 3.530543
v -1.224772 0.286130 3.568975
v -1.241565 0.300256 3.539870
v -1.209201 0.287298 3.559653
v -1.249345 0.301598 3.511996
v -1.238981 0.301761 3.524497
v -1.217464 0.288024 3.539299
v -1.222391 0.288367 3.532524
v -1.213481 0.286226 3.557765
v -1.241879 0.299667 3.500686
v -1.237595 0.289859 3.515975
v -1.227890 0.285364 3.540529
v -1.246393 0.300248 3.494118
v -1.239585 0.296454 3.508736
v -1.243783 0.291261 3.478725
v -1.244967 0.294203 3.472407
v -1.247219 0.285126 3.513239
v -1.250030 0.294403 3.457063
v -1.253000 0.296147 3.466898
v -1.291583 0.279589 3.496150
v -1.298077 0.282509 3.525002
v -1.297891 0.285462 3.534341
v -1.259403 0.289258 3.426317
v -1.248251 0.287444 3.472811
v -1.261361 0.284935 3.482918
v -1.213085 0.280388 3.510517
v -1.270428 0.287265 3.456975
v -1.261601 0.287467 3.430592
v -1.274435 0.285751 3.451262
v -1.258565 0.280616 3.471716
v -1.280105 0.287556 3.434437
v -1.247089 0.278788 3.475975
v -1.216639 0.278595 3.469790
v -1.277164 0.283009 3.439558
v -1.291280 0.285087 3.410147
v -1.258801 0.277653 3.404012
v -1.297937 0.286064 3.394902
v -1.236447 0.278648 3.414934
v -1.218990 0.281354 3.420035
v -1.302250 0.287211 3.384315
v -1.297418 0.282553 3.388775
v -1.307659 0.283768 3.368829
v -1.237978 0.280125 3.395638
v -1.209171 0.287669 3.404640
v -1.195981 0.289118 3.416897
v -1.315051 0.284605 3.353687
v -1.303110 0.279894 3.359516
v -1.241493 0.282846 3.372360
v -1.262637 0.291412 3.416559
v -1.185280 0.289391 3.440294
v -1.179632 0.288101 3.404849
v -1.266040 0.278333 3.359552
v -1.319391 0.286738 3.344521
v -1.310402 0.288044 3.363431
v -1.303709 0.289404 3.368635
v -1.267761 0.292252 3.404038
v -1.248719 0.290310 3.329078
v -1.297810 0.277867 3.308139
v -1.168337 0.282864 3.335539
v -1.277996 0.289960 3.269680
v -1.267495 0.293252 3.269778
v -1.205673 0.293274 3.323936
v -1.202996 0.290031 3.300606
v -1.183101 0.282576 3.292014
v -1.293173 0.286687 3.232961
v -1.278700 0.288381 3.231475
v -1.244806 0.290406 3.257798
v -1.200777 0.281536 3.269284
v -1.219094 0.280555 3.237957
v -1.309329 0.278525 3.325083
v -1.149083 0.279668 3.273669
v -1.230441 0.283381 3.248056
v -1.269970 0.279803 3.197008
v -1.253002 0.278201 3.198563
v -1.170563 0.283870 3.208290
v -1.199621 0.283412 3.184515
v -1.153063 0.289807 3.193235
v -1.179066 0.293007 3.159904
v -1.185360 0.290706 3.125512
v -1.258744 0.281085 3.120191
v -1.221362 0.282818 3.110872
v -1.172745 0.291806 3.127581
v -1.176056 0.291247 3.081774
v -1.283203 0.279505 3.164567
v -1.153929 0.280750 3.037148
v -1.228200 0.283654 3.005424
v -1.182873 0.289862 3.039637
v -1.087583 0.278074 3.008191
v -1.139625 0.278675 3.023130
v -1.197729 0.286964 3.000966
v -1.169657 0.287311 2.995452
v -1.121621 0.279474 3.006575
v -1.107086 0.286442 2.975361
v -1.199292 0.282851 2.982111
v -1.188967 0.290710 3.062269
v -1.073084 0.279533 2.988155
v -1.035119 0.283390 2.962270
v -1.052986 0.284829 2.936111
v -1.152354 0.283911 2.934298
v -1.114394 0.285036 2.929017
v -1.071703 0.287575 2.927579
v -1.092744 0.283976 2.939216
v -1.132676 0.279981 2.939215
v -1.124352 0.282801 2.930903
v -1.130897 0.279308 2.960541
v -1.058703 0.288219 2.939641
v -1.038015 0.283804 2.924082
v -1.078838 0.284780 2.959413
v -1.034366 0.289078 2.930441
v -1.002550 0.289770 2.927871
v -1.150346 0.283568 2.951238
v -1.034741 0.285022 2.977442
v -0.959386 0.292349 2.937001
v -1.039122 0.281661 3.004893
v -0.983813 0.280933 2.969756
v -0.969985 0.278563 2.976966
v -1.022927 0.282656 3.052257
v -0.988869 0.278269 3.113751
v -1.065254 0.282030 3.001092
v -1.010408 0.295561 2.942159
v -0.976569 0.293533 2.932562
v -1.053050 0.278316 3.080467
v -1.095160 0.284458 3.032908
v -1.201764 0.301259 3.722986
v -1.192024 0.286904 3.754519
v -1.167050 0.284916 3.745907
v -1.173076 0.287116 3.738359
v -1.191304 0.297792 3.720573
v -1.144340 0.289984 3.776861
v -1.163589 0.289585 3.720287
v -1.120802 0.291457 3.808321
v -1.164908 0.289982 3.706530
v -1.119888 0.287676 3.776202
v -1.189806 0.281447 3.680670
v -1.162890 0.288032 3.696717
v -1.127620 0.285516 3.742566
v -1.161439 0.286523 3.665118
v -1.131697 0.288544 3.704986
v -1.207329 0.305086 3.729222
v -1.114095 0.290528 3.822880
v -1.095022 0.292111 3.787109
v -1.172416 0.285944 3.657916
v -1.082165 0.282746 3.683372
v -1.144580 0.286585 3.652374
v -1.125690 0.289770 3.665335
v -1.090428 0.282412 3.697587
v -1.152472 0.286151 3.615844
v -1.109392 0.291456 3.652476
v -1.089551 0.285367 3.657869
v -1.144732 0.286439 3.621451
v -1.170500 0.285631 3.597296
v -1.063964 0.288381 3.636549
v -1.106085 0.290739 3.616499
v -1.083488 0.287340 3.620882
v -1.121280 0.288524 3.595723
v -1.137318 0.287423 3.566895
v -1.182004 0.287254 3.589140
v -1.122967 0.279844 3.528128
v -1.087131 0.279093 3.544420
v -1.109469 0.278190 3.533502
v -1.048965 0.285482 3.530280
v -1.155884 0.289973 3.477204
v -1.052305 0.281917 3.470801
v -1.087487 0.278167 3.480032
v -1.121509 0.280498 3.474421
v -1.025715 0.284352 3.490706
v -1.128178 0.279179 3.434923
v -1.013922 0.283157 3.543142
v -1.165761 0.290043 3.492498
v -1.074783 0.280843 3.397366
v -1.064733 0.282237 3.392421
v -1.027758 0.289846 3.404376
v -1.104671 0.278504 3.344742
v -1.119596 0.278321 3.343582
v -1.046239 0.288513 3.371316
v -1.065833 0.288705 3.331061
v -1.049157 0.287334 3.345093
v -1.130923 0.279257 3.298833
v -1.097350 0.280259 3.333367
v -1.101123 0.289644 3.267523
v -1.005210 0.283446 3.393078
v -1.028493 0.279268 3.324677
v -1.109955 0.280363 3.213986
v -1.053035 0.277807 3.263421
v -0.929971 0.279583 3.168997
v -1.080987 0.277756 3.206487
v -1.105350 0.278462 3.150270
v -1.049181 0.278816 3.111572
v -0.995759 0.280483 3.053529
v -1.040219 0.279291 2.988793
v -1.041557 0.285718 3.030619
v -1.001044 0.285653 3.014118
v -0.926286 0.280524 3.042596
v -1.006360 0.285672 3.003324
v -0.954101 0.279870 3.014361
v -0.980111 0.281902 2.923830
v -0.959057 0.283000 2.954965
v -0.890592 0.281419 2.944826
v -0.904920 0.281163 2.945854
v -0.860963 0.280026 2.934169
v -0.893552 0.285679 2.918451
v -0.943929 0.282351 2.901392
v -0.915205 0.286317 2.898810
v -0.866281 0.291100 2.909215
v -0.879955 0.286193 2.950387
v -0.842270 0.281651 2.926379
v -0.853481 0.294285 2.903793
v -0.918078 0.283240 2.895895
v -0.995860 0.284308 2.914562
v -0.909997 0.281151 2.919844
v -0.861207 0.282270 2.886679
v -0.838846 0.290480 2.881116
v -0.823789 0.296962 2.881126
v -0.907537 0.285567 2.927665
v -0.880130 0.279406 2.908815
v -0.867202 0.279245 2.894503
v -0.845190 0.284495 2.883064
v -0.831003 0.285586 2.882324
v -0.815191 0.292686 2.876267
v -0.848532 0.281622 2.896709
v -0.867372 0.285929 2.921375
v -0.815552 0.290615 2.890260
v -0.810202 0.291580 2.879024
v -0.868299 0.286655 2.930664
v -0.828794 0.288836 2.909192
v -0.853061 0.284821 2.934580
v -0.807953 0.281917 2.915569
v -0.783121 0.282881 2.901541
v -0.876926 0.285459 2.960423
v -0.909095 0.278741 2.908019
v -0.888743 0.279669 2.893128
v -0.872840 0.284800 2.888396
v -0.835946 0.298755 2.892943
v -0.823715 0.299173 2.895950
v -0.799816 0.297624 2.873641
v -0.801860 0.283963 2.945414
v -0.949870 0.290239 2.930831
v -1.100791 0.268395 3.856561
v -1.054429 0.255294 3.869448
v -1.089475 0.281995 3.843988
v -1.022087 0.268262 3.862108
v -1.008422 0.261399 3.867802
v -1.038203 0.279243 3.845812
v -1.049415 0.282567 3.835634
v -0.951527 0.256280 3.870586
v -1.026944 0.281542 3.837195
v -0.969383 0.263184 3.864514
v -0.999080 0.286210 3.833803
v -0.991606 0.280301 3.845841
v -0.929032 0.266603 3.862315
v -1.057779 0.282419 3.793176
v -1.001729 0.289005 3.813434
v -1.055390 0.284659 3.774207
v -1.014979 0.288921 3.808379
v -1.016843 0.290623 3.780424
v -0.953774 0.279962 3.838147
v -0.924908 0.278513 3.838271
v -0.934396 0.260156 3.867780
v -0.933316 0.273089 3.854882
v -1.064163 0.284333 3.763175
v -1.082203 0.291629 3.822853
v -1.031140 0.290466 3.737008
v -0.965912 0.281494 3.761256
v -0.909311 0.288291 3.776349
v -0.931313 0.290311 3.756147
v -0.915577 0.290215 3.760514
v -1.008362 0.279810 3.709807
v -0.989449 0.278869 3.722545
v -0.944612 0.290562 3.726718
v -0.977047 0.280051 3.697754
v -1.024175 0.280470 3.661005
v -0.932479 0.292594 3.721826
v -0.945176 0.291764 3.687873
v -0.974991 0.283048 3.649128
v -0.899008 0.282496 3.712857
v -0.989094 0.281490 3.608753
v -0.939801 0.292425 3.662145
v -0.897102 0.281945 3.678725
v -0.911559 0.282812 3.663695
v -0.952691 0.292024 3.650287
v -1.041255 0.288404 3.696362
v -0.908822 0.282930 3.626393
v -0.870016 0.287281 3.633641
v -0.969567 0.291751 3.585568
v -0.971982 0.293014 3.564522
v -0.927413 0.283094 3.598818
v -0.916400 0.281786 3.588583
v -0.980836 0.292428 3.540020
v -0.971711 0.292314 3.540488
v -0.947664 0.283247 3.537198
v -0.918395 0.280949 3.529971
v -0.886478 0.288191 3.542705
v -0.872737 0.289069 3.576175
v -0.961245 0.282237 3.499664
v -0.871245 0.289751 3.523816
v -0.921015 0.283512 3.622407
v -0.998813 0.282307 3.571046
v -0.868135 0.289357 3.488551
v -0.836895 0.281121 3.468614
v -0.876715 0.287930 3.451085
v -0.884625 0.286514 3.424694
v -0.927343 0.279110 3.434932
v -0.863827 0.278392 3.307674
v -0.811182 0.282094 3.341338
v -0.848358 0.278031 3.238632
v -0.900710 0.280182 3.315510
v -0.763421 0.280089 3.340028
v -0.770518 0.277950 3.279085
v -0.934181 0.277920 3.081872
v -0.749339 0.280090 3.129598
v -0.872753 0.279190 3.198587
v -0.837825 0.283914 2.992445
v -0.829081 0.281061 3.022204
v -0.745119 0.280227 2.988994
v -0.814362 0.278681 2.991793
v -0.776351 0.278645 2.945107
v -0.811036 0.286836 2.917851
v -0.791274 0.281346 2.914450
v -0.734161 0.284064 2.906098
v -0.704304 0.280010 2.900426
v -0.784804 0.282932 2.899178
v -0.814428 0.284437 2.919501
v -0.836013 0.291445 2.930154
v -0.758582 0.280948 2.876980
v -0.741042 0.272096 2.861825
v -0.714708 0.267457 2.861315
v -0.665540 0.270708 2.865738
v -0.766731 0.291902 2.875439
v -0.722625 0.260967 2.854455
v -0.706738 0.251271 2.851030
v -0.660492 0.263662 2.858184
v -0.748776 0.284170 2.867042
v -0.771465 0.299418 2.862741
v -0.757186 0.294755 2.856051
v -0.730721 0.281104 2.851047
v -0.720910 0.272006 2.850889
v -0.697780 0.249131 2.845406
v -0.693507 0.243985 2.847136
v -0.679598 0.236714 2.843708
v -0.664615 0.229978 2.839914
v -0.664724 0.239804 2.834892
v -0.651007 0.226743 2.835446
v -0.708534 0.282953 2.842461
v -0.700879 0.276351 2.875242
v -0.679755 0.277287 2.879727
v -0.645371 0.222613 2.839633
v -0.635616 0.242564 2.832662
v -0.731024 0.287424 2.863130
v -0.882534 0.271981 3.856165
v -0.869772 0.263763 3.864654
v -0.848268 0.257864 3.869779
v -0.828475 0.260114 3.867281
v -0.873179 0.278650 3.844670
v -0.797670 0.259914 3.867617
v -0.776793 0.253764 3.872498
v -0.811098 0.268465 3.859159
v -0.764565 0.259000 3.867983
v -0.752821 0.255843 3.870019
v -0.732844 0.258849 3.867172
v -0.750175 0.262675 3.863889
v -0.811696 0.274127 3.850149
v -0.823539 0.281063 3.788641
v -0.810840 0.278459 3.716217
v -0.771245 0.277903 3.832564
v -0.748575 0.273030 3.849584
v -0.852368 0.283975 3.731609
v -0.866324 0.280421 3.771683
v -0.735118 0.277874 3.664517
v -0.813321 0.277912 3.634325
v -0.763248 0.280280 3.586797
v -0.827257 0.278911 3.509111
v -0.830879 0.279066 3.647349
v -0.772040 0.280202 3.438281
v -0.632175 0.278715 3.477557
v -0.779169 0.278284 3.383346
v -0.655418 0.277902 3.405225
v -0.628273 0.279170 3.369430
v -0.603652 0.279414 3.267457
v -0.595135 0.286328 3.351966
v -0.586684 0.286690 3.381014
v -0.610004 0.278197 3.158711
v -0.554773 0.288503 3.189054
v -0.562245 0.287686 3.111729
v -0.545473 0.287434 3.127756
v -0.621773 0.281363 3.090377
v -0.538844 0.278556 3.062206
v -0.668576 0.277788 2.972040
v -0.584083 0.279882 3.049612
v -0.638297 0.276983 2.902609
v -0.568720 0.269201 2.868674
v -0.495247 0.276603 2.886649
v -0.510631 0.272335 2.873344
v -0.636174 0.252514 2.852195
v -0.537333 0.265726 2.863878
v -0.492991 0.257117 2.856490
v -0.463673 0.264990 2.863943
v -0.545053 0.247029 2.852177
v -0.471652 0.249383 2.852566
v -0.598529 0.207714 2.837464
v -0.563853 0.201087 2.838991
v -0.557020 0.207221 2.842603
v -0.512077 0.201437 2.841934
v -0.456071 0.271803 2.876341
v -0.587369 0.204215 2.835281
v -0.621460 0.215117 2.838993
v -0.603521 0.216316 2.842468
v -0.604462 0.246302 2.850698
v -0.614511 0.260942 2.858274
v -0.630802 0.275384 2.886667
v -0.647045 0.261451 3.862965
v -0.623138 0.256366 3.867564
v -0.620466 0.263001 3.860960
v -0.591526 0.256984 3.866766
v -0.528071 0.242757 3.876963
v -0.538892 0.253503 3.869319
v -0.659014 0.275991 3.835109
v -0.580652 0.274735 3.839254
v -0.555621 0.267448 3.854553
v -0.608060 0.277290 3.824228
v -0.514317 0.272183 3.844609
v -0.685493 0.262516 3.862450
v -0.656982 0.256214 3.868127
v -0.575894 0.278480 3.572001
v -0.495133 0.278026 3.605185
v -0.550882 0.279022 3.501408
v -0.470572 0.278651 3.515467
v -0.585545 0.284586 3.485959
v -0.621047 0.278064 3.580757
v -0.510638 0.277579 3.459070
v -0.425885 0.283719 3.453073
v -0.441035 0.283535 3.444443
v -0.544470 0.278966 3.379574
v -0.418981 0.282464 3.343326
v -0.405522 0.283036 3.264607
v -0.566434 0.283662 3.318742
v -0.577454 0.286101 3.383279
v -0.493262 0.278080 3.121763
v -0.377597 0.286906 3.184858
v -0.375298 0.281224 3.264257
v -0.434658 0.279255 3.148230
v -0.384260 0.287555 3.140913
v -0.351937 0.278912 3.096661
v -0.398907 0.286663 3.063888
v -0.393720 0.287542 3.111220
v -0.413149 0.286432 3.058064
v -0.413872 0.285756 3.021702
v -0.290830 0.283830 2.972949
v -0.440083 0.276944 2.899592
v -0.368248 0.277209 2.900983
v -0.393959 0.268263 2.867651
v -0.294261 0.281174 2.910573
v -0.429080 0.259102 2.857733
v -0.349464 0.267057 2.861638
v -0.325915 0.273156 2.870720
v -0.388975 0.249132 2.851253
v -0.254637 0.272368 2.872025
v -0.395735 0.273345 2.880940
v -0.477116 0.247514 3.873711
v -0.450846 0.241811 3.877358
v -0.436587 0.254618 3.868020
v -0.413202 0.249612 3.872050
v -0.388047 0.264929 3.856624
v -0.359658 0.254221 3.868277
v -0.335552 0.249247 3.872208
v -0.343318 0.274414 3.836188
v -0.317483 0.254031 3.868240
v -0.313231 0.268389 3.851128
v -0.453464 0.259650 3.863225
v -0.492950 0.242417 3.877124
v -0.445630 0.282904 3.601407
v -0.458590 0.278077 3.703087
v -0.404822 0.278074 3.649329
v -0.399461 0.278108 3.563355
v -0.382006 0.278071 3.447265
v -0.278753 0.277995 3.239949
v -0.220832 0.280028 3.032791
v -0.188043 0.278026 3.072508
v -0.237275 0.278199 2.974746
v -0.142030 0.279152 2.992884
v -0.143069 0.281150 2.964139
v -0.112069 0.287402 2.927463
v -0.164557 0.278118 2.887850
v -0.101561 0.279835 3.012342
v -0.088927 0.285002 2.928564
v -0.089015 0.287235 2.924839
v -0.230429 0.205046 3.889020
v -0.282297 0.254020 3.868417
v -0.258406 0.249074 3.872265
v -0.237806 0.264494 3.857168
v -0.233502 0.259559 3.862915
v -0.204823 0.253857 3.868497
v -0.123593 0.206357 3.888107
v -0.132051 0.255124 3.867814
v -0.168111 0.261558 3.860778
v -0.200711 0.275258 3.832200
v -0.244418 0.276778 3.820780
v -0.101765 0.273884 3.835830
v -0.096428 0.276852 3.815045
v -0.108765 0.267813 3.851535
v 0.014659 0.291774 3.326053
v 0.008694 0.286149 3.321519
v -0.219937 0.277875 3.284142
v 0.016391 0.297741 3.271841
v 0.012436 0.289781 3.265694
v 0.011022 0.299913 3.245150
v -0.002150 0.282820 3.202675
v -0.001769 0.306889 3.214834
v -0.016900 0.278913 3.185583
v 0.003548 0.287097 3.210701
v 0.000045 0.301100 3.207640
v -0.001025 0.287054 3.178117
v 0.001625 0.291483 3.189110
v -0.005384 0.286902 3.149801
v -0.002030 0.295421 3.170206
v -0.016144 0.280743 3.140334
v -0.007339 0.298131 3.150612
v -0.019882 0.305666 3.165352
v -0.058340 0.277597 3.096247
v -0.027535 0.279296 3.107822
v -0.007490 0.291242 3.123219
v -0.025013 0.281266 3.086342
v -0.015855 0.285510 3.093514
v -0.010628 0.294111 3.108513
v -0.019972 0.297332 3.113945
v 0.000384 0.281894 3.229620
v -0.004309 0.314647 3.212552
v -0.023890 0.315065 3.167987
v -0.012307 0.291639 3.093425
v -0.040830 0.281456 3.038634
v -0.029688 0.286949 3.043482
v -0.021222 0.297024 3.056100
v -0.022219 0.297449 3.078081
v -0.050494 0.286791 3.075442
v -0.029230 0.302457 3.050906
v -0.031593 0.292502 3.027841
v -0.030636 0.298809 3.061270
v -0.058864 0.288347 3.076159
v -0.065414 0.287009 3.053456
v -0.046887 0.286994 2.997529
v -0.038149 0.298870 3.010817
v -0.031325 0.304049 3.039060
v -0.051904 0.303441 3.038530
v -0.054141 0.288494 3.057056
v -0.051989 0.290450 2.982621
v -0.057819 0.314216 3.012240
v -0.078930 0.294741 3.045757
v -0.081810 0.316187 3.007056
v -0.080377 0.310554 3.049824
v -0.051207 0.304147 2.993557
v -0.077456 0.309143 3.020555
v -0.093720 0.312570 3.011993
v -0.114821 0.316397 3.037467
v -0.081455 0.317220 2.996515
v -0.109477 0.309509 3.021299
v -0.088589 0.305049 2.969220
v -0.100091 0.316011 2.996334
v -0.112199 0.312624 3.013487
v -0.057356 0.300598 3.086124
v -0.074761 0.305871 3.053944
v -0.086898 0.321248 3.046148
v -0.117553 0.312638 3.009399
v -0.068003 0.285715 2.957423
v -0.065054 0.279733 2.999959
v -1.568352 0.485691 3.570224
v -0.177430 0.336906 2.996525
v -0.198185 0.337974 2.986925
v -1.337621 0.283430 3.384953
v -1.390012 0.286046 3.295924
v -1.475596 0.291066 3.061948
v -1.466018 0.287574 3.035319
v -1.464947 0.277063 3.022791
v -1.481718 0.289552 3.044048
v -1.494767 0.294700 3.033040
v -1.537148 0.280154 3.019824
v -1.564550 0.306495 3.130566
v -1.567209 0.343060 3.175962
v -1.564142 0.421737 3.314433
v -1.571195 0.417684 3.334186
v -1.280617 0.366186 3.650311
v -1.287306 0.334355 3.676583
v -1.276724 0.321051 3.692787
v -1.206264 0.282601 3.753302
v -1.199129 0.275708 3.768925
v -0.103695 0.243283 3.868603
v -0.095562 0.261840 3.848804
v -0.016864 0.270040 3.552656
v 0.013737 0.281159 3.436079
v 0.019529 0.288105 3.411471
v 0.021941 0.317586 3.268744
v -0.068318 0.307805 3.065145
v -0.224439 0.292083 2.929358
v -0.164811 0.287014 2.866479
v -0.115693 0.259267 2.820821
v -0.128933 0.231392 2.814502
v -0.308425 0.139682 2.836394
v -0.376737 0.150380 2.823677
v -0.408849 0.188157 2.817192
v -0.447730 0.220006 2.830051
v -0.504354 0.279378 2.868316
v -0.946952 0.285183 3.260610
v -1.423550 0.412130 3.576858
v -1.391758 0.342776 3.397957
v -1.426922 0.334188 3.352980
v -1.416892 0.323041 3.319765
v -1.421044 0.320700 3.303030
v -1.423874 0.291229 3.254809
v -1.420929 0.291094 3.231048
v -1.412336 0.283116 3.212799
v -1.406204 0.294610 3.171362
v -1.387291 0.304070 3.096297
v -1.387742 0.297957 3.086806
v -1.392715 0.294542 3.077734
v -1.390639 0.292007 3.048342
v -1.371093 0.292514 3.032638
v -1.330444 0.295470 3.039536
v -1.283435 0.294842 3.095184
v -1.294148 0.292235 3.141495
v -1.292702 0.358669 3.591451
v -1.295661 0.270030 3.487634
v -1.276864 0.274815 3.456553
v -1.273861 0.278757 3.433096
v -1.272418 0.283912 3.416282
v -1.283765 0.292285 3.374487
v -1.295321 0.295780 3.367136
v -1.310416 0.296147 3.348860
v -1.323401 0.293151 3.338542
v -1.330276 0.288562 3.330036
v -1.292786 0.273913 3.031590
v -1.248086 0.274001 2.992672
v -1.192178 0.288579 2.945369
v -1.065353 0.288523 3.077043
v -1.228716 0.299311 3.716363
v -1.200525 0.272494 3.674376
v -1.204617 0.280514 3.570808
v -1.177409 0.279773 3.426788
v -1.168018 0.273656 3.404682
v -1.170615 0.269349 3.253427
v -1.097560 0.273792 3.084342
v -1.048031 0.274351 2.963404
v -0.960403 0.292732 2.922568
v -0.954891 0.299614 2.933806
v -0.933230 0.288724 2.975298
v -0.696950 0.290116 2.965363
v -1.056723 0.279037 3.681692
v -1.015176 0.273157 3.545938
v -1.006535 0.274862 3.528377
v -0.997757 0.282245 3.496497
v -0.878576 0.278786 2.949574
v -0.829707 0.276876 2.922879
v -0.822863 0.282681 2.905905
v -0.798765 0.298027 2.874493
v -0.783076 0.303292 2.870399
v -0.743328 0.296759 2.869091
v -0.598211 0.223261 2.827114
v -0.573479 0.220854 2.816846
v -0.574673 0.230294 2.810989
v -0.542057 0.245319 2.813039
v -0.913754 0.253826 3.862588
v -0.890233 0.271835 3.708986
v -0.836291 0.270034 3.545567
v -0.790477 0.268224 3.386379
v -0.763501 0.269996 3.341577
v -0.770391 0.267995 3.279710
v -0.700589 0.266180 2.873339
v -0.630192 0.212566 2.841735
v -0.627526 0.215625 2.829699
v -0.410659 0.212684 2.847630
v -0.379386 0.141934 2.833336
v -0.698015 0.256842 3.856507
v -0.639504 0.267117 3.827610
v -0.591321 0.276043 3.444687
v -0.581758 0.276840 3.386156
v -0.476267 0.264464 3.836894
v -0.446514 0.272964 3.598038
v -0.127772 0.306487 2.887979
v -0.136160 0.290770 2.859690
v -0.133823 0.283476 2.841455
v -0.305181 0.250652 3.859795
v -1.426980 0.291902 3.217947
v -1.526735 0.273325 3.045702
v -1.546196 0.282417 3.039537
v -1.465685 0.276837 3.031884
v -1.370591 0.288399 3.306456
v -1.317746 0.329521 3.518397
v -1.312902 0.268902 3.418672
v -1.359037 0.277634 3.392111
v -1.370617 0.282799 3.373643
v -1.390188 0.312682 3.355236
v -1.400090 0.313718 3.337860
v -1.333021 0.291587 3.318828
v -1.328977 0.294337 3.298075
v -1.380590 0.282197 3.142066
v -1.386239 0.284028 3.129090
v -1.337170 0.301279 3.035311
v -1.364745 0.294302 3.041051
v -1.234905 0.287563 2.952485
v -1.205033 0.290508 3.244489
v -1.216910 0.285265 3.592976
v -1.243341 0.285344 3.586497
v -1.289159 0.295378 3.563895
v -1.234141 0.275021 3.524063
v -1.246680 0.281135 3.518658
v -1.256822 0.287386 3.499139
v -1.264073 0.293944 3.465265
v -1.196603 0.283849 3.370577
v -1.230793 0.291656 3.351683
v -1.327687 0.278133 3.326728
v -1.270817 0.270204 3.198846
v -1.182756 0.280474 3.048066
v -1.011561 0.301281 2.931602
v -1.033520 0.295115 2.978148
v -0.954406 0.290111 3.072266
v -1.157094 0.284486 3.648862
v -1.186920 0.270984 3.535157
v -1.017938 0.280455 3.432411
v -1.025518 0.280493 3.431531
v -1.061277 0.272131 3.403310
v -1.078398 0.267883 3.130922
v -0.904700 0.270154 2.980209
v -0.973245 0.279583 2.983190
v -0.801766 0.293489 2.954210
v -1.034385 0.281275 3.767586
v -0.875836 0.276734 3.651195
v -0.945543 0.283644 3.635017
v -0.950087 0.284068 3.612224
v -0.982485 0.273412 3.609124
v -0.993554 0.271117 3.606252
v -0.868718 0.280083 3.498570
v -0.987495 0.275417 3.454883
v -0.901927 0.270053 3.310692
v -0.705806 0.269559 2.887596
v -0.800010 0.277858 2.906329
v -0.640083 0.249416 2.825242
v -0.646965 0.265364 2.826374
v -0.874992 0.270617 3.838058
v -0.700431 0.268466 3.358097
v -0.519768 0.267733 2.910531
v -0.700759 0.250968 3.862283
v -0.496239 0.267886 3.602153
v -0.547075 0.269431 3.351461
v -0.358593 0.270293 3.107970
v -0.390294 0.277111 3.101556
v -0.515335 0.268767 3.095231
v -0.388766 0.268984 2.986265
v -0.440460 0.267324 2.905655
v -0.294885 0.252951 2.858287
v -0.377617 0.217158 2.842584
v -0.286058 0.273583 2.974747
v -0.274959 0.272693 3.006207
v -0.104934 0.282791 2.901241
v -0.121612 0.277103 2.902304
v -0.108460 0.250622 3.860799
v -0.137659 0.254313 3.855702
v -0.158655 0.257386 3.851366
v -0.206341 0.260587 3.845821
v -0.019628 0.268303 3.227574
v 0.020396 0.311078 3.254233
v 0.017285 0.293067 3.238264
v -0.027298 0.304018 3.078830
v -0.017235 0.303122 3.082214
v -0.011985 0.290850 3.072579
v -0.047674 0.269505 3.057515
v -0.135244 0.329689 3.025140
v -0.119888 0.321351 3.008761
v -0.107611 0.322530 2.983902
v -0.091798 0.298937 2.920998
v -0.130507 0.312805 2.991291
v -0.128487 0.320912 3.012264
v -0.141050 0.306793 2.983167
v -0.114986 0.304941 2.933809
v -0.127233 0.303830 2.956419
v -0.157064 0.308506 2.983434
v -0.183915 0.316179 2.998048
v -0.157767 0.308768 2.975359
v -0.178555 0.313045 2.994887
v -0.124541 0.313496 2.919049
v -0.136550 0.316969 2.931423
v -0.178887 0.310069 2.978740
v -0.172730 0.325046 3.008407
v -0.139576 0.316671 2.919760
v -0.167212 0.315377 2.941549
v -0.217744 0.321354 2.979787
v -0.213009 0.315302 2.981072
v -0.140166 0.312276 2.901552
v -0.164222 0.312881 2.921944
v -0.207471 0.304949 2.957970
v -0.221266 0.297370 2.935266
v -0.231708 0.302994 2.955904
v -0.234811 0.310334 2.965608
v -0.101420 0.307708 2.930866
v -0.116000 0.313877 2.962122
v -0.153463 0.331314 3.017956
v -0.198804 0.326589 2.991175
v -0.125170 0.311618 2.900783
v -0.109118 0.302883 2.914469
v -1.266216 0.288943 3.319993
v -1.235268 0.292657 3.308432
v -1.206042 0.293648 3.351916
v -1.162348 0.287665 3.354896
v -1.230138 0.288078 3.400614
v -1.208502 0.286758 3.421608
v -1.171978 0.288372 3.398086
v -1.302799 0.285949 3.420340
v -1.161245 0.289847 3.238039
v -1.144965 0.287736 3.204283
v -1.107386 0.290987 3.191064
v -1.112715 0.288154 3.226328
v -1.125375 0.290583 3.255053
v -1.077187 0.287934 3.304788
v -1.061087 0.288595 3.327350
v -0.910978 0.291445 3.069353
v -0.949821 0.290284 3.170514
v -0.910756 0.287554 3.221240
v -0.776797 0.290798 2.969753
v -0.784569 0.288782 3.013204
v -0.737699 0.293888 2.989379
v -0.723775 0.289559 3.041012
v -0.723021 0.287791 3.068127
v -0.631284 0.276925 2.836121
v -0.625372 0.266668 2.821818
v -0.605901 0.254347 2.813810
v -0.606895 0.271530 2.825503
v -0.586624 0.250210 2.810835
v -0.572113 0.269736 2.824236
v -0.579535 0.281821 2.849719
v -0.582552 0.275535 2.832113
v -0.696831 0.290343 2.887947
v -0.545012 0.278054 2.844068
v -0.632649 0.287911 2.970552
v -0.625182 0.287319 2.888491
v -0.536288 0.286840 2.887825
v -0.516147 0.282849 2.866831
v -0.654251 0.273909 2.835098
v -0.611221 0.244736 2.815421
v -0.544624 0.264369 2.824037
v -0.527666 0.271526 2.836269
v -0.536868 0.191511 2.828012
v -0.477466 0.177965 2.832756
v -0.454354 0.180674 2.837647
v -0.496351 0.184645 2.825461
v -0.449291 0.175669 2.831286
v -0.479041 0.179018 2.826075
v -0.443682 0.174386 2.826553
v -0.544716 0.207768 2.819389
v -0.499019 0.192777 2.828004
v -0.440310 0.175620 2.824411
v -0.514884 0.197421 2.821066
v -0.467168 0.184105 2.826693
v -0.475582 0.184941 2.819893
v -0.438216 0.176436 2.825818
v -0.530159 0.213461 2.811170
v -0.518596 0.202034 2.814846
v -0.461387 0.180001 2.824445
v -0.499739 0.200211 2.812574
v -0.415353 0.160512 2.828109
v -0.484010 0.196890 2.812331
v -0.475424 0.210126 2.815794
v -0.457003 0.184949 2.812304
v -0.422913 0.160491 2.824232
v -0.443129 0.188580 2.812902
v -0.422520 0.169555 2.812691
v -0.406209 0.168317 2.811489
v -0.526629 0.185347 2.830943
v -0.502288 0.181028 2.833634
v -0.482900 0.183484 2.839239
v -0.421945 0.174865 2.821905
v -0.398829 0.155556 2.818173
v -0.414415 0.177109 2.810369
v -0.419394 0.185196 2.812209
v -0.443722 0.205021 2.822297
v -0.465425 0.246144 2.830911
v -0.481603 0.265416 2.839724
v -0.566920 0.211141 2.828481
v -0.352884 0.220250 2.840585
v -0.383235 0.187838 2.820859
v -0.258570 0.214118 2.828683
v -0.365610 0.172100 2.817470
v -0.274628 0.201996 2.826020
v -0.325507 0.146718 2.830391
v -0.269221 0.171645 2.835488
v -0.349494 0.146698 2.827971
v -0.206556 0.188961 2.843858
v -0.320984 0.137898 2.834368
v -0.221022 0.163279 2.833236
v -0.308049 0.139357 2.832980
v -0.228818 0.159664 2.818073
v -0.282789 0.143073 2.828862
v -0.295645 0.141648 2.831201
v -0.377834 0.142827 2.834291
v -0.380345 0.161571 2.819942
v -0.398712 0.174573 2.817108
v -0.120033 0.271329 2.880266
v -0.131090 0.266458 2.860625
v -0.115342 0.274743 2.876299
v -0.145258 0.261290 2.850847
v -0.123887 0.273775 2.863041
v -0.106412 0.290439 2.886153
v -0.159442 0.255916 2.845868
v -0.119996 0.285811 2.869277
v -0.112693 0.293159 2.880874
v -0.202023 0.220165 2.840255
v -0.161936 0.248320 2.843817
v -0.142234 0.259104 2.852588
v -0.118168 0.291512 2.878186
v -0.130917 0.258708 2.856677
v -0.131297 0.247449 2.852320
v -0.151997 0.212381 2.845997
v -0.124458 0.243032 2.850371
v -0.111880 0.275461 2.862904
v -0.117973 0.241956 2.846393
v -0.109055 0.263984 2.852406
v -0.110542 0.278156 2.857645
v -0.170926 0.185982 2.834716
v -0.147964 0.202294 2.831923
v -0.117447 0.237892 2.838634
v -0.108512 0.267390 2.844170
v -0.116478 0.241465 2.829743
v -0.109383 0.256261 2.840111
v -0.115794 0.277359 2.840534
v -0.098997 0.294940 2.905965
v -0.112677 0.298777 2.891559
v -0.117966 0.298211 2.883482
v -0.119086 0.295689 2.873542
v -0.124826 0.284970 2.848022
v -0.135315 0.216889 2.823023
v -0.158648 0.196868 2.816614
v -0.183045 0.177750 2.824580
v -0.198014 0.239299 2.840500
v -0.235406 0.240804 2.850198
v -1.527661 0.439403 3.589988
v -1.497005 0.427032 3.599623
v -1.568750 0.482403 3.559875
v -1.514127 0.435921 3.555613
v -1.554531 0.466807 3.544881
v -1.534303 0.450988 3.547047
v -1.495552 0.428583 3.557086
v -1.536343 0.453349 3.530124
v -1.484792 0.431727 3.521007
v -1.522623 0.446750 3.523623
v -1.500106 0.439768 3.509129
v -1.450133 0.413149 3.531247
v -1.555035 0.459737 3.478447
v -1.477634 0.426108 3.512106
v -1.491697 0.431815 3.476073
v -1.450492 0.403756 3.506485
v -1.451952 0.419349 3.568647
v -1.578845 0.472966 3.488006
v -1.579162 0.478728 3.517170
v -1.466798 0.397599 3.434552
v -1.577599 0.427642 3.376791
v -1.487782 0.409680 3.397248
v -1.441317 0.375293 3.405913
v -1.535720 0.410882 3.360229
v -1.474992 0.397587 3.394583
v -1.435701 0.366593 3.395299
v -1.492389 0.396706 3.374922
v -1.518236 0.401314 3.347305
v -1.503084 0.397326 3.359383
v -1.475847 0.382284 3.366750
v -1.442698 0.360003 3.380719
v -1.549322 0.414901 3.318353
v -1.456926 0.365643 3.360482
v -1.558471 0.438697 3.423795
v -1.513979 0.433054 3.434769
v -1.497546 0.393091 3.335818
v -1.581935 0.445282 3.420194
v -1.532258 0.394424 3.304491
v -1.451133 0.349667 3.313602
v -1.499964 0.376485 3.293280
v -1.511520 0.370897 3.246705
v -1.436040 0.333481 3.289053
v -1.448668 0.339829 3.270009
v -1.493121 0.363851 3.251957
v -1.440223 0.305434 3.246707
v -1.493406 0.348715 3.207440
v -1.519487 0.363381 3.221280
v -1.436543 0.298286 3.237594
v -1.554981 0.354702 3.195448
v -1.553070 0.401790 3.303713
v -1.530888 0.336351 3.165904
v -1.519622 0.336996 3.167932
v -1.444133 0.295757 3.190955
v -1.453140 0.297780 3.176215
v -1.438803 0.291039 3.180402
v -1.511129 0.315504 3.139070
v -1.478243 0.315275 3.149479
v -1.458118 0.298276 3.143290
v -1.457611 0.293545 3.130786
v -1.431321 0.288169 3.132760
v -1.467595 0.290369 3.113125
v -1.418108 0.290941 3.132040
v -1.477401 0.289204 3.107150
v -1.516376 0.275444 3.085526
v -1.449197 0.288102 3.107554
v -1.473650 0.274104 3.090443
v -1.425482 0.291990 3.105705
v -1.497320 0.326574 3.155872
v -1.474255 0.319778 3.173896
v -1.388854 0.306348 3.109979
v -1.469936 0.270879 3.079277
v -1.550860 0.291087 3.098138
v -1.551513 0.312662 3.143812
v -1.483358 0.268506 3.036709
v -1.412506 0.284273 3.050633
v -1.396485 0.294276 3.064182
v -1.451547 0.271451 3.041301
v -1.491109 0.276547 3.015003
v -1.458964 0.273182 3.023423
v -1.467240 0.279424 3.012451
v -1.439429 0.279129 3.022803
v -1.433494 0.280759 3.026530
v -1.513443 0.287778 3.013290
v -1.473635 0.286925 3.008237
v -1.455483 0.285965 3.010866
v -1.402058 0.294765 3.042562
v -1.467789 0.291547 3.008519
v -1.457552 0.292531 3.011571
v -1.440797 0.285302 3.026690
v -1.416231 0.290928 3.033538
v -1.402663 0.289386 3.032859
v -1.423605 0.279027 3.025053
v -1.393072 0.284841 3.034946
v -1.412076 0.278870 3.025077
v -1.401782 0.279722 3.027426
v -1.516316 0.270679 3.036654
v -1.403013 0.289419 3.070832
v -1.392517 0.282483 3.030924
v -1.458938 0.282385 3.039373
v -1.463900 0.287301 3.041957
v -1.483896 0.294608 3.037100
v -1.494705 0.294466 3.016826
v -1.434476 0.291026 3.035203
v -1.398849 0.293382 3.034249
v -1.421109 0.292551 3.036350
v -1.388164 0.293982 3.038204
v -1.446027 0.291649 3.058266
v -1.431447 0.289565 3.052366
v -1.402331 0.282871 3.027911
v -1.424816 0.285622 3.030351
v -1.384126 0.290668 3.031571
v -1.456806 0.283753 3.061535
v -1.432278 0.280090 3.049103
v -1.430865 0.285488 3.037796
v -1.397068 0.287558 3.027072
v -1.376185 0.291240 3.032884
v -1.465343 0.281084 3.052069
v -1.399713 0.292181 3.032510
v -1.431284 0.288719 3.033058
v -1.384531 0.296170 3.031242
v -1.479126 0.287470 3.057873
v -1.423512 0.292595 3.036443
v -1.477650 0.290169 3.065708
v -1.384041 0.292329 3.031569
v -1.382088 0.291909 3.036852
v -1.365942 0.292465 3.033957
v -1.465195 0.291278 3.061026
v -1.455084 0.294280 3.044682
v -1.450349 0.286473 3.024179
v -1.430151 0.295735 3.060869
v -1.406801 0.295962 3.049884
v -1.384256 0.295426 3.042859
v -1.411979 0.296201 3.080368
v -1.382260 0.295093 3.073901
v -1.356969 0.293677 3.069290
v -1.370294 0.295933 3.077789
v -1.414557 0.288609 3.113152
v -1.329779 0.291850 3.075874
v -1.391730 0.298267 3.089777
v -1.360167 0.303352 3.099314
v -1.326545 0.294639 3.122551
v -1.440954 0.289851 3.112017
v -1.364651 0.294009 3.133372
v -1.468677 0.295992 3.100026
v -1.466894 0.297758 3.077693
v -1.368604 0.291610 3.247900
v -1.289328 0.291233 3.188793
v -1.287410 0.290039 3.241827
v -1.330729 0.290601 3.282470
v -1.289209 0.288973 3.279343
v -1.239865 0.288449 3.230992
v -1.272631 0.292256 3.287544
v -1.405861 0.288230 3.242069
v -1.370224 0.394128 3.574422
v -1.355547 0.378735 3.590625
v -1.382431 0.411979 3.584733
v -1.368614 0.403028 3.571318
v -1.355723 0.383578 3.569711
v -1.323570 0.361582 3.578732
v -1.371145 0.410632 3.576812
v -1.348449 0.375795 3.572905
v -1.377197 0.407481 3.577380
v -1.356271 0.401076 3.570391
v -1.341922 0.381732 3.561460
v -1.346097 0.389913 3.563948
v -1.340901 0.374938 3.564257
v -1.314108 0.358974 3.560227
v -1.374797 0.402146 3.568768
v -1.356757 0.395535 3.571577
v -1.348075 0.392636 3.568578
v -1.326486 0.370976 3.555461
v -1.319592 0.365097 3.552127
v -1.421705 0.402544 3.536498
v -1.351375 0.382606 3.564295
v -1.346511 0.368760 3.553940
v -1.337706 0.373079 3.559420
v -1.317304 0.359658 3.545859
v -1.348614 0.362707 3.544742
v -1.338074 0.359161 3.547783
v -1.331845 0.336888 3.523568
v -1.318897 0.330271 3.517077
v -1.315094 0.346294 3.536836
v -1.409786 0.411725 3.607045
v -1.398849 0.414814 3.609108
v -1.384674 0.412900 3.589460
v -1.380588 0.402854 3.579994
v -1.376088 0.392519 3.586719
v -1.317746 0.365013 3.602058
v -1.309597 0.356910 3.569108
v -1.313543 0.333323 3.537029
v -1.405371 0.392573 3.528523
v -1.401041 0.361256 3.456384
v -1.369719 0.332298 3.458918
v -1.329336 0.311963 3.469383
v -1.319157 0.294130 3.507926
v -1.337351 0.312373 3.454474
v -1.324661 0.291352 3.489211
v -1.335134 0.307291 3.455643
v -1.329401 0.282195 3.474843
v -1.347241 0.310103 3.431195
v -1.346611 0.292056 3.440504
v -1.335988 0.283478 3.461175
v -1.320974 0.274395 3.475276
v -1.367867 0.327083 3.407635
v -1.338285 0.290343 3.458269
v -1.328271 0.275405 3.462222
v -1.369880 0.324885 3.394963
v -1.335661 0.276648 3.448516
v -1.323082 0.270096 3.442315
v -1.383446 0.318778 3.373774
v -1.343197 0.278366 3.434430
v -1.366296 0.316608 3.392572
v -1.367061 0.293484 3.389764
v -1.356809 0.284954 3.412652
v -1.317131 0.301549 3.523285
v -1.318152 0.283863 3.507915
v -1.318495 0.277306 3.491335
v -1.292749 0.271173 3.430668
v -1.348984 0.275860 3.411535
v -1.363101 0.286273 3.397383
v -1.405082 0.355303 3.419374
v -1.397569 0.306016 3.334237
v -1.369917 0.276662 3.360675
v -1.328386 0.273380 3.362321
v -1.394141 0.289632 3.331219
v -1.384646 0.282282 3.341980
v -1.392182 0.280366 3.321189
v -1.400147 0.283102 3.308501
v -1.382675 0.275660 3.325830
v -1.408516 0.286380 3.295159
v -1.389042 0.276174 3.303401
v -1.330083 0.287920 3.319604
v -1.299796 0.290460 3.357828
v -1.377231 0.274383 3.307844
v -1.309584 0.291229 3.335765
v -1.400501 0.280093 3.287995
v -1.387422 0.279152 3.284488
v -1.367020 0.286605 3.275886
v -1.308859 0.288228 3.315121
v -1.300420 0.290745 3.335007
v -1.388262 0.287713 3.251686
v -1.322362 0.284775 3.286978
v -1.315205 0.293833 3.317620
v -1.316300 0.287100 3.297040
v -1.361249 0.274620 3.374493
v -1.358861 0.271682 3.353463
v -1.309088 0.271800 3.396025
v -1.307913 0.294913 3.338012
v -1.321829 0.295123 3.327935
v -1.414812 0.286673 3.265847
v -1.417138 0.290305 3.280974
v -1.411305 0.295998 3.303382
v -1.339291 0.285314 3.241130
v -1.333544 0.287501 3.254389
v -1.341258 0.294576 3.270972
v -1.342234 0.293469 3.287798
v -1.381172 0.282068 3.204054
v -1.343333 0.290492 3.230289
v -1.351406 0.293149 3.267882
v -1.347861 0.285350 3.287808
v -1.354807 0.294289 3.253332
v -1.351537 0.289248 3.276967
v -1.351878 0.295302 3.221048
v -1.358997 0.288550 3.256895
v -1.362468 0.296376 3.221272
v -1.363309 0.290096 3.242851
v -1.355157 0.281703 3.258631
v -1.361001 0.298893 3.186482
v -1.360632 0.282865 3.244287
v -1.367020 0.298941 3.199970
v -1.371527 0.293169 3.213098
v -1.374926 0.295341 3.197891
v -1.371108 0.286016 3.215431
v -1.364865 0.282120 3.222824
v -1.377032 0.297584 3.182830
v -1.361923 0.281578 3.219375
v -1.376027 0.288170 3.198762
v -1.368546 0.282337 3.203649
v -1.379878 0.301157 3.153595
v -1.380219 0.291243 3.171346
v -1.372098 0.282488 3.184436
v -1.337109 0.282333 3.206762
v -1.378970 0.283607 3.152565
v -1.354759 0.285831 3.177839
v -1.378850 0.278333 3.222786
v -1.330078 0.290550 3.269787
v -1.342774 0.290163 3.297743
v -1.342321 0.281543 3.298786
v -1.341910 0.275815 3.282265
v -1.325296 0.269477 3.279068
v -1.372900 0.282641 3.162563
v -1.383181 0.286826 3.145237
v -1.385246 0.294270 3.134972
v -1.381644 0.305446 3.110885
v -1.383728 0.307468 3.121734
v -1.403980 0.281461 3.204613
v -1.390363 0.287662 3.103649
v -1.381480 0.281973 3.132312
v -1.374492 0.285409 3.117633
v -1.390738 0.284323 3.097728
v -1.387289 0.281590 3.105366
v -1.365251 0.299436 3.115354
v -1.381563 0.281646 3.111530
v -1.390004 0.281520 3.085236
v -1.382322 0.281816 3.089844
v -1.363237 0.298136 3.127893
v -1.384222 0.283438 3.071789
v -1.375295 0.285619 3.073379
v -1.358822 0.306884 3.071725
v -1.345646 0.280246 3.072065
v -1.338592 0.276349 3.093394
v -1.364500 0.289994 3.058250
v -1.365693 0.298114 3.075124
v -1.356665 0.307907 3.064069
v -1.330849 0.272024 3.071263
v -1.345900 0.287589 3.053439
v -1.319931 0.275723 3.165227
v -1.319522 0.270472 3.128031
v -1.310619 0.269415 3.058657
v -1.380543 0.282923 3.061816
v -1.349912 0.296341 3.040164
v -1.333776 0.295572 3.025470
v -1.327703 0.287533 3.016170
v -1.309222 0.275316 3.009930
v -1.321341 0.281041 3.014999
v -1.345877 0.286420 3.026936
v -1.323858 0.291795 3.010671
v -1.359084 0.280201 3.023735
v -1.343909 0.283082 3.013496
v -1.295707 0.272700 3.011581
v -1.264709 0.278333 2.973034
v -1.353273 0.284379 3.015464
v -1.305695 0.282033 2.993448
v -1.333358 0.285761 3.005893
v -1.349704 0.282928 3.024916
v -1.314733 0.290516 2.993788
v -1.261711 0.283132 2.964704
v -1.289486 0.289519 2.979437
v -1.330285 0.287119 3.033881
v -1.315880 0.276312 3.036604
v -1.243018 0.284450 2.955449
v -1.259843 0.288500 2.961384
v -1.295882 0.294190 2.985469
v -1.359913 0.282544 3.018046
v -1.374790 0.286933 3.033356
v -1.313136 0.292280 3.019018
v -1.257912 0.293810 2.993507
v -1.224537 0.290051 2.974653
v -1.260063 0.294962 3.017312
v -1.226310 0.295723 3.004025
v -1.175772 0.291218 2.973552
v -1.256214 0.287695 3.055328
v -1.213987 0.293405 3.048173
v -1.218097 0.293896 3.021793
v -1.173468 0.289201 3.022110
v -1.247339 0.291799 2.957839
v -1.183649 0.290607 2.950681
v -1.248441 0.298349 3.106487
v -1.302680 0.289065 3.048425
v -1.217723 0.291117 3.124227
v -1.179791 0.293051 3.092749
v -1.187510 0.292990 3.123105
v -1.128517 0.288591 3.077251
v -1.188675 0.295732 3.158782
v -1.145902 0.288156 3.127518
v -1.230588 0.292362 3.152952
v -1.253945 0.296050 3.139227
v -1.274515 0.311174 3.683637
v -1.258529 0.309697 3.698225
v -1.278228 0.314623 3.666828
v -1.260928 0.296533 3.682675
v -1.267164 0.300803 3.673108
v -1.246245 0.287699 3.694185
v -1.279141 0.358299 3.614679
v -1.246492 0.282676 3.675588
v -1.263240 0.319925 3.635290
v -1.266836 0.326999 3.624473
v -1.257787 0.309793 3.633419
v -1.248365 0.289814 3.651437
v -1.271555 0.310461 3.600948
v -1.255722 0.296188 3.617031
v -1.233313 0.278288 3.648071
v -1.280802 0.317997 3.592266
v -1.272491 0.301036 3.590819
v -1.261116 0.294680 3.599903
v -1.241378 0.281291 3.629888
v -1.301732 0.312729 3.563372
v -1.287641 0.299240 3.575960
v -1.254961 0.288529 3.590753
v -1.266523 0.293164 3.586238
v -1.285786 0.363972 3.617338
v -1.282383 0.318195 3.675751
v -1.229587 0.277541 3.690367
v -1.212067 0.278136 3.652153
v -1.222847 0.278759 3.618891
v -1.294883 0.311877 3.575139
v -1.269324 0.286706 3.573176
v -1.243758 0.280773 3.576071
v -1.289542 0.283590 3.553022
v -1.278491 0.282772 3.557362
v -1.260637 0.284545 3.565630
v -1.221700 0.277929 3.572570
v -1.189985 0.289627 3.592145
v -1.267587 0.283870 3.551589
v -1.288124 0.274631 3.531444
v -1.217967 0.278410 3.555262
v -1.197553 0.284606 3.567967
v -1.208954 0.279814 3.562409
v -1.186718 0.291226 3.577163
v -1.206367 0.285461 3.548444
v -1.244990 0.294332 3.532093
v -1.193535 0.293118 3.564748
v -1.245281 0.295662 3.509601
v -1.242136 0.294650 3.521029
v -1.219532 0.290256 3.552449
v -1.243777 0.290339 3.513271
v -1.233361 0.289629 3.527882
v -1.247980 0.292475 3.476710
v -1.233161 0.286591 3.539544
v -1.223522 0.283551 3.552299
v -1.226365 0.279773 3.546229
v -1.227294 0.276413 3.539056
v -1.177306 0.294320 3.596138
v -1.182421 0.295790 3.583681
v -1.195364 0.292615 3.577557
v -1.239522 0.279541 3.528571
v -1.282792 0.271821 3.473552
v -1.300293 0.276580 3.528957
v -1.298978 0.279728 3.539372
v -1.310237 0.291473 3.537852
v -1.258749 0.291744 3.439308
v -1.269958 0.291918 3.466048
v -1.263962 0.282801 3.484996
v -1.248864 0.276134 3.502523
v -1.256808 0.274099 3.480558
v -1.272226 0.294871 3.439028
v -1.277348 0.287068 3.455012
v -1.265990 0.276405 3.467114
v -1.245016 0.268917 3.471882
v -1.283677 0.293024 3.430534
v -1.280699 0.281129 3.442947
v -1.224752 0.268306 3.469497
v -1.293100 0.295996 3.394485
v -1.288082 0.281991 3.426599
v -1.292099 0.287856 3.419244
v -1.281400 0.276820 3.431648
v -1.224605 0.269438 3.428253
v -1.301899 0.295409 3.380138
v -1.288412 0.274862 3.409264
v -1.263400 0.267993 3.383672
v -1.302685 0.291853 3.390079
v -1.296801 0.277496 3.396780
v -1.312755 0.290531 3.368781
v -1.283648 0.270453 3.394466
v -1.310210 0.284910 3.376621
v -1.220625 0.275723 3.397084
v -1.196653 0.285364 3.410798
v -1.318724 0.282972 3.355817
v -1.238999 0.270228 3.392769
v -1.208461 0.286996 3.392507
v -1.184596 0.283415 3.411332
v -1.312317 0.277781 3.361519
v -1.247523 0.271578 3.363203
v -1.215376 0.287755 3.382154
v -1.204779 0.287287 3.387538
v -1.255568 0.280504 3.499964
v -1.235066 0.272282 3.505978
v -1.186091 0.280481 3.429805
v -1.325411 0.285064 3.341687
v -1.317946 0.292044 3.354038
v -1.306001 0.296025 3.364451
v -1.270812 0.291461 3.403718
v -1.297093 0.268244 3.321298
v -1.262276 0.277068 3.324028
v -1.248998 0.290801 3.318725
v -1.207453 0.292078 3.348270
v -1.219685 0.292503 3.313268
v -1.284764 0.274880 3.283231
v -1.263769 0.292263 3.288011
v -1.229405 0.292486 3.294407
v -1.186316 0.275743 3.297237
v -1.293237 0.277774 3.227911
v -1.253066 0.292812 3.271241
v -1.226625 0.289160 3.283797
v -1.283432 0.281095 3.247197
v -1.219397 0.278550 3.269838
v -1.176842 0.271163 3.288637
v -1.264860 0.290253 3.254182
v -1.230720 0.273794 3.247701
v -1.283296 0.278379 3.228027
v -1.262256 0.275837 3.235408
v -1.312385 0.270374 3.327703
v -1.174031 0.277424 3.369832
v -1.299550 0.269938 3.268638
v -1.234244 0.268456 3.173208
v -1.204798 0.270994 3.210642
v -1.156552 0.279949 3.193534
v -1.169717 0.283925 3.164470
v -1.279224 0.269881 3.154573
v -1.179815 0.283040 3.155976
v -1.159480 0.282333 3.171286
v -1.280764 0.269117 3.107138
v -1.141685 0.274088 3.144459
v -1.181394 0.281898 3.116382
v -1.218599 0.273187 3.107119
v -1.251988 0.268553 3.199840
v -1.168528 0.274726 3.206666
v -1.133669 0.272778 3.113799
v -1.177997 0.282254 3.094003
v -1.219434 0.271905 3.055721
v -1.145164 0.273020 3.089678
v -1.159979 0.272503 3.039282
v -1.218822 0.274630 3.005282
v -1.193770 0.278139 3.004035
v -1.139341 0.269175 3.015245
v -1.170548 0.277571 2.995139
v -1.133241 0.276971 2.982753
v -1.189233 0.280683 3.043424
v -1.177288 0.285376 2.940798
v -1.167116 0.282457 2.938930
v -1.159055 0.287053 2.939422
v -1.128678 0.285778 2.934794
v -1.078460 0.282051 2.928237
v -1.101072 0.285540 2.930413
v -1.133506 0.289074 2.961710
v -1.126021 0.287139 2.938324
v -1.018681 0.280601 2.920201
v -1.082727 0.293512 2.936201
v -1.059114 0.288967 2.926556
v -1.048463 0.295102 2.928855
v -1.026446 0.293891 2.924183
v -1.085837 0.294633 2.962675
v -1.070114 0.296143 2.942399
v -1.043563 0.298545 2.933654
v -1.153058 0.273916 2.947570
v -1.192676 0.282960 2.943970
v -1.012127 0.303220 2.951609
v -1.066015 0.291984 3.001235
v -1.093852 0.294076 3.035392
v -1.008432 0.289153 3.007507
v -0.983771 0.289527 2.974359
v -1.047484 0.294307 3.031095
v -1.097937 0.294695 3.017470
v -0.993578 0.303574 2.942067
v -0.991913 0.301292 2.931882
v -0.974836 0.300341 2.932074
v -0.968299 0.299979 2.946329
v -1.204300 0.297204 3.730368
v -1.198106 0.291679 3.735029
v -1.187686 0.272221 3.768906
v -1.175900 0.270701 3.789282
v -1.174418 0.279989 3.732171
v -1.139604 0.281128 3.803344
v -1.192693 0.289580 3.722185
v -1.164613 0.281296 3.717707
v -1.168841 0.274084 3.754291
v -1.166809 0.281231 3.704429
v -1.154261 0.281022 3.726787
v -1.126958 0.275965 3.753761
v -1.091695 0.282627 3.764749
v -1.116863 0.276597 3.757905
v -1.148916 0.279717 3.702609
v -1.117514 0.277039 3.737802
v -1.161974 0.277045 3.685572
v -1.129256 0.279758 3.701954
v -1.147755 0.278596 3.672064
v -1.157840 0.271705 3.820470
v -1.133457 0.270828 3.832827
v -1.113845 0.281859 3.807626
v -1.079276 0.274567 3.737569
v -1.168934 0.288328 3.628464
v -1.184917 0.272161 3.682389
v -1.202854 0.294487 3.725456
v -1.216345 0.307216 3.723373
v -1.161523 0.281377 3.630911
v -1.150599 0.278556 3.641964
v -1.159547 0.281719 3.616255
v -1.143057 0.279153 3.624060
v -1.113308 0.280882 3.611567
v -1.081909 0.276748 3.633400
v -1.180279 0.278828 3.591754
v -1.177271 0.275966 3.586508
v -1.057634 0.278628 3.643091
v -1.144772 0.276371 3.602608
v -1.083416 0.277192 3.615686
v -1.122611 0.278039 3.590145
v -1.137626 0.278892 3.657029
v -1.073545 0.273358 3.705075
v -1.185937 0.285369 3.591796
v -1.175317 0.292647 3.601152
v -1.089492 0.268719 3.542813
v -1.153028 0.278494 3.511081
v -1.047923 0.275885 3.534519
v -1.160038 0.280824 3.481973
v -1.122221 0.270633 3.471800
v -1.086057 0.268394 3.476966
v -1.055509 0.271666 3.471331
v -1.046314 0.273465 3.438410
v -1.037048 0.275472 3.560315
v -1.017476 0.275008 3.499148
v -1.009919 0.281372 3.465914
v -1.185633 0.271858 3.518981
v -1.085237 0.269904 3.374559
v -1.059329 0.278713 3.338058
v -1.041823 0.278672 3.367044
v -1.084500 0.270486 3.354428
v -1.036938 0.271927 3.333991
v -1.087311 0.278092 3.302524
v -1.096778 0.280202 3.272371
v -1.115480 0.282841 3.259273
v -1.097245 0.269804 3.227704
v -0.947860 0.268072 3.087834
v -1.048943 0.268625 3.111531
v -1.052883 0.276682 3.058588
v -1.077116 0.275456 3.058867
v -1.016819 0.275661 3.028666
v -1.019944 0.275626 3.014011
v -0.944313 0.269648 3.010343
v -1.043785 0.269323 2.992940
v -0.910444 0.275994 2.957389
v -1.012931 0.273890 2.931663
v -0.981572 0.272253 2.928521
v -0.940144 0.273516 2.934730
v -0.895479 0.273223 2.940182
v -0.995096 0.279328 2.913877
v -0.968857 0.274397 2.914775
v -0.864744 0.274611 2.939687
v -0.990453 0.285301 2.911554
v -0.969264 0.280884 2.906523
v -0.938826 0.279005 2.905818
v -0.863956 0.273086 2.928514
v -0.955003 0.283008 2.903873
v -0.933184 0.283261 2.901359
v -1.013898 0.274457 2.966517
v -0.969296 0.278851 2.974393
v -0.931529 0.276402 2.963931
v -0.932525 0.271893 2.984458
v -0.852465 0.277891 2.938358
v -0.842987 0.275432 2.929012
v -0.862145 0.284008 2.904505
v -0.972539 0.288125 2.916600
v -0.982443 0.287920 2.912496
v -0.994760 0.274590 2.920468
v -0.933638 0.292933 2.923525
v -0.904377 0.291729 2.920659
v -0.916155 0.295698 2.936030
v -0.872902 0.294746 2.920577
v -0.828633 0.291080 2.883848
v -0.857048 0.296723 2.918125
v -0.813978 0.299521 2.897582
v -0.856183 0.294438 2.936950
v -0.789133 0.290445 2.910928
v -0.793051 0.289670 2.920965
v -0.848175 0.295317 2.952417
v -0.764199 0.289917 2.907471
v -0.920350 0.286568 2.915764
v -0.828051 0.292173 2.892138
v -0.805917 0.294475 2.876944
v -0.781850 0.293339 2.940673
v -0.887232 0.292487 2.984538
v -0.911470 0.294939 2.949032
v -1.061193 0.256968 3.857180
v -1.020700 0.259509 3.859025
v -1.029514 0.267760 3.849886
v -1.006788 0.260932 3.857071
v -1.051279 0.273321 3.833384
v -1.015959 0.269896 3.845937
v -0.983933 0.261190 3.854803
v -0.961287 0.253767 3.861759
v -0.996258 0.271033 3.843577
v -0.929734 0.258586 3.859027
v -1.055351 0.272547 3.797220
v -1.067196 0.274439 3.774246
v -1.055036 0.274868 3.774184
v -1.004674 0.277518 3.828860
v -0.999463 0.278713 3.816883
v -0.958361 0.271070 3.834229
v -1.014178 0.280407 3.785900
v -1.102180 0.262180 3.851764
v -0.942863 0.254011 3.861927
v -0.918402 0.269338 3.836030
v -0.992583 0.271206 3.755404
v -1.065541 0.274525 3.741373
v -1.088115 0.278372 3.834355
v -1.034117 0.280606 3.729386
v -0.986996 0.268859 3.711484
v -0.910675 0.279200 3.768881
v -0.964486 0.272709 3.743697
v -1.001874 0.268183 3.685391
v -0.923704 0.280924 3.758799
v -0.921453 0.281473 3.735896
v -1.018227 0.270068 3.685801
v -0.934935 0.281238 3.746008
v -0.971044 0.271464 3.695244
v -0.931999 0.283077 3.707802
v -0.974850 0.271836 3.663621
v -0.945850 0.282389 3.674715
v -0.910310 0.274114 3.685935
v -0.939102 0.282901 3.665264
v -0.901250 0.272273 3.668159
v -0.893586 0.272502 3.729650
v -1.025349 0.270938 3.634342
v -0.992116 0.275083 3.563372
v -0.929413 0.274288 3.599309
v -0.869224 0.277216 3.634150
v -0.909051 0.273474 3.599173
v -0.966832 0.283785 3.563841
v -0.969522 0.283066 3.574450
v -0.971625 0.283175 3.544580
v -0.922365 0.271911 3.585420
v -0.884905 0.279484 3.595167
v -0.982135 0.282551 3.518448
v -0.872471 0.279843 3.530430
v -0.954515 0.273441 3.523048
v -0.995697 0.281685 3.484107
v -0.880371 0.279976 3.497985
v -0.926218 0.271344 3.543828
v -0.987506 0.282570 3.522008
v -0.909710 0.270794 3.475074
v -0.885181 0.276719 3.447305
v -0.873452 0.277088 3.438540
v -0.922125 0.269433 3.421369
v -0.945402 0.270040 3.429634
v -0.881771 0.276159 3.414852
v -0.837537 0.268269 3.414429
v -0.942131 0.267890 3.366971
v -1.004749 0.272690 3.389670
v -0.818453 0.271534 3.294208
v -0.926026 0.267653 3.262214
v -0.950862 0.268547 3.181911
v -0.836825 0.268101 3.230078
v -0.859668 0.268605 3.312857
v -0.771959 0.267806 3.161215
v -0.823280 0.271016 3.031228
v -0.840081 0.274681 2.988633
v -0.802109 0.269520 2.954454
v -0.840067 0.281449 2.954890
v -0.815628 0.277548 2.930445
v -0.777982 0.268561 2.946402
v -0.799874 0.272658 2.925730
v -0.810390 0.284309 2.917468
v -0.792143 0.278728 2.905429
v -0.807137 0.281351 2.917302
v -0.768905 0.276094 2.889356
v -0.794036 0.280947 2.907290
v -0.733977 0.273728 2.899719
v -0.720398 0.268001 3.030614
v -0.820714 0.281651 2.925509
v -0.828491 0.286956 2.929038
v -0.851887 0.278207 2.972379
v -0.740482 0.269384 2.872533
v -0.776380 0.286798 2.874146
v -0.757571 0.275920 2.871282
v -0.719561 0.258448 2.857441
v -0.740533 0.267967 2.860369
v -0.695561 0.245512 2.852684
v -0.754199 0.279736 2.863901
v -0.704975 0.249499 2.851429
v -0.721863 0.269058 2.843035
v -0.769593 0.290866 2.858662
v -0.702796 0.248782 2.841612
v -0.694249 0.239881 2.846101
v -0.679258 0.235271 2.851031
v -0.753453 0.290318 2.849193
v -0.681767 0.231910 2.842761
v -0.661973 0.225384 2.846860
v -0.743861 0.296812 2.851169
v -0.732826 0.292642 2.845366
v -0.700977 0.274625 2.834649
v -0.658614 0.224172 2.833525
v -0.651792 0.227383 2.829257
v -0.706146 0.291529 2.843500
v -0.670579 0.276772 2.838369
v -0.667240 0.267705 2.833407
v -0.653171 0.251015 2.828628
v -0.789257 0.278411 2.893551
v -0.682164 0.267847 2.880176
v -0.662770 0.230968 2.851257
v -0.766569 0.302082 2.861175
v -0.777947 0.298406 2.861403
v -0.911878 0.202979 3.882349
v -0.862995 0.254079 3.862004
v -0.878273 0.258169 3.858820
v -0.852387 0.258260 3.858015
v -0.826209 0.258385 3.857199
v -0.798050 0.252558 3.863019
v -0.824818 0.263331 3.851301
v -0.776928 0.254305 3.861306
v -0.733616 0.251311 3.862625
v -0.788436 0.257078 3.859216
v -0.801283 0.265171 3.847373
v -0.883039 0.266941 3.848036
v -0.903978 0.257792 3.858891
v -0.758654 0.267561 3.833628
v -0.795905 0.269318 3.830310
v -0.688612 0.265820 3.838210
v -0.843673 0.273092 3.748999
v -0.731583 0.263313 3.847316
v -0.806081 0.268106 3.626675
v -0.763068 0.270406 3.592471
v -0.715469 0.267891 3.553619
v -0.835110 0.269114 3.619184
v -0.763933 0.268602 3.477820
v -0.771917 0.270133 3.442086
v -0.814404 0.268148 3.511525
v -0.709684 0.269811 3.312893
v -0.597738 0.270150 3.252322
v -0.594332 0.276673 3.356245
v -0.562693 0.278355 3.195196
v -0.600079 0.269819 3.151290
v -0.566675 0.278183 3.125220
v -0.548323 0.278198 3.136513
v -0.555729 0.277665 3.210979
v -0.585588 0.268868 3.031876
v -0.595176 0.263748 2.880440
v -0.645450 0.257117 2.863801
v -0.473677 0.269385 2.905756
v -0.556482 0.257401 2.867516
v -0.541148 0.262640 2.874850
v -0.500237 0.258870 2.868937
v -0.527164 0.247175 2.860307
v -0.450623 0.258807 2.870366
v -0.599403 0.208986 2.845746
v -0.564859 0.210498 2.850208
v -0.608402 0.204978 2.834871
v -0.577709 0.200609 2.842898
v -0.589854 0.199587 2.836733
v -0.452938 0.191244 2.843929
v -0.558396 0.192254 2.836230
v -0.576151 0.197714 2.832112
v -0.600056 0.204710 2.831326
v -0.614857 0.207216 2.839571
v -0.624542 0.221249 2.849979
v -0.631355 0.250700 3.862043
v -0.675107 0.262728 3.846523
v -0.612799 0.259434 3.851173
v -0.621027 0.254768 3.857059
v -0.592236 0.249402 3.862250
v -0.565600 0.250961 3.860589
v -0.604454 0.263828 3.842244
v -0.555848 0.255385 3.855685
v -0.526366 0.250213 3.860960
v -0.564009 0.266213 3.832558
v -0.498544 0.267174 3.821968
v -0.674234 0.252347 3.860711
v -0.579014 0.268749 3.568988
v -0.533078 0.267979 3.477302
v -0.586700 0.274798 3.483099
v -0.464912 0.269208 3.510070
v -0.551632 0.269308 3.474129
v -0.481046 0.268261 3.452167
v -0.436398 0.271959 3.523592
v -0.425832 0.273712 3.459366
v -0.427397 0.269397 3.261251
v -0.342546 0.269081 3.173501
v -0.471719 0.267695 3.093739
v -0.446249 0.269134 3.070871
v -0.399268 0.277726 3.119796
v -0.504488 0.268999 3.132008
v -0.363814 0.269398 3.056107
v -0.409595 0.276912 3.065581
v -0.300592 0.268476 3.044475
v -0.423125 0.274801 3.010039
v -0.369955 0.267738 2.998702
v -0.426992 0.273067 2.979747
v -0.327113 0.268895 2.995379
v -0.469754 0.268453 2.989980
v -0.297658 0.273271 2.981351
v -0.337280 0.268192 2.900432
v -0.296270 0.271321 2.909415
v -0.374305 0.254576 2.862590
v -0.357561 0.261527 2.870200
v -0.261302 0.265631 2.881101
v -0.298117 0.259218 2.864955
v -0.377771 0.244860 2.857069
v -0.345156 0.253999 2.859647
v -0.459070 0.241749 2.857108
v -0.402620 0.257783 2.867781
v -0.437251 0.247106 3.863445
v -0.414088 0.242645 3.867039
v -0.405936 0.259978 3.847528
v -0.383003 0.253564 3.856942
v -0.360394 0.246747 3.863672
v -0.336453 0.242318 3.867170
v -0.402934 0.265069 3.834645
v -0.320710 0.257447 3.851437
v -0.327596 0.263386 3.839629
v -0.317745 0.246570 3.863623
v -0.407606 0.268624 3.554422
v -0.409271 0.268251 3.665195
v -0.191422 0.267966 3.223207
v -0.294119 0.267606 3.186261
v -0.238464 0.271655 3.196012
v -0.188693 0.267912 3.070438
v -0.280595 0.268711 3.127645
v -0.243435 0.273164 3.109963
v -0.201318 0.268349 3.124004
v -0.250826 0.273937 3.059944
v -0.214523 0.269535 3.027032
v -0.236922 0.268239 2.977384
v -0.203129 0.268806 2.971961
v -0.256702 0.268216 2.901111
v -0.218896 0.267852 2.897428
v -0.160370 0.273123 2.936836
v -0.158577 0.268469 2.887901
v -0.147838 0.272759 2.915841
v -0.100707 0.282555 2.910681
v -0.173285 0.270490 3.029931
v -0.113253 0.269217 3.014950
v -0.085056 0.277545 2.936501
v -0.080499 0.279490 2.935076
v -0.083859 0.285472 2.926070
v -0.169790 0.263860 2.874107
v -0.224732 0.262182 2.871894
v -0.231270 0.203668 3.881958
v -0.160777 0.204607 3.881780
v -0.134806 0.208194 3.881465
v -0.283014 0.246574 3.863790
v -0.238443 0.252608 3.857974
v -0.216733 0.248553 3.861889
v -0.202554 0.252465 3.857981
v -0.183360 0.249396 3.861010
v -0.124330 0.204897 3.882447
v -0.160386 0.252284 3.857924
v -0.180650 0.255071 3.854771
v -0.263615 0.259555 3.848159
v -0.279986 0.252140 3.857762
v -0.122880 0.266713 3.824783
v -0.213438 0.263660 3.837767
v -0.098567 0.267336 3.823021
v 0.000884 0.273231 3.443264
v 0.011027 0.277807 3.399400
v 0.006793 0.275285 3.346080
v 0.021073 0.287770 3.320073
v 0.011252 0.276756 3.273958
v -0.004501 0.270904 3.326614
v 0.015330 0.281121 3.304967
v 0.023969 0.294435 3.284571
v 0.004391 0.273363 3.250496
v 0.019948 0.286979 3.263852
v 0.022236 0.289896 3.357062
v 0.025769 0.301446 3.307295
v 0.024792 0.305366 3.273324
v 0.008295 0.279344 3.224542
v 0.012041 0.294021 3.213288
v 0.008884 0.284994 3.205967
v 0.004138 0.282126 3.184635
v 0.006652 0.300080 3.193192
v -0.029009 0.268268 3.169093
v -0.003809 0.275702 3.174373
v 0.006934 0.292568 3.184133
v -0.008644 0.275338 3.146837
v 0.004090 0.288406 3.166556
v -0.000420 0.305508 3.177821
v -0.000832 0.282569 3.151829
v 0.001000 0.300530 3.161238
v -0.008309 0.308072 3.160696
v 0.001424 0.295034 3.147733
v -0.001075 0.288537 3.133569
v -0.006877 0.304689 3.141159
v -0.005575 0.282218 3.120628
v -0.003621 0.299990 3.131287
v -0.017204 0.308327 3.147954
v -0.049749 0.267773 3.097903
v -0.013624 0.275910 3.110214
v -0.003965 0.294232 3.116843
v -0.006002 0.288335 3.103732
v -0.009577 0.302524 3.117521
v -0.030630 0.271443 3.077983
v -0.010981 0.283240 3.089989
v -0.009912 0.299392 3.098440
v -0.020307 0.304897 3.118055
v 0.001134 0.275290 3.210566
v 0.014515 0.287337 3.229835
v 0.009568 0.306362 3.222308
v -0.020526 0.311568 3.163412
v -0.049303 0.297208 3.094906
v -0.016285 0.303834 3.103349
v -0.025879 0.278854 3.050182
v -0.016372 0.298727 3.058259
v -0.029365 0.308887 3.053283
v -0.033512 0.278413 3.028791
v -0.037340 0.306198 3.058670
v -0.025016 0.285850 3.035940
v -0.024751 0.306039 3.044736
v -0.054182 0.293409 3.068430
v -0.032776 0.285806 3.013667
v -0.041570 0.278612 3.006723
v -0.028108 0.295199 3.020288
v -0.051794 0.310915 3.042774
v -0.068135 0.295055 3.048965
v -0.067223 0.294627 3.055387
v -0.035675 0.292913 3.001024
v -0.038244 0.312702 3.013944
v -0.071256 0.297366 3.048053
v -0.042360 0.286240 2.990053
v -0.035593 0.304423 3.006060
v -0.042425 0.317415 3.023337
v -0.054378 0.319448 2.999950
v -0.074645 0.323992 3.012652
v -0.055273 0.295926 2.969892
v -0.050602 0.311591 2.990113
v -0.080046 0.317691 3.021866
v -0.081692 0.304054 3.041904
v -0.097683 0.320523 3.014391
v -0.072756 0.322254 2.988455
v -0.078472 0.325960 2.996987
v -0.113946 0.320907 3.033972
v -0.073673 0.307466 2.968254
v -0.099736 0.320976 2.974822
v -0.112903 0.320700 3.016807
v -0.036249 0.273479 3.046435
v -0.060242 0.296741 3.072162
v -0.086133 0.320930 3.042255
v -0.125314 0.326258 3.029236
v -0.087292 0.312570 2.964357
v -0.088545 0.307040 2.938693
v -0.076803 0.298889 2.942706
v -0.064763 0.286506 2.953196
v -0.061231 0.280494 2.962992
v -0.061038 0.274444 2.981942
v -1.573046 0.492365 3.562359
v -1.479575 0.287573 3.067188
v -1.570984 0.348674 3.179384
v -1.566194 0.421121 3.307601
v -1.120665 0.264484 3.851531
v -0.007575 0.273596 3.530266
v -0.230036 0.166445 2.813667
v -0.733286 0.282764 3.092295
v -0.912764 0.282724 3.237125
v -1.586854 0.491424 3.515227
v -1.578482 0.496225 3.547606
v -0.165019 0.338980 3.001900
v -0.237376 0.320341 2.971901
v -1.165027 0.283629 3.408162
v -1.181821 0.286062 3.417901
v -1.228303 0.283857 3.437891
v -1.262354 0.284710 3.444747
v -1.281546 0.283443 3.438818
v -1.312028 0.282831 3.415702
v -1.395280 0.283031 3.292086
v -1.436988 0.287136 3.200452
v -1.476076 0.293318 3.092388
v -1.480900 0.289060 3.062297
v -1.470502 0.291944 3.059000
v -1.491688 0.291139 3.041663
v -1.502618 0.291099 3.025626
v -1.529388 0.283219 3.009583
v -1.543440 0.284622 3.025314
v -1.559654 0.296299 3.079889
v -1.566700 0.306081 3.121595
v -1.568728 0.320172 3.148953
v -1.571695 0.383093 3.232271
v -1.570980 0.403030 3.290915
v -1.569088 0.408834 3.300946
v -1.566972 0.425556 3.313364
v -1.574984 0.421705 3.336415
v -1.580138 0.427853 3.368027
v -1.522527 0.440101 3.602588
v -1.475910 0.424669 3.614974
v -1.417673 0.415086 3.617741
v -1.396690 0.419302 3.611401
v -1.329366 0.371145 3.615706
v -1.285381 0.325721 3.683584
v -1.239388 0.324190 3.709775
v -1.206846 0.282875 3.759793
v -1.191310 0.274559 3.785795
v -1.160262 0.273840 3.823613
v -1.058356 0.237679 3.875773
v -0.980131 0.203478 3.885862
v -0.108923 0.220577 3.882408
v -0.094058 0.261213 3.853805
v -0.086553 0.271293 3.830367
v 0.024153 0.298664 3.365243
v 0.024772 0.308390 3.325496
v 0.019413 0.320511 3.267015
v -0.017638 0.318441 3.172910
v -0.052095 0.305412 3.083364
v -0.242101 0.308317 2.964408
v -0.238549 0.297735 2.950884
v -0.221306 0.288282 2.924144
v -0.172327 0.284296 2.872286
v -0.125619 0.278055 2.831149
v -0.155580 0.206419 2.809589
v -0.268533 0.153505 2.822974
v -0.345953 0.132386 2.848750
v -0.358285 0.136885 2.840288
v -0.439029 0.211207 2.832965
v -0.466069 0.249895 2.834108
v -0.523723 0.283210 2.888879
v -0.640041 0.282742 3.006915
v -1.035671 0.283180 3.324671
v -1.148020 0.278547 3.199213
v -0.593874 0.266441 2.832996
v -1.343847 0.389052 3.565183
v -1.399736 0.322125 3.329931
v -1.316109 0.279435 3.130563
v -0.405429 0.286908 3.100724
v -0.366999 0.278645 3.027777
v -1.154792 0.288060 3.303164
v -0.593212 0.261273 2.815813
v -0.599780 0.236024 2.815969
v -0.552621 0.256516 2.816341
v -0.531436 0.225864 2.810527
v -1.465618 0.356509 3.298932
v -1.502392 0.301630 3.118456
v -1.343096 0.283340 3.444325
v -1.337366 0.270468 3.405631
v -1.339293 0.286672 3.309104
v -1.345575 0.302981 3.045033
v -1.272005 0.348457 3.634742
v -1.295853 0.281838 3.407667
v -1.219608 0.272916 3.410157
v -1.227723 0.277681 3.384918
v -1.283800 0.273532 3.291027
v -1.280444 0.280637 3.236721
v -1.326044 0.270462 3.295924
v -1.140445 0.273045 3.267159
v -0.928235 0.270503 3.043275
v -1.010311 0.255273 3.862157
v -1.005490 0.271778 3.736063
v -0.849213 0.270053 3.361503
v -0.644158 0.216067 2.837551
v -0.750881 0.254785 3.859775
v 0.003059 0.308279 3.206253
v -0.106286 0.228920 3.879219
vn -0.8348 0.4909 -0.2493
vn -0.4166 0.5290 0.7394
vn 0.4104 0.9078 0.0866
vn 0.9203 -0.0699 0.3849
vn 0.0163 0.6178 0.7861
vn 0.0589 0.9981 0.0150
vn -0.0159 0.9942 0.1064
vn -0.0380 0.9894 0.1400
vn -0.0287 0.9987 0.0418
vn 0.0174 0.7981 0.6023
vn -0.0567 0.3045 -0.9508
vn 0.1582 0.9530 -0.2584
vn 0.2467 0.9677 -0.0515
vn -0.2689 0.9321 -0.2426
vn -0.6359 0.5702 0.5201
vn 0.1544 -0.9520 0.2641
vn 0.2909 -0.8650 0.4088
vn 0.1686 -0.7184 0.6748
vn -0.1542 -0.5160 0.8426
vn -0.3381 -0.9206 0.1953
vn -0.7218 -0.6470 0.2458
vn -0.8747 -0.4402 0.2030
vn -0.8774 0.3132 -0.3634
vn -0.4869 -0.8276 -0.2791
vn -0.9236 -0.3204 -0.2103
vn -0.3372 -0.9397 0.0571
vn -0.3080 -0.6500 0.6947
vn 0.0971 0.7011 -0.7065
vn -0.0229 0.9610 -0.2757
vn -0.4430 0.7064 -0.5520
vn -0.2729 0.8689 -0.4130
vn -0.2011 0.9024 -0.3811
vn -0.1636 0.7404 -0.6520
vn -0.0475 0.9987 -0.0177
vn -0.1540 0.9879 -0.0203
vn -0.3045 0.9056 -0.2953
vn -0.1518 0.5256 0.8371
vn 0.3332 0.7555 0.5641
vn -0.0120 0.1662 0.9860
vn 0.9791 0.1978 0.0472
vn -0.7176 -0.1221 0.6857
vn 0.1428 0.8358 0.5301
vn -0.1136 0.8141 0.5695
vn 0.5343 0.5021 0.6800
vn 0.4565 0.7831 0.4224
vn 0.2378 0.9070 -0.3475
vn -0.2848 0.8182 0.4995
vn -0.3800 0.8562 0.3501
vn -0.0059 0.9967 0.0811
vn -0.1877 0.9794 0.0746
vn -0.5629 0.8084 0.1720
vn 0.4180 0.6941 0.5860
vn 0.3724 0.9219 -0.1072
vn 0.4427 0.6104 -0.6568
vn -0.5246 -0.8482 0.0728
vn -0.2290 -0.9733 -0.0135
vn -0.5623 0.3401 -0.7537
vn -0.3666 0.4133 -0.8335
vn -0.3653 0.4141 -0.8337
vn -0.6085 0.7423 -0.2806
vn -0.3163 0.4726 -0.8225
vn -0.1688 0.7904 0.5889
vn -0.2191 -0.7911 0.5711
vn 0.7338 0.6767 -0.0593
vn 0.6423 0.7663 -0.0153
vn 0.4180 -0.0116 0.9084
vn -0.1264 -0.9899 0.0645
vn 0.2516 0.9604 -0.1196
vn 0.3191 0.9066 -0.2761
vn 0.3746 0.8544 -0.3600
vn 0.4630 0.7291 -0.5041
vn 0.7074 0.6698 -0.2257
vn 0.8183 0.4850 -0.3086
vn 0.7695 0.5785 -0.2705
vn -0.0785 -0.9877 0.1355
vn 0.0479 -0.9758 0.2134
vn 0.0515 -0.9890 0.1387
vn -0.0195 -0.9964 -0.0824
vn -0.3418 0.6485 0.6802
vn 0.5780 0.6378 -0.5091
vn 0.7549 0.4332 -0.4924
vn 0.8479 0.2837 -0.4478
vn 0.6434 0.7143 -0.2755
vn 0.8105 -0.4941 -0.3147
vn 0.1964 -0.9791 -0.0530
vn 0.7490 -0.5917 -0.2981
vn 0.3519 0.9278 -0.1239
vn 0.1882 0.9821 0.0039
vn 0.0096 0.9930 0.1174
vn 0.0198 0.9923 0.1220
vn -0.0463 -0.9873 -0.1520
vn 0.0003 -0.9980 0.0628
vn 0.0686 -0.9962 0.0541
vn -0.0151 -0.9962 -0.0853
vn 0.5851 0.6417 -0.4959
vn 0.4814 0.4622 -0.7447
vn 0.1041 0.9366 -0.3347
vn 0.1130 0.9920 0.0562
vn 0.5177 0.7955 -0.3151
vn 0.8324 0.2400 -0.4995
vn 0.7265 -0.1597 -0.6683
vn -0.0113 0.9990 -0.0421
vn 0.0622 0.9970 -0.0463
vn 0.1216 0.9905 -0.0647
vn 0.0373 0.9993 -0.0031
vn -0.1512 0.9824 0.1100
vn 0.2165 0.9758 -0.0302
vn -0.0451 -0.9789 0.1992
vn -0.0080 -0.8578 0.5139
vn -0.0019 -0.9970 -0.0779
vn 0.0501 -0.9935 -0.1023
vn -0.0145 -0.9999 -0.0038
vn 0.0214 0.9981 0.0579
vn 0.2195 0.9755 -0.0121
vn 0.2479 0.9640 -0.0964
vn -0.0845 0.9964 0.0033
vn 0.0257 0.9993 -0.0261
vn 0.0395 0.9987 -0.0315
vn -0.2271 0.9700 0.0864
vn 0.1765 0.9814 -0.0753
vn -0.0024 0.9999 0.0101
vn -0.0379 0.9976 0.0574
vn -0.2854 0.6979 -0.6568
vn -0.0745 0.9720 -0.2229
vn 0.2441 0.2830 -0.9275
vn 0.0068 -0.1739 0.9847
vn -0.0033 0.7673 0.6413
vn 0.0624 0.9944 0.0855
vn 0.1303 0.9915 -0.0020
vn 0.1699 0.9850 -0.0295
vn -0.0295 0.9991 0.0294
vn -0.0857 0.9950 0.0507
vn 0.0826 0.9966 0.0039
vn 0.2051 0.9787 0.0063
vn 0.0187 0.9998 0.0040
vn 0.1174 0.5177 -0.8475
vn 0.2595 0.7702 0.5826
vn 0.0817 0.1879 0.9788
vn -0.1619 0.5275 -0.8340
vn -0.8412 -0.2646 0.4715
vn 0.0114 0.9072 0.4205
vn 0.1425 0.9881 -0.0578
vn -0.0063 0.9978 -0.0666
vn -0.0110 0.6642 -0.7475
vn -0.0136 0.3316 -0.9433
vn -0.0960 0.6570 -0.7478
vn 0.1537 -0.0443 -0.9871
vn 0.1206 0.0065 -0.9927
vn -0.1511 0.4655 -0.8720
vn -0.3101 0.9387 0.1507
vn 0.2588 0.9466 -0.1923
vn -0.0003 0.7968 0.6043
vn 0.0077 0.8720 0.4894
vn 0.0002 0.9663 0.2576
vn -0.0000 1.0000 0.0043
vn -0.0544 0.9984 0.0182
vn 0.0376 0.9985 -0.0397
vn 0.0175 0.9858 -0.1670
vn -0.4417 -0.8646 0.2395
vn -0.3063 -0.8791 0.3652
vn 0.0284 -0.9209 0.3887
vn -0.0144 0.6649 0.7468
vn 0.0014 0.9400 0.3410
vn 0.6046 0.7783 -0.1694
vn 0.6014 0.7858 -0.1443
vn 0.4565 0.8673 -0.1985
vn 0.6661 0.7116 -0.2235
vn 0.6662 0.7218 -0.1874
vn 0.4374 0.8251 -0.3576
vn 0.5158 0.7826 -0.3486
vn 0.0875 0.8468 -0.5246
vn -0.2268 0.9466 -0.2292
vn 0.0241 0.9842 -0.1754
vn -0.0653 -0.9978 0.0086
vn -0.0371 -0.9927 -0.1148
vn -0.2154 -0.9759 0.0341
vn 0.0304 -0.9989 -0.0360
vn 0.0774 -0.9932 -0.0874
vn 0.0480 -0.9986 0.0210
vn 0.2964 -0.9396 -0.1709
vn 0.1831 -0.9810 -0.0638
vn 0.6299 0.6784 -0.3782
vn 0.4537 0.8504 -0.2664
vn -0.1259 0.9876 0.0933
vn 0.6200 0.7454 -0.2449
vn 0.5249 0.7717 -0.3592
vn 0.1830 -0.9784 -0.0961
vn 0.2933 -0.9519 -0.0882
vn 0.2657 0.9630 0.0458
vn -0.1748 0.9668 0.1866
vn -0.0288 0.9972 0.0685
vn 0.6059 0.7924 0.0710
vn 0.4071 0.8866 0.2194
vn -0.1638 0.1169 -0.9795
vn -0.4259 -0.2234 -0.8768
vn 0.0984 -0.9933 0.0610
vn 0.0835 -0.9964 0.0149
vn 0.0934 -0.9932 0.0698
vn 0.0058 -0.9988 0.0495
vn -0.0107 -0.9999 0.0057
vn -0.0075 -0.9996 -0.0254
vn 0.4104 0.7371 -0.5368
vn 0.4348 0.7952 -0.4227
vn 0.2017 0.9617 -0.1858
vn 0.8845 -0.3801 -0.2707
vn -0.0232 0.9992 -0.0313
vn -0.2399 0.9570 0.1631
vn -0.2725 0.9533 0.1305
vn 0.0052 1.0000 -0.0074
vn 0.4313 0.8829 -0.1858
vn -0.0878 0.9940 0.0648
vn -0.0574 0.9978 0.0324
vn -0.0301 0.9983 -0.0499
vn -0.1367 0.9906 -0.0079
vn -0.1461 0.9892 -0.0125
vn -0.0231 0.9936 -0.1103
vn 0.0092 -0.9995 0.0286
vn 0.2046 0.9773 0.0554
vn 0.0890 0.9881 -0.1256
vn -0.1103 0.9926 0.0514
vn -0.0309 0.9995 -0.0074
vn 0.1524 0.9881 0.0196
vn 0.2055 0.9697 -0.1322
vn -0.0799 0.9942 0.0722
vn 0.0452 0.9971 -0.0606
vn -0.0674 0.9960 -0.0581
vn -0.0809 0.9813 0.1746
vn -0.1712 -0.4485 -0.8772
vn -0.1128 -0.9055 -0.4090
vn -0.0277 -0.9239 0.3816
vn -0.0204 -0.9977 -0.0651
vn -0.0186 -0.9996 0.0197
vn -0.0322 -0.9990 -0.0321
vn -0.0412 -0.9960 -0.0797
vn -0.0902 0.9910 0.0992
vn 0.0288 0.9996 0.0040
vn 0.1637 0.9842 -0.0667
vn 0.1800 0.9835 -0.0156
vn 0.0222 0.9991 0.0370
vn -0.1211 0.9923 -0.0272
vn -0.0982 0.9949 -0.0214
vn 0.0560 0.9984 -0.0041
vn 0.0106 0.9958 -0.0907
vn 0.3758 0.8088 0.4524
vn 0.0212 0.8181 0.5747
vn 0.0173 0.9998 -0.0022
vn 0.0021 1.0000 -0.0017
vn -0.0066 0.9999 0.0137
vn -0.0292 0.9995 0.0133
vn 0.1216 0.3673 0.9221
vn 0.0196 0.6887 0.7248
vn -0.0768 0.9970 -0.0026
vn -0.0922 0.9957 0.0030
vn -0.0336 0.9994 0.0032
vn 0.0545 0.9973 -0.0495
vn -0.0115 0.9994 -0.0337
vn -0.0661 0.5256 -0.8482
vn -0.1204 0.3737 -0.9197
vn -0.0807 0.9966 0.0147
vn -0.0122 0.9998 0.0168
vn -0.6267 0.6707 0.3967
vn -0.1023 0.9909 -0.0873
vn -0.0538 0.9842 -0.1685
vn 0.0028 0.8959 0.4443
vn 0.0035 0.9996 0.0294
vn -0.4795 0.8773 0.0219
vn -0.0694 0.9976 0.0033
vn -0.8167 -0.3517 0.4576
vn -0.8019 -0.5894 0.0973
vn -0.7123 0.6649 0.2248
vn -0.1579 0.9852 0.0662
vn -0.2874 0.3123 0.9055
vn -0.3930 -0.6611 0.6392
vn 0.3255 -0.9135 0.2439
vn -0.0735 -0.8020 0.5927
vn -0.3295 -0.5454 0.7707
vn 0.1754 -0.9693 0.1722
vn -0.0279 -0.9729 0.2297
vn -0.0930 -0.9336 0.3461
vn -0.5231 0.1760 0.8339
vn -0.9158 0.3001 0.2668
vn 0.2545 -0.8901 0.3781
vn 0.3583 -0.9057 -0.2266
vn -0.2830 -0.9502 0.1306
vn 0.0561 0.9967 0.0588
vn -0.0014 -1.0000 -0.0092
vn -0.0616 -0.9980 0.0152
vn 0.0662 -0.9944 0.0826
vn -0.0048 -0.8924 0.4512
vn -0.0702 -0.9965 0.0461
vn -0.0466 -0.9734 0.2242
vn -0.0166 -0.9969 0.0763
vn -0.1268 -0.7420 0.6583
vn -0.1189 -0.8352 0.5370
vn 0.2287 0.6835 0.6932
vn 0.2738 0.7025 0.6569
vn -0.0401 -0.0014 0.9992
vn 0.1399 0.4366 0.8887
vn 0.0040 0.0642 0.9979
vn -0.2198 -0.3508 0.9103
vn -0.0549 -0.1255 0.9906
vn 0.1547 0.2689 0.9507
vn -0.1085 0.0456 -0.9931
vn -0.0875 -0.3865 -0.9182
vn 0.0763 -0.3185 -0.9449
vn -0.0390 -0.5938 -0.8037
vn 0.1654 -0.1387 -0.9764
vn -0.1321 -0.8489 -0.5117
vn 0.0232 0.0632 -0.9977
vn -0.2206 0.9440 -0.2453
vn -0.7382 0.5649 0.3686
vn -0.7645 -0.4736 0.4373
vn 0.0619 0.6505 -0.7569
vn -0.8309 -0.0575 0.5535
vn -0.9282 -0.3676 0.0568
vn -0.9547 -0.2823 -0.0943
vn -0.7026 0.7004 -0.1256
vn 0.5155 0.8561 0.0366
vn 0.4267 0.9044 -0.0007
vn 0.4346 0.8766 -0.2066
vn 0.5101 0.8543 -0.1004
vn 0.3999 0.9136 -0.0740
vn 0.5580 0.8081 -0.1888
vn 0.5237 0.7724 -0.3592
vn 0.4535 0.7775 -0.4356
vn 0.6054 0.7835 -0.1400
vn 0.3292 0.8364 -0.4383
vn 0.4366 0.8528 -0.2866
vn 0.3102 0.9061 -0.2877
vn 0.2032 0.8978 -0.3907
vn 0.5858 0.7496 -0.3082
vn -0.0273 0.8093 -0.5868
vn 0.0949 0.9723 0.2138
vn 0.1623 0.9566 -0.2422
vn 0.2025 0.8865 -0.4161
vn 0.0898 0.8205 -0.5646
vn -0.0996 0.9862 -0.1320
vn 0.6602 0.6199 -0.4241
vn -0.1664 0.9268 -0.3368
vn 0.0623 0.6218 -0.7807
vn -0.3261 -0.1107 -0.9388
vn -0.3482 -0.6052 -0.7159
vn -0.1204 -0.9585 -0.2586
vn -0.3556 0.6121 -0.7063
vn -0.1673 -0.6865 -0.7076
vn -0.4281 -0.0819 -0.9000
vn -0.4042 0.9114 -0.0774
vn 0.1586 -0.1060 -0.9816
vn 0.1649 -0.8270 -0.5375
vn 0.2923 -0.9331 -0.2096
vn 0.2518 -0.9627 -0.0993
vn 0.1134 -0.9638 -0.2414
vn -0.0101 -0.9995 -0.0306
vn 0.3173 -0.9471 -0.0481
vn -0.0718 -0.9861 0.1498
vn 0.4346 0.8996 -0.0433
vn 0.5859 0.6416 0.4952
vn 0.4584 0.8856 0.0751
vn 0.6199 0.6677 -0.4122
vn 0.5529 0.6809 -0.4802
vn 0.9749 0.0896 -0.2040
vn 0.5980 0.7503 -0.2819
vn 0.6288 0.7681 -0.1208
vn 0.8013 0.4846 -0.3508
vn 0.5512 0.7967 -0.2479
vn 0.9033 0.0581 -0.4250
vn 0.6925 0.6535 -0.3055
vn 0.2203 0.9716 -0.0862
vn 0.6727 0.5597 -0.4840
vn 0.9103 -0.0298 -0.4129
vn 0.8048 0.4822 -0.3460
vn 0.3570 0.9260 -0.1226
vn 0.7371 0.5693 -0.3641
vn 0.1638 0.9855 -0.0443
vn -0.1387 0.9823 0.1260
vn 0.2824 0.9558 -0.0814
vn -0.1127 0.9856 0.1262
vn -0.2109 0.9567 0.2008
vn -0.0215 0.9897 0.1413
vn -0.2430 0.9479 0.2061
vn 0.4836 0.8572 -0.1772
vn -0.2964 0.9147 0.2746
vn -0.2740 0.9447 0.1803
vn 0.9221 -0.2002 -0.3312
vn -0.2217 0.9641 0.1460
vn 0.0747 0.9906 -0.1142
vn 0.0820 0.9889 -0.1241
vn 0.8931 -0.3167 -0.3195
vn 0.9373 0.1485 -0.3152
vn 0.7697 0.6013 -0.2145
vn 0.8956 -0.4045 -0.1849
vn 0.4072 0.9132 -0.0168
vn 0.5721 0.8201 0.0097
vn -0.4823 0.8712 0.0912
vn 0.3884 0.9190 -0.0671
vn 0.7320 0.5437 0.4105
vn 0.2086 0.9674 0.1440
vn 0.2550 0.9602 0.1143
vn -0.4827 -0.5260 -0.7002
vn 0.1647 0.9787 0.1227
vn -0.0835 0.9529 -0.2917
vn -0.0587 -0.9951 -0.0791
vn -0.0008 -0.9997 0.0234
vn -0.0245 -0.9989 -0.0400
vn 0.5651 0.6945 -0.4452
vn 0.6269 0.6811 -0.3783
vn 0.6233 0.7093 -0.3293
vn 0.4741 0.7320 -0.4892
vn 0.7530 0.3708 -0.5436
vn 0.7859 0.2890 -0.5467
vn 0.5629 0.8256 -0.0383
vn -0.0142 0.9941 0.1079
vn 0.5192 0.6510 -0.5538
vn -0.0967 0.9921 -0.0797
vn 0.2227 0.9587 0.1771
vn 0.5619 0.4055 -0.7210
vn -0.0426 0.9967 0.0685
vn -0.7618 -0.3418 0.5503
vn -0.3785 0.9252 -0.0267
vn 0.4692 0.8685 -0.1599
vn 0.5142 -0.8170 -0.2611
vn 0.8902 0.2876 -0.3532
vn 0.7998 -0.4997 -0.3326
vn 0.1322 -0.9886 -0.0723
vn 0.9131 0.1423 -0.3820
vn 0.2765 0.9538 -0.1174
vn 0.4419 -0.8719 -0.2109
vn 0.4849 0.8497 -0.2071
vn 0.1864 0.9797 -0.0735
vn -0.1574 0.9837 0.0864
vn -0.3683 0.9058 0.2092
vn -0.3515 0.9198 0.1745
vn -0.2630 0.9491 0.1732
vn 0.0551 0.9905 0.1258
vn -0.2764 0.9546 0.1107
vn -0.2775 0.9500 0.1430
vn 0.0763 0.9858 -0.1499
vn -0.1201 0.9918 0.0433
vn -0.2380 0.9706 0.0369
vn 0.1432 0.9896 -0.0136
vn -0.0566 0.9962 0.0663
vn 0.0210 0.9971 0.0735
vn 0.0982 -0.9776 0.1864
vn -0.0729 -0.9714 -0.2259
vn -0.0211 -0.9997 0.0150
vn 0.0232 -0.9995 0.0231
vn 0.3080 0.9049 0.2937
vn -0.2824 0.9511 0.1250
vn -0.2384 0.9584 0.1570
vn -0.0189 0.9989 0.0421
vn -0.1476 0.9888 0.0200
vn 0.0992 0.9925 -0.0717
vn 0.0664 0.9976 -0.0193
vn 0.0280 0.9993 0.0243
vn 0.4345 0.8940 -0.1094
vn 0.6358 0.6740 -0.3761
vn -0.0742 0.9972 -0.0125
vn 0.1570 0.9875 0.0119
vn 0.2143 0.9761 -0.0358
vn -0.1843 0.9820 0.0407
vn -0.0114 0.9999 0.0065
vn 0.1463 0.9837 -0.1042
vn 0.2034 0.9709 -0.1267
vn 0.0243 0.9984 0.0506
vn -0.0363 0.9922 -0.1190
vn -0.0259 0.9984 0.0502
vn -0.3570 0.3526 -0.8650
vn -0.0630 0.9979 -0.0124
vn -0.2561 -0.1470 -0.9554
vn -0.2856 0.6804 -0.6749
vn 0.1105 -0.9765 -0.1850
vn -0.1904 -0.8915 -0.4111
vn -0.0386 -0.9991 -0.0147
vn -0.0003 0.8107 0.5854
vn -0.0625 0.6529 0.7549
vn -0.0748 0.6003 0.7963
vn 0.0071 0.7897 0.6135
vn 0.0371 0.6718 0.7398
vn 0.0164 0.7275 0.6859
vn -0.0230 0.9994 -0.0244
vn 0.1749 0.9809 -0.0852
vn 0.1396 0.9902 -0.0040
vn 0.0445 0.9990 -0.0021
vn 0.0077 1.0000 -0.0000
vn -0.1184 0.9923 0.0367
vn 0.2135 0.9756 -0.0517
vn -0.0294 0.9996 0.0040
vn 0.1887 0.9802 -0.0597
vn -0.1264 0.9918 0.0180
vn 0.2078 0.9759 -0.0668
vn 0.1431 0.9849 -0.0969
vn -0.0493 0.9987 0.0091
vn 0.0839 0.9964 -0.0116
vn -0.0149 0.9991 -0.0389
vn -0.0028 0.9992 -0.0391
vn -0.0091 0.9987 0.0493
vn 0.0171 0.9998 -0.0055
vn 0.1106 0.9921 -0.0598
vn -0.0509 0.9984 0.0229
vn 0.3060 0.8360 0.4555
vn 0.5906 0.2133 0.7783
vn 0.1784 0.6457 -0.7425
vn 0.2232 -0.6096 0.7606
vn 0.2347 -0.1978 0.9517
vn 0.3905 0.4258 0.8162
vn -0.1152 -0.9214 0.3712
vn -0.0503 -0.6597 0.7498
vn -0.0037 0.7035 0.7107
vn 0.0020 0.7504 0.6609
vn -0.0037 0.6721 0.7404
vn 0.0014 1.0000 0.0002
vn 0.0232 0.9996 0.0167
vn 0.0121 0.9999 -0.0077
vn -0.0907 0.9958 0.0124
vn -0.0809 0.9967 0.0032
vn -0.0042 0.9415 -0.3371
vn -0.0065 0.6767 -0.7363
vn 0.0092 0.7932 0.6089
vn 0.0114 0.9103 0.4138
vn 0.0025 0.7868 0.6172
vn 0.0338 0.7578 0.6516
vn -0.0752 0.9971 0.0141
vn -0.0011 0.9742 -0.2259
vn -0.0551 0.6284 -0.7760
vn -0.0041 0.6305 0.7762
vn 0.0107 0.6126 0.7903
vn 0.0042 0.7184 0.6957
vn 0.0004 0.6220 0.7830
vn 0.0032 0.9028 0.4301
vn -0.0002 0.7527 0.6584
vn 0.0029 0.9966 0.0821
vn -0.0009 0.9998 0.0195
vn 0.0462 0.9989 0.0067
vn 0.0034 0.9999 0.0108
vn 0.0504 0.9987 -0.0110
vn 0.0069 0.9995 0.0297
vn -0.0945 0.9955 -0.0022
vn -0.0301 0.9981 -0.0531
vn -0.0133 0.7127 0.7014
vn 0.0013 0.7869 0.6171
vn 0.0027 0.6994 0.7147
vn -0.2095 0.9778 0.0093
vn -0.3582 0.9336 -0.0091
vn -0.3121 0.9499 0.0179
vn -0.6293 0.7757 0.0488
vn -0.9689 0.1511 0.1962
vn -0.8159 -0.5625 0.1339
vn -0.4040 0.9128 0.0603
vn -0.9841 -0.0827 0.1572
vn -0.3380 -0.9309 0.1384
vn -0.8130 -0.4231 0.3999
vn -0.8098 0.5676 0.1483
vn -0.8817 -0.4563 0.1195
vn -0.4955 -0.8620 0.1067
vn -0.0261 -0.9870 0.1584
vn -0.9152 0.2561 0.3112
vn -0.3718 0.9172 0.1433
vn -0.7161 0.6431 0.2714
vn -0.9272 -0.1736 0.3320
vn -0.4452 0.8713 0.2067
vn -0.8778 0.2209 0.4251
vn -0.6348 -0.7181 0.2853
vn 0.1987 -0.8195 -0.5375
vn -0.8535 -0.3375 0.3970
vn -0.6980 0.5798 0.4203
vn -0.7416 -0.3247 0.5871
vn -0.3503 -0.9352 -0.0523
vn -0.8298 -0.1231 0.5443
vn -0.2676 -0.8984 0.3483
vn -0.0895 -0.8648 -0.4941
vn -0.4764 -0.8683 0.1382
vn -0.0988 -0.8681 0.4865
vn 0.4388 -0.7743 -0.4560
vn 0.2624 0.9595 -0.1026
vn 0.2098 -0.7828 0.5858
vn -0.8714 -0.3252 0.3673
vn -0.1985 -0.3415 -0.9187
vn 0.0729 -0.9959 0.0543
vn 0.0063 -1.0000 0.0006
vn -0.0163 -0.8057 -0.5920
vn -0.9052 -0.3739 0.2020
vn 0.2097 0.4482 -0.8690
vn 0.1296 0.9226 0.3634
vn -0.2386 0.9585 0.1561
vn -0.6326 0.7275 0.2657
vn -0.5842 0.8114 -0.0173
vn -0.7351 -0.6770 0.0353
vn -0.5110 -0.7657 0.3906
vn -0.5579 -0.7421 0.3715
vn -0.6027 -0.7958 0.0590
vn -0.5605 0.0209 0.8279
vn -0.7274 -0.5730 0.3775
vn -0.4457 -0.7622 0.4695
vn -0.2430 -0.8168 0.5232
vn -0.6126 -0.6302 0.4770
vn -0.2830 -0.7679 0.5747
vn -0.5621 -0.5638 0.6051
vn -0.9043 -0.3236 0.2785
vn -0.9878 0.1034 -0.1160
vn -0.4623 0.0974 0.8814
vn -0.4292 -0.8666 0.2545
vn -0.2693 -0.9113 -0.3115
vn -0.4033 -0.9134 -0.0542
vn 0.4302 -0.9022 0.0308
vn 0.7787 0.4942 -0.3866
vn 0.9100 0.0006 -0.4146
vn 0.8005 0.4102 -0.4369
vn 0.1832 -0.6924 -0.6979
vn 0.6528 0.4946 -0.5738
vn 0.7375 -0.1513 -0.6582
vn 0.3652 -0.6353 -0.6805
vn 0.1646 -0.5016 -0.8493
vn 0.3377 -0.1745 -0.9250
vn 0.5218 0.6375 0.5669
vn 0.2405 0.9083 0.3423
vn 0.0536 0.9982 -0.0260
vn -0.2805 -0.9392 0.1979
vn -0.5039 -0.7476 0.4326
vn -0.7786 -0.4998 0.3794
vn -0.8106 -0.4571 0.3660
vn -0.8036 -0.5039 0.3167
vn -0.7065 -0.6753 0.2116
vn 0.0064 -0.9801 -0.1984
vn 0.2459 -0.9551 -0.1651
vn 0.1142 -0.9710 -0.2098
vn -0.5421 -0.8231 -0.1694
vn 0.0976 0.9642 -0.2467
vn 0.0608 0.9949 -0.0804
vn -0.0395 0.9770 -0.2096
vn 0.0037 0.9972 0.0746
vn -0.1292 -0.9739 0.1864
vn -0.8979 -0.1763 0.4034
vn -0.7578 -0.5611 0.3330
vn -0.4545 -0.8661 0.2079
vn -0.2425 -0.9650 0.1002
vn -0.6113 -0.7508 0.2503
vn -0.0856 -0.9897 -0.1150
vn -0.0809 -0.9959 -0.0414
vn -0.1073 -0.9926 0.0575
vn -0.0983 -0.9672 -0.2343
vn -0.2098 -0.7556 -0.6205
vn -0.1513 0.5352 -0.8310
vn -0.0673 0.9963 -0.0539
vn -0.0490 0.9988 -0.0085
vn 0.0399 0.9964 0.0743
vn -0.4000 -0.6322 0.6636
vn -0.1154 -0.8979 0.4248
vn -0.1021 -0.9891 0.1062
vn -0.7093 0.2869 0.6439
vn -0.7382 -0.1144 0.6648
vn -0.4154 -0.8080 0.4177
vn -0.1365 -0.9818 0.1318
vn 0.1925 -0.9802 -0.0455
vn 0.1116 -0.9932 -0.0330
vn -0.1655 -0.9828 0.0813
vn -0.2710 -0.9598 0.0732
vn 0.1668 -0.9765 -0.1363
vn 0.2124 -0.9646 -0.1562
vn -0.1769 -0.9819 0.0673
vn -0.1294 -0.9916 -0.0021
vn -0.0282 -0.9891 -0.1447
vn -0.3136 0.3199 -0.8940
vn 0.0128 0.8923 -0.4514
vn -0.0002 1.0000 0.0086
vn 0.1070 -0.9462 -0.3053
vn -0.0084 -0.9995 -0.0295
vn -0.2655 -0.9639 0.0214
vn -0.1710 -0.9833 0.0617
vn -0.1471 -0.9873 0.0602
vn -0.0344 -0.9989 0.0306
vn 0.0372 -0.9977 -0.0566
vn 0.2347 -0.8844 0.4034
vn 0.4027 -0.5430 0.7369
vn 0.0829 -0.9947 0.0604
vn -0.2336 -0.8476 -0.4766
vn -0.4936 -0.4322 -0.7547
vn -0.4757 0.6310 -0.6128
vn 0.0366 0.9982 -0.0475
vn 0.2696 0.8825 0.3855
vn -0.2173 -0.2988 -0.9292
vn -0.0495 -0.0460 -0.9977
vn 0.4242 0.8968 -0.1255
vn -0.0055 -0.8737 -0.4864
vn -0.0846 -0.9964 0.0005
vn -0.0371 -0.9991 -0.0206
vn -0.0155 -0.9998 -0.0136
vn -0.0031 -1.0000 0.0004
vn -0.0163 -0.9997 -0.0157
vn -0.0537 -0.9983 0.0234
vn -0.0152 -0.9936 0.1120
vn -0.0375 -0.8148 0.5786
vn -0.0275 -0.4605 0.8872
vn -0.2508 -0.8415 0.4785
vn -0.2771 -0.8356 -0.4744
vn -0.1294 -0.2495 -0.9597
vn 0.1830 -0.6564 0.7319
vn -0.0021 0.2437 0.9699
vn -0.3860 -0.7254 0.5699
vn -0.0063 -1.0000 -0.0069
vn 0.0374 -0.9991 -0.0178
vn 0.1504 -0.9885 -0.0145
vn -0.1512 -0.9881 -0.0290
vn -0.1861 -0.9817 0.0408
vn -0.0176 -0.9602 0.2788
vn 0.0164 -0.6538 0.7565
vn 0.0888 -0.6637 0.7427
vn 0.1858 -0.5180 0.8350
vn 0.2591 -0.9656 0.0199
vn -0.0062 -0.7958 -0.6056
vn 0.0002 -0.8251 -0.5650
vn 0.0117 -0.9998 -0.0144
vn -0.0567 -0.9984 -0.0047
vn -0.0912 -0.9957 -0.0190
vn 0.4744 0.8005 -0.3661
vn 0.5014 0.7897 -0.3536
vn 0.0024 -1.0000 -0.0055
vn -0.0018 -1.0000 -0.0074
vn 0.1377 -0.9858 -0.0956
vn 0.1509 -0.9737 -0.1705
vn 0.5600 -0.7563 -0.3383
vn 0.8207 -0.2349 -0.5208
vn 0.8097 0.1358 -0.5710
vn -0.6265 -0.7558 0.1904
vn -0.4406 -0.8839 0.1570
vn -0.6515 -0.7102 0.2670
vn -0.6052 -0.7698 0.2030
vn -0.4477 -0.8257 0.3433
vn -0.4421 -0.6486 0.6196
vn -0.6842 -0.7035 0.1923
vn -0.6466 -0.7065 0.2876
vn -0.3799 -0.8411 0.3850
vn 0.2376 -0.9382 0.2517
vn -0.0549 -0.9877 0.1465
vn -0.2977 -0.9485 0.1084
vn 0.3690 -0.1769 -0.9124
vn 0.0251 0.4470 -0.8942
vn 0.5516 0.5389 -0.6366
vn 0.6368 -0.3049 0.7082
vn -0.0203 0.9769 -0.2127
vn -0.0196 0.9992 0.0341
vn -0.0500 0.9987 -0.0137
vn 0.0361 0.9991 -0.0201
vn 0.0529 0.9972 -0.0531
vn -0.0130 0.9995 0.0298
vn -0.6210 -0.6715 0.4043
vn -0.6363 -0.6675 0.3867
vn -0.5371 -0.7775 0.3270
vn -0.4709 -0.8423 0.2623
vn 0.4048 -0.8827 -0.2387
vn -0.8500 -0.3210 0.4177
vn -0.8107 -0.3535 0.4666
vn -0.3239 0.9376 0.1267
vn 0.4191 0.8927 -0.1655
vn 0.8999 -0.2465 -0.3597
vn 0.4767 -0.8629 -0.1675
vn 0.0510 -0.9968 0.0615
vn -0.1515 -0.9708 0.1860
vn -0.2541 -0.9667 0.0296
vn 0.1607 -0.9651 -0.2067
vn 0.4320 -0.8997 -0.0629
vn -0.8704 -0.4735 0.1350
vn -0.4524 -0.8338 -0.3164
vn -0.8051 -0.2718 -0.5272
vn 0.1906 -0.9173 0.3497
vn -0.0107 -0.9992 -0.0397
vn -0.0604 0.9886 -0.1381
vn -0.1348 0.9899 -0.0440
vn -0.2614 0.9235 -0.2808
vn -0.0203 0.9998 -0.0034
vn -0.0709 0.9972 -0.0229
vn -0.0092 0.9975 -0.0706
vn 0.0344 0.9993 0.0167
vn 0.0153 0.9999 -0.0067
vn -0.0062 0.9984 0.0562
vn 0.1723 -0.9756 -0.1365
vn -0.0783 -0.9945 0.0700
vn -0.4559 -0.7462 0.4850
vn -0.8137 -0.3372 0.4734
vn -0.8828 0.0781 0.4631
vn -0.4902 0.8085 0.3257
vn 0.9538 -0.1452 -0.2631
vn -0.3268 -0.9443 0.0388
vn -0.1291 -0.9726 -0.1932
vn 0.3914 -0.8713 -0.2961
vn 0.5822 -0.7390 -0.3391
vn 0.2321 -0.9676 -0.0992
vn -0.5832 -0.7758 0.2406
vn -0.0822 -0.9885 0.1269
vn 0.0032 -0.9978 0.0656
vn 0.1790 -0.9838 -0.0035
vn 0.0115 -0.9954 -0.0949
vn -0.0286 -0.9858 -0.1658
vn -0.1369 -0.7816 -0.6086
vn -0.0131 0.5039 -0.8636
vn -0.0074 0.9993 -0.0379
vn -0.2439 -0.9604 0.1346
vn -0.0201 -0.9994 -0.0281
vn 0.0264 -0.9996 0.0071
vn -0.0759 -0.9861 0.1478
vn -0.1279 -0.9894 0.0686
vn 0.0815 -0.9944 -0.0671
vn 0.0272 -0.9994 -0.0232
vn -0.1577 -0.9873 0.0201
vn -0.2497 -0.9554 0.1577
vn -0.1548 -0.9793 0.1306
vn 0.1005 -0.9882 -0.1156
vn 0.1093 -0.9499 -0.2928
vn -0.0571 0.0293 -0.9979
vn -0.0181 0.9365 -0.3501
vn 0.0030 0.9933 -0.1152
vn 0.1044 -0.9900 -0.0944
vn -0.1239 -0.9916 0.0382
vn 0.0990 -0.9951 0.0035
vn 0.0056 -0.9999 -0.0159
vn -0.2598 -0.9644 0.0499
vn 0.2332 -0.9706 -0.0602
vn 0.0460 -0.9974 -0.0559
vn -0.1844 -0.9826 0.0208
vn -0.0493 -0.9985 0.0239
vn -0.0024 -0.9996 -0.0276
vn -0.0060 -1.0000 -0.0079
vn -0.0429 -0.9991 -0.0003
vn -0.1276 -0.9905 -0.0522
vn -0.1639 -0.3309 -0.9293
vn -0.3013 0.0382 -0.9528
vn -0.2102 0.3946 -0.8945
vn 0.2111 0.9300 -0.3009
vn 0.1854 0.9794 -0.0797
vn 0.0435 0.9982 0.0405
vn -0.0237 -0.9885 -0.1495
vn -0.0451 -0.9960 -0.0776
vn 0.1519 -0.9883 0.0099
vn 0.0352 -0.9994 -0.0001
vn -0.0194 -0.9998 -0.0061
vn -0.1374 -0.9786 0.1531
vn -0.0557 -0.9958 0.0727
vn 0.0807 -0.9967 0.0071
vn -0.0247 -0.9995 0.0180
vn -0.0916 -0.7684 0.6334
vn -0.1889 -0.9495 0.2505
vn -0.2327 -0.8988 -0.3716
vn -0.1175 -0.4569 -0.8817
vn 0.0049 -0.9997 -0.0221
vn 0.0745 -0.9972 0.0076
vn 0.0658 -0.9976 -0.0222
vn 0.1071 -0.9942 -0.0057
vn 0.1820 -0.9832 -0.0169
vn 0.0727 -0.9973 -0.0036
vn -0.0049 -0.9957 -0.0927
vn 0.8648 -0.3107 -0.3946
vn 0.6593 -0.7495 -0.0598
vn 0.1396 -0.8858 0.4426
vn 0.0509 -0.7285 0.6832
vn 0.0069 -0.9690 -0.2469
vn 0.0613 -0.9981 0.0016
vn 0.8027 -0.5839 -0.1215
vn 0.9264 0.3439 -0.1535
vn 0.7752 -0.5921 -0.2205
vn -0.1591 0.9508 -0.2660
vn 0.0374 0.8684 -0.4944
vn 0.0724 0.9521 -0.2969
vn 0.3930 0.8796 0.2680
vn -0.0324 0.9567 0.2893
vn -0.1021 0.9915 0.0812
vn 0.1158 0.9930 -0.0250
vn 0.0236 0.9997 0.0060
vn 0.0065 0.9998 0.0195
vn -0.0124 0.9997 0.0202
vn 0.2938 0.9559 0.0020
vn 0.0657 0.9684 -0.2405
vn -0.1637 -0.8022 -0.5741
vn -0.2116 -0.5658 -0.7970
vn -0.1713 -0.4837 -0.8583
vn -0.2307 -0.7430 -0.6283
vn -0.2742 -0.5195 0.8093
vn -0.2766 -0.6829 -0.6761
vn -0.3702 -0.8210 -0.4347
vn -0.4456 -0.7860 0.4286
vn 0.2620 0.5254 -0.8095
vn -0.1186 -0.1778 -0.9769
vn -0.2871 -0.6810 -0.6736
vn -0.2945 -0.8361 -0.4628
vn 0.0606 -0.6122 0.7884
vn -0.0227 -0.3034 0.9526
vn 0.0081 -0.1121 0.9937
vn -0.5016 0.5087 -0.6997
vn -0.1123 0.0113 0.9936
vn 0.9516 -0.0330 0.3057
vn 0.4878 -0.5938 0.6398
vn 0.7870 0.5864 -0.1916
vn -0.3546 -0.9350 0.0079
vn -0.5007 -0.8598 0.1002
vn -0.3271 -0.9192 0.2193
vn -0.3079 -0.8839 0.3520
vn -0.5029 -0.8325 0.2324
vn -0.3873 -0.8422 0.3752
vn -0.3758 -0.8722 0.3130
vn -0.2544 -0.8876 0.3841
vn -0.6320 -0.7178 0.2922
vn -0.7711 -0.5837 0.2542
vn -0.3071 -0.9498 0.0589
vn 0.0826 -0.9962 -0.0281
vn -0.1003 -0.8724 0.4784
vn -0.0469 -0.7907 0.6103
vn -0.0818 -0.9339 -0.3481
vn 0.3913 0.3576 -0.8479
vn -0.0703 -0.2213 -0.9727
vn 0.4181 -0.2706 -0.8671
vn 0.2341 0.9720 0.0219
vn 0.3446 0.8572 0.3827
vn 0.0442 0.7250 0.6873
vn 0.0322 0.9988 0.0361
vn 0.2901 -0.1251 0.9488
vn -0.1027 -0.9057 0.4114
vn 0.0464 -0.9737 -0.2231
vn -0.4705 0.0129 -0.8823
vn -0.0190 0.9985 -0.0506
vn -0.0943 0.9931 -0.0697
vn 0.1418 0.9899 -0.0026
vn 0.1085 0.9865 -0.1227
vn -0.1066 0.9887 0.1052
vn 0.0065 0.9925 0.1222
vn -0.0401 0.9957 -0.0833
vn -0.0908 -0.9681 0.2337
vn 0.4154 0.1435 0.8983
vn -0.5224 -0.8167 -0.2452
vn 0.2167 -0.2993 0.9292
vn -0.4601 -0.7010 0.5449
vn 0.0532 -0.6709 0.7396
vn -0.5619 -0.7091 0.4260
vn -0.5168 -0.7930 0.3226
vn -0.7270 -0.5642 0.3915
vn -0.9697 -0.1554 0.1884
vn -0.9442 0.0114 0.3292
vn -0.5913 -0.7961 0.1288
vn -0.6897 -0.6700 0.2746
vn -0.9067 -0.2914 0.3050
vn -0.7773 -0.5844 0.2330
vn -0.9060 -0.1603 0.3917
vn -0.9183 0.0019 0.3960
vn -0.8057 -0.4910 0.3313
vn -0.6466 -0.7022 0.2979
vn 0.0248 -0.9948 -0.0991
vn 0.2715 -0.9278 -0.2560
vn 0.1346 -0.9884 -0.0702
vn -0.2487 -0.9608 -0.1225
vn -0.0852 -0.9892 -0.1195
vn -0.0590 -0.9858 0.1575
vn 0.1984 -0.9699 -0.1413
vn 0.4655 -0.8074 -0.3624
vn 0.5634 0.8073 -0.1756
vn 0.9301 0.0243 -0.3665
vn -0.0345 0.9976 0.0594
vn -0.8537 -0.4675 0.2295
vn 0.8499 0.4235 -0.3135
vn -0.5481 0.8161 0.1833
vn -0.9234 -0.3836 -0.0128
vn 0.3628 0.6601 -0.6577
vn -0.9503 -0.0871 0.2988
vn -0.4001 -0.9164 0.0096
vn -0.5297 0.8304 0.1724
vn -0.8535 -0.5209 0.0134
vn -0.9441 0.2855 0.1650
vn -0.8443 -0.5245 0.1093
vn -0.3958 -0.8990 -0.1875
vn -0.4786 -0.8780 0.0076
vn -0.5162 -0.8427 -0.1530
vn 0.7331 -0.6800 0.0118
vn -0.5309 -0.8418 -0.0978
vn -0.7142 -0.6999 -0.0076
vn -0.3595 -0.9315 0.0554
vn 0.4380 -0.8976 0.0506
vn 0.2399 -0.9020 -0.3589
vn 0.1180 -0.9019 -0.4155
vn -0.8837 -0.4146 -0.2172
vn -0.4549 -0.6774 -0.5781
vn 0.2620 -0.9514 0.1619
vn -0.3347 -0.7807 -0.5278
vn -0.3339 0.9040 -0.2671
vn -0.0283 0.9515 -0.3063
vn 0.0681 0.9961 0.0562
vn 0.0175 0.9997 -0.0194
vn -0.0181 0.9936 -0.1114
vn 0.0224 0.9994 0.0252
vn -0.9116 -0.2792 -0.3018
vn -0.8966 -0.3276 0.2979
vn -0.9010 -0.3358 -0.2747
vn -0.7725 -0.3724 0.5143
vn -0.8727 -0.2035 0.4439
vn -0.8729 -0.4877 -0.0153
vn -0.0962 -0.9918 -0.0842
vn -0.1650 -0.9771 -0.1344
vn 0.3363 -0.9377 0.0869
vn 0.5336 -0.8457 0.0134
vn 0.3279 -0.1607 -0.9309
vn 0.5351 0.6522 -0.5369
vn -0.2219 0.9684 0.1142
vn -0.1946 0.9807 0.0187
vn -0.7254 0.2200 0.6522
vn -0.7266 0.6351 0.2622
vn -0.8747 0.2664 0.4048
vn 0.0809 0.9967 -0.0086
vn -0.6988 0.6501 0.2984
vn -0.8277 -0.4356 0.3538
vn -0.4359 0.8732 0.2181
vn -0.9251 0.0618 0.3746
vn -0.5327 -0.8182 0.2161
vn -0.8634 0.3610 0.3525
vn -0.2310 -0.9687 0.0906
vn -0.8633 -0.3427 0.3704
vn 0.3355 -0.9146 -0.2259
vn -0.5745 -0.7819 0.2419
vn -0.2889 -0.9500 0.1186
vn 0.7613 0.4528 -0.4641
vn -0.3635 0.9175 0.1615
vn 0.9078 0.0280 -0.4185
vn -0.3295 -0.9398 0.0903
vn -0.6791 0.7194 0.1456
vn -0.4973 0.8675 0.0102
vn -0.0136 0.9915 -0.1292
vn -0.7350 -0.0635 0.6751
vn -0.1775 -0.9685 0.1749
vn -0.2974 -0.8332 0.4662
vn 0.2339 -0.9670 -0.1014
vn 0.2142 -0.9759 -0.0406
vn -0.1649 -0.9855 0.0394
vn -0.0458 -0.9974 0.0559
vn 0.0281 -0.9978 0.0603
vn -0.1133 -0.7875 -0.6058
vn -0.1655 -0.2061 -0.9644
vn -0.0695 -0.7185 -0.6921
vn -0.1154 0.1888 -0.9752
vn -0.1253 0.0290 -0.9917
vn -0.0759 -0.8370 -0.5419
vn -0.1525 0.7314 -0.6647
vn -0.1183 -0.4820 -0.8681
vn -0.1339 0.7216 -0.6792
vn -0.1768 0.4360 -0.8824
vn -0.1223 0.9834 -0.1343
vn 0.0364 0.9989 0.0286
vn -0.0334 0.9994 -0.0085
vn 0.2582 -0.9637 -0.0684
vn 0.0806 -0.9967 0.0025
vn 0.1235 -0.9513 -0.2823
vn -0.1150 -0.9911 0.0670
vn -0.2413 -0.9696 -0.0397
vn -0.0169 -0.9998 -0.0078
vn -0.0926 -0.9955 -0.0190
vn -0.5309 0.2858 0.7978
vn -0.6011 -0.5183 0.6083
vn -0.0501 -0.9920 0.1158
vn -0.0602 -0.9978 0.0259
vn 0.1123 -0.9936 -0.0084
vn 0.1282 -0.9898 -0.0627
vn -0.2007 -0.9795 0.0187
vn 0.0671 -0.9977 0.0045
vn -0.1708 -0.9837 0.0564
vn -0.0062 -0.9997 -0.0246
vn 0.1404 -0.9898 -0.0238
vn -0.1151 -0.9911 0.0669
vn 0.0124 -0.9999 0.0043
vn 0.0994 -0.9904 -0.0964
vn -0.1597 -0.9862 0.0426
vn -0.0769 -0.9956 0.0540
vn -0.3050 -0.9293 0.2084
vn -0.2365 -0.9627 0.1314
vn -0.0423 -0.9990 0.0173
vn 0.0068 -1.0000 0.0049
vn -0.0720 -0.9925 -0.0991
vn 0.0493 -0.9972 -0.0565
vn 0.0189 -0.9874 0.1574
vn 0.0271 -0.9521 -0.3046
vn -0.1113 -0.1507 -0.9823
vn -0.0580 -0.2331 -0.9707
vn 0.1189 0.9551 0.2714
vn 0.0946 0.9900 0.1043
vn 0.0646 -0.6508 -0.7565
vn 0.0743 -0.6521 -0.7545
vn 0.0940 -0.5698 -0.8164
vn -0.1377 -0.9801 -0.1430
vn -0.0574 -0.7458 -0.6637
vn -0.1990 -0.9793 0.0367
vn 0.0664 -0.9826 -0.1732
vn 0.0272 -0.6986 -0.7150
vn 0.1539 -0.9876 -0.0320
vn -0.1441 -0.9878 0.0584
vn 0.0173 -0.9996 0.0237
vn -0.2447 -0.9653 0.0916
vn 0.1821 -0.9831 0.0182
vn -0.2550 -0.9613 0.1042
vn -0.0410 -0.9990 0.0175
vn 0.0022 -0.9994 0.0344
vn 0.0116 -0.9987 -0.0495
vn -0.0634 -0.9957 -0.0682
vn 0.0516 -0.9972 -0.0536
vn 0.0022 -0.9998 -0.0182
vn -0.5206 -0.5763 -0.6299
vn -0.3832 -0.8833 -0.2700
vn -0.4050 -0.9135 -0.0378
vn -0.1094 -0.6756 0.7291
vn -0.4971 -0.8652 0.0657
vn -0.1416 0.7035 -0.6964
vn -0.3130 -0.1156 -0.9427
vn -0.3736 -0.3672 -0.8518
vn -0.4463 -0.7579 -0.4759
vn -0.3693 -0.9285 0.0373
vn 0.0789 0.9697 -0.2313
vn 0.0068 0.4899 -0.8718
vn -0.1442 -0.0422 -0.9886
vn 0.0036 -0.7424 -0.6699
vn -0.0068 -0.7448 -0.6672
vn -0.0298 -0.6668 -0.7447
vn -0.0898 -0.9959 -0.0082
vn -0.0784 -0.9969 0.0090
vn 0.0512 -0.9985 -0.0183
vn 0.0369 -0.9993 -0.0086
vn -0.0089 -0.9506 0.3103
vn -0.0005 -0.6982 0.7159
vn -0.2134 -0.9108 0.3534
vn -0.1340 -0.7217 0.6791
vn -0.0395 -0.4787 0.8771
vn 0.0016 -0.2396 0.9709
vn -0.0138 -0.8168 -0.5768
vn -0.0028 -0.7557 -0.6550
vn -0.0173 -0.9008 -0.4339
vn -0.2359 -0.9706 -0.0470
vn -0.1147 -0.9929 -0.0306
vn 0.0672 -0.9977 -0.0046
vn -0.0947 -0.9936 0.0609
vn 0.0336 -0.9689 0.2451
vn -0.0012 -0.9466 0.3225
vn 0.0045 -0.7042 -0.7100
vn -0.0101 -0.6140 -0.7892
vn 0.0015 -0.6947 -0.7193
vn 0.0117 -0.6681 -0.7440
vn -0.0201 -0.9995 -0.0261
vn 0.0525 -0.9963 -0.0686
vn 0.2561 -0.9639 -0.0728
vn 0.0114 -0.6803 -0.7328
vn 0.1127 -0.8610 -0.4959
vn 0.2404 -0.9707 -0.0004
vn 0.6890 -0.7248 -0.0042
vn 0.2600 -0.9650 -0.0340
vn 0.2788 -0.9593 -0.0444
vn 0.2530 -0.9667 -0.0395
vn 0.4932 -0.8594 -0.1351
vn 0.9362 -0.1784 -0.3029
vn 0.7245 0.6825 -0.0966
vn 0.3671 -0.9190 -0.1435
vn 0.9113 0.2873 -0.2949
vn 0.5003 -0.8310 -0.2434
vn 0.7643 -0.4699 -0.4416
vn 0.8359 0.1855 -0.5166
vn 0.3014 0.9489 0.0938
vn 0.8159 0.0006 -0.5782
vn 0.6716 0.5253 -0.5225
vn -0.0891 0.9941 0.0612
vn 0.2775 0.9190 -0.2800
vn 0.0293 0.9918 -0.1241
vn 0.1558 -0.9023 0.4020
vn -0.4079 -0.7159 0.5667
vn -0.3242 -0.9035 0.2802
vn -0.5838 -0.7785 0.2305
vn -0.8211 -0.4781 0.3119
vn -0.2886 -0.9286 0.2332
vn -0.3900 -0.3276 -0.8606
vn -0.3637 0.8229 -0.4365
vn -0.5057 0.6945 -0.5117
vn -0.1055 0.6367 -0.7639
vn -0.9020 0.3717 -0.2197
vn 0.0871 0.7494 0.6564
vn 0.2878 0.9054 0.3120
vn -0.5057 0.1284 0.8531
vn -0.5543 0.7122 0.4308
vn 0.2220 0.9692 0.1066
vn 0.5459 0.5317 0.6475
vn 0.3143 0.9410 0.1258
vn 0.3066 0.7780 0.5484
vn -0.9737 -0.1250 0.1907
vn -0.5825 0.6680 0.4631
vn -0.4540 0.6103 0.6492
vn -0.4085 0.5148 0.7537
vn -0.4710 -0.2314 0.8513
vn -0.2598 0.1291 0.9570
vn 0.3755 0.7206 0.5829
vn 0.4178 0.8673 0.2708
vn -0.4364 0.8922 0.1161
vn -0.7583 0.6398 0.1250
vn -0.9454 0.1685 0.2789
vn -0.8204 0.2666 0.5059
vn -0.1850 -0.9799 -0.0742
vn -0.7489 -0.6527 -0.1142
vn -0.4718 0.4410 -0.7635
vn 0.4018 -0.1951 0.8947
vn 0.3719 -0.1358 0.9183
vn 0.1022 -0.0298 0.9943
vn -0.3830 0.0086 0.9237
vn 0.6287 0.7610 -0.1598
vn 0.0402 -0.0761 0.9963
vn 0.0762 -0.4600 0.8846
vn 0.7407 0.2445 0.6257
vn 0.3983 -0.7452 0.5349
vn 0.4620 -0.7298 0.5040
vn 0.3978 -0.7298 0.5560
vn 0.2819 -0.8605 0.4243
vn 0.0769 0.9772 0.1979
vn 0.4888 0.7944 -0.3605
vn 0.8120 0.4517 -0.3696
vn 0.4536 0.8911 -0.0151
vn 0.2833 0.9541 -0.0969
vn 0.0655 0.9693 0.2371
vn -0.1242 0.9272 0.3535
vn -0.0128 0.9996 0.0249
vn 0.1360 0.9705 -0.1993
vn 0.4371 0.7672 -0.4694
vn 0.8498 0.1095 -0.5156
vn -0.3201 0.9431 0.0894
vn -0.1503 -0.9003 0.4084
vn 0.0779 -0.9634 0.2567
vn -0.0754 -0.9960 -0.0481
vn -0.0119 -0.9983 -0.0565
vn 0.3843 0.8515 -0.3567
vn 0.8898 0.1954 -0.4123
vn 0.2487 0.9595 -0.1322
vn -0.2665 0.9625 0.0498
vn 0.4650 0.8837 -0.0528
vn 0.7496 0.5912 -0.2976
vn 0.0714 0.9963 0.0478
vn 0.1596 0.9814 -0.1064
vn -0.0114 0.9999 -0.0012
vn 0.0209 0.9981 0.0576
vn -0.0418 -0.9986 -0.0329
vn 0.2216 0.7917 -0.5692
vn -0.0591 0.9711 0.2312
vn -0.1520 0.9877 0.0378
vn -0.2509 0.9656 0.0690
vn -0.1232 0.9909 0.0547
vn 0.1703 0.9838 -0.0556
vn 0.1820 0.9831 -0.0206
vn 0.0032 0.9984 0.0561
vn -0.0944 0.9940 -0.0544
vn -0.0541 0.9977 -0.0411
vn -0.0140 -0.7017 0.7123
vn -0.0867 -0.9814 -0.1715
vn 0.0059 -0.9982 -0.0603
vn -0.0650 -0.9978 -0.0158
vn 0.0739 -0.9799 0.1853
vn -0.0770 0.8935 0.4424
vn 0.2878 0.9566 -0.0459
vn -0.1094 0.9939 -0.0108
vn -0.1139 0.9934 -0.0097
vn -0.0414 0.9990 -0.0158
vn -0.1442 0.9888 0.0376
vn 0.1508 0.9853 -0.0809
vn 0.0397 0.9984 -0.0404
vn -0.1636 0.9752 -0.1492
vn -0.2651 0.6646 -0.6986
vn -0.0314 0.9967 0.0746
vn 0.1689 0.8934 0.4164
vn 0.2066 0.8988 0.3867
vn -0.2296 -0.9168 -0.3268
vn 0.2564 0.4756 0.8415
vn -0.1152 -0.2880 0.9507
vn -0.1677 -0.5380 0.8261
vn -0.1334 -0.7622 0.6335
vn 0.0057 0.7221 0.6918
vn 0.0047 0.9069 0.4212
vn 0.0249 0.9997 -0.0052
vn 0.0156 0.9997 0.0160
vn 0.0340 0.9281 -0.3708
vn 0.0928 0.2984 0.9499
vn -0.2685 -0.4108 -0.8713
vn -0.4874 -0.8127 0.3193
vn -0.0858 0.9961 0.0216
vn -0.0857 0.9962 0.0169
vn 0.0274 0.3373 -0.9410
vn -0.4155 0.9062 0.0783
vn 0.0004 0.9715 0.2371
vn 0.1253 0.9921 0.0101
vn -0.0170 0.7567 -0.6536
vn -0.2502 0.9522 0.1751
vn -0.6922 0.5492 0.4683
vn -0.5840 -0.7128 0.3884
vn 0.5576 0.8023 -0.2131
vn 0.0841 0.8452 -0.5278
vn 0.4925 0.8564 -0.1550
vn 0.6385 0.7398 -0.2124
vn 0.7337 0.6232 -0.2707
vn 0.3695 0.8545 -0.3652
vn 0.0606 0.8831 -0.4652
vn -0.0452 0.9852 -0.1651
vn 0.1523 0.9812 -0.1184
vn 0.3496 0.5776 0.7376
vn -0.3262 0.6354 -0.6999
vn 0.2263 -0.9547 -0.1932
vn -0.7122 0.2773 0.6449
vn -0.1143 -0.9901 -0.0810
vn -0.0060 -0.9770 0.2130
vn -0.2704 -0.9123 0.3076
vn -0.1753 -0.9505 0.2565
vn -0.0261 -0.9960 0.0856
vn 0.9635 0.1274 -0.2355
vn 0.3291 0.7180 -0.6133
vn 0.5616 0.7680 -0.3078
vn -0.3254 0.9297 0.1727
vn -0.1765 0.9800 0.0916
vn 0.0778 0.9969 -0.0100
vn 0.9260 -0.1088 -0.3615
vn 0.7469 -0.5880 -0.3104
vn 0.2732 -0.0357 -0.9613
vn 0.1668 0.9726 -0.1617
vn 0.8658 0.3553 -0.3524
vn 0.6565 0.7102 0.2542
vn 0.3227 0.9464 -0.0133
vn -0.4873 0.8300 -0.2714
vn 0.1751 -0.6974 0.6950
vn -0.0249 -0.9996 0.0121
vn -0.0243 -0.9995 0.0211
vn 0.0045 -0.9995 -0.0299
vn 0.0833 0.9877 0.1322
vn 0.2447 0.9304 -0.2729
vn 0.7767 0.4190 -0.4702
vn 0.5565 -0.7785 -0.2902
vn 0.8591 -0.4422 -0.2579
vn 0.8856 0.3153 -0.3411
vn 0.3256 0.9455 0.0040
vn 0.2090 0.9779 0.0079
vn -0.2679 0.9555 0.1232
vn -0.2792 0.9472 0.1575
vn 0.7725 0.5433 -0.3287
vn 0.1240 0.9909 -0.0528
vn 0.0499 -0.9017 0.4294
vn -0.0116 -0.9999 0.0007
vn 0.0020 -1.0000 0.0007
vn 0.1951 0.9741 -0.1144
vn -0.1027 0.9946 0.0164
vn -0.1937 0.9796 0.0540
vn -0.0140 0.9997 0.0219
vn 0.0241 0.9996 -0.0128
vn 0.1142 0.9902 -0.0808
vn 0.0068 0.9998 0.0197
vn 0.0212 0.9976 0.0661
vn 0.0968 0.9896 0.1065
vn -0.0311 0.9958 -0.0866
vn -0.1687 0.8848 -0.4343
vn -0.1614 -0.0032 -0.9869
vn -0.1056 0.9937 0.0362
vn -0.1480 0.9882 0.0396
vn 0.2916 -0.1407 0.9461
vn -0.2223 -0.9748 -0.0169
vn 0.0388 0.9928 0.1131
vn 0.0118 0.9999 0.0052
vn -0.1196 0.9928 0.0006
vn 0.0127 0.9999 0.0009
vn -0.0170 0.9990 -0.0404
vn 0.0965 0.6809 -0.7260
vn 0.1948 0.9175 -0.3468
vn 0.2271 0.8076 0.5443
vn 0.0923 0.9957 0.0116
vn -0.0947 0.9954 0.0126
vn 0.0212 0.7193 -0.6944
vn -0.0325 0.5956 -0.8026
vn -0.2400 0.9611 0.1364
vn 0.1201 0.7369 0.6653
vn 0.0066 0.8139 0.5810
vn 0.3466 0.9326 0.1009
vn -0.8557 0.5036 0.1189
vn -0.1225 0.9923 0.0187
vn -0.5073 -0.8601 0.0537
vn -0.9115 0.3357 0.2378
vn -0.4476 0.8807 0.1547
vn 0.0112 0.9185 0.3953
vn -0.4186 -0.3043 0.8557
vn -0.1675 -0.8727 0.4586
vn 0.3354 -0.9160 0.2203
vn -0.0531 -0.9647 0.2578
vn -0.4038 -0.8689 0.2863
vn 0.1063 -0.9154 0.3884
vn -0.2880 -0.9437 -0.1630
vn 0.0330 -0.9994 -0.0119
vn -0.4194 -0.1768 0.8904
vn -0.1870 -0.9723 -0.1399
vn -0.1434 -0.9878 -0.0609
vn -0.2415 -0.9674 0.0764
vn 0.1610 -0.9748 0.1547
vn 0.0689 -0.9971 -0.0332
vn 0.1704 -0.9853 0.0116
vn -0.1835 -0.8265 0.5321
vn -0.4820 -0.3003 0.8231
vn -0.2564 -0.7858 0.5628
vn 0.0881 -0.9794 0.1819
vn -0.4809 -0.4635 0.7442
vn 0.2457 -0.9375 0.2466
vn -0.7898 -0.5220 0.3219
vn 0.0509 -0.9609 0.2723
vn -0.3386 0.4681 0.8162
vn -0.1286 0.9268 0.3528
vn -0.4110 0.6988 0.5855
vn -0.0161 -0.9813 0.1918
vn 0.0307 -0.9782 0.2053
vn 0.0870 -0.9362 0.3404
vn -0.3021 -0.9489 0.0912
vn 0.6806 -0.5969 -0.4249
vn 0.0473 -0.9984 -0.0296
vn -0.2756 -0.9610 -0.0237
vn -0.5335 -0.8158 0.2233
vn -0.0327 -0.9995 0.0025
vn 0.1370 -0.9877 -0.0761
vn 0.7989 0.4113 -0.4388
vn 0.3353 -0.9055 -0.2600
vn 0.3495 -0.8738 -0.3382
vn -0.2912 -0.9565 -0.0170
vn -0.1857 -0.9822 0.0292
vn -0.0678 -0.9974 -0.0243
vn 0.1721 -0.9789 -0.1103
vn 0.0088 -0.9974 -0.0715
vn 0.2370 -0.9585 -0.1587
vn -0.1062 -0.9943 0.0127
vn 0.2782 -0.9465 -0.1634
vn -0.1876 -0.9735 0.1307
vn -0.0949 -0.9952 0.0230
vn -0.1325 -0.9899 0.0508
vn -0.0117 -0.9577 0.2874
vn -0.4257 -0.8638 0.2695
vn 0.0187 -0.9998 -0.0012
vn -0.0525 -0.9983 0.0264
vn 0.0178 -0.9985 -0.0516
vn -0.0149 -0.9998 -0.0133
vn 0.0014 -1.0000 0.0081
vn 0.0645 -0.9919 0.1097
vn 0.0937 -0.9898 0.1075
vn -0.0322 -0.9994 -0.0146
vn -0.0076 -0.9999 -0.0119
vn 0.0244 -0.9967 -0.0781
vn 0.0222 -0.9989 -0.0415
vn 0.0316 -0.9988 -0.0361
vn -0.0169 -0.9987 -0.0480
vn -0.0233 -0.9982 -0.0554
vn -0.0353 -0.9992 -0.0185
vn 0.0730 -0.9940 0.0812
vn -0.2151 -0.9744 0.0653
vn 0.2748 -0.3215 0.9062
vn 0.1930 0.0314 0.9807
vn 0.0665 -0.7366 0.6730
vn 0.1625 -0.2736 0.9480
vn 0.0572 -0.1887 0.9804
vn -0.0275 -0.6412 0.7669
vn -0.0520 -0.9153 0.3994
vn -0.0080 -0.9738 0.2274
vn 0.3630 0.3688 0.8557
vn 0.2558 0.4317 0.8650
vn -0.1280 -0.5613 0.8176
vn -0.0070 -0.9131 0.4077
vn -0.0431 -0.9978 -0.0497
vn 0.2323 0.6973 0.6781
vn 0.0388 0.0924 0.9950
vn -0.0552 0.7921 0.6079
vn -0.3050 0.0365 -0.9516
vn 0.1634 0.4226 0.8915
vn 0.2374 0.2045 0.9496
vn -0.3370 0.0754 -0.9385
vn 0.2648 0.8226 0.5032
vn -0.0858 -0.5440 0.8347
vn -0.1846 -0.3234 0.9281
vn 0.1916 0.3374 0.9217
vn 0.2483 0.5183 0.8184
vn -0.0334 -0.2679 0.9629
vn 0.0580 -0.1762 0.9826
vn 0.1324 0.4912 0.8609
vn 0.1392 0.3849 0.9124
vn 0.1805 0.7951 0.5790
vn 0.1197 0.8962 0.4271
vn 0.0705 0.7638 -0.6416
vn -0.0198 0.5592 -0.8288
vn -0.1138 0.2270 0.9672
vn 0.1195 -0.3710 0.9209
vn -0.1279 -0.2686 0.9547
vn -0.0717 -0.4490 0.8907
vn 0.0205 -0.7187 0.6950
vn 0.0996 0.2808 0.9546
vn 0.3111 0.7278 0.6112
vn -0.0494 0.5933 -0.8035
vn -0.2138 0.5245 -0.8241
vn -0.2382 0.1440 -0.9605
vn -0.0834 0.4350 -0.8966
vn 0.0386 0.1912 -0.9808
vn 0.0453 -0.0920 -0.9947
vn 0.1582 -0.0733 -0.9847
vn -0.2876 -0.8947 -0.3418
vn 0.0518 -0.6436 -0.7636
vn 0.1334 -0.3849 -0.9133
vn -0.4291 -0.2749 0.8604
vn -0.2265 0.6786 -0.6988
vn -0.3308 -0.9374 0.1091
vn -0.0332 -0.9480 -0.3164
vn 0.2620 -0.8867 -0.3809
vn 0.7729 0.6262 -0.1028
vn 0.0142 0.7178 -0.6961
vn -0.0795 0.7440 -0.6634
vn 0.1741 -0.9587 0.2248
vn -0.2076 -0.6701 -0.7127
vn -0.1672 0.5106 -0.8434
vn -0.0193 0.8859 -0.4634
vn 0.1394 0.6577 -0.7403
vn 0.2288 0.2712 -0.9349
vn 0.2012 0.0541 -0.9781
vn -0.8550 0.5048 -0.1192
vn 0.3344 0.1556 -0.9295
vn 0.2238 0.0604 -0.9728
vn 0.0613 0.4443 -0.8938
vn -0.0440 0.1697 -0.9845
vn -0.2673 0.4563 -0.8487
vn -0.7344 0.3832 -0.5601
vn -0.4370 0.6130 -0.6582
vn -0.6425 0.5850 -0.4949
vn -0.8762 0.3156 -0.3641
vn -0.9068 -0.4005 0.1315
vn -0.4512 0.8206 -0.3508
vn -0.6172 0.7830 -0.0773
vn -0.8779 0.4781 -0.0278
vn -0.9601 -0.2077 0.1873
vn -0.9661 0.2571 0.0245
vn -0.0917 0.9094 -0.4057
vn -0.6781 -0.5723 0.4612
vn -0.8706 -0.4863 0.0748
vn -0.2645 -0.9390 0.2200
vn -0.8037 0.5893 0.0829
vn -0.4580 0.8871 0.0563
vn 0.1071 0.8798 0.4631
vn 0.1729 0.9835 0.0536
vn 0.6255 0.7792 -0.0383
vn 0.3760 0.9178 0.1273
vn 0.4082 0.9088 0.0868
vn 0.3704 0.9226 0.1078
vn 0.3170 0.9484 -0.0040
vn 0.4505 0.8905 -0.0634
vn 0.4424 0.8956 -0.0464
vn 0.4753 0.8420 -0.2551
vn 0.1530 0.9128 -0.3786
vn 0.6021 0.7722 0.2029
vn 0.4170 0.8877 0.1953
vn 0.2250 0.9572 0.1819
vn 0.3297 0.9198 -0.2129
vn -0.3326 0.9227 -0.1948
vn 0.4979 0.8352 -0.2337
vn 0.5204 0.7596 -0.3902
vn 0.2221 0.9200 -0.3229
vn 0.3764 0.8517 -0.3647
vn 0.6027 0.7770 -0.1817
vn 0.5489 0.7059 -0.4477
vn 0.2587 0.9208 -0.2919
vn 0.3929 0.9032 -0.1726
vn 0.5347 0.8288 -0.1645
vn 0.3233 0.9459 -0.0276
vn 0.2634 0.9070 -0.3285
vn 0.5419 0.6952 -0.4722
vn 0.5751 0.7791 -0.2495
vn 0.4351 0.8881 -0.1481
vn 0.3486 0.9183 -0.1877
vn 0.2101 0.9661 -0.1498
vn 0.0904 0.9347 -0.3438
vn 0.0887 0.9168 -0.3894
vn 0.1748 0.9139 -0.3665
vn 0.5673 0.7841 -0.2516
vn 0.4917 0.8351 -0.2467
vn 0.6697 0.6866 -0.2829
vn 0.7710 0.5468 -0.3264
vn 0.6779 0.6834 -0.2708
vn 0.7555 0.5582 -0.3430
vn 0.7338 0.6715 -0.1029
vn 0.6664 0.7148 -0.2120
vn 0.6714 0.7329 -0.1101
vn 0.6476 0.7571 -0.0861
vn 0.0847 0.9154 -0.3935
vn -0.0157 0.8185 -0.5743
vn 0.6633 0.6943 -0.2793
vn 0.2385 0.8498 -0.4701
vn 0.5634 0.8133 -0.1455
vn 0.5539 0.8152 -0.1693
vn 0.4694 0.8111 -0.3489
vn 0.1844 0.9824 0.0284
vn 0.0178 0.7956 -0.6055
vn 0.2174 0.8878 -0.4056
vn -0.1908 0.9700 0.1506
vn 0.3598 0.8873 -0.2886
vn 0.2087 0.9721 -0.1073
vn -0.0041 0.8234 -0.5674
vn 0.0830 0.7915 -0.6055
vn 0.0139 0.9982 -0.0585
vn -0.2300 0.9730 0.0166
vn -0.2794 0.9548 -0.1015
vn -0.0624 0.8705 -0.4882
vn 0.0755 0.9164 -0.3931
vn -0.0615 0.8859 -0.4597
vn 0.3845 0.9188 -0.0890
vn -0.2767 0.9607 -0.0214
vn -0.1689 0.9499 -0.2630
vn 0.2350 0.9353 -0.2644
vn -0.1786 0.7538 -0.6323
vn 0.1619 0.9867 0.0152
vn -0.0095 0.9994 0.0321
vn 0.0385 0.9529 0.3009
vn -0.0799 0.9656 0.2473
vn -0.2397 0.9701 0.0382
vn -0.2660 0.9630 -0.0425
vn -0.2463 0.9662 -0.0765
vn -0.1080 0.9877 0.1131
vn 0.0771 0.8875 -0.4544
vn 0.0484 0.9988 -0.0101
vn -0.5375 -0.2157 0.8152
vn -0.1588 -0.2680 0.9503
vn -0.1754 -0.9780 0.1131
vn -0.0511 0.8405 -0.5394
vn 0.1384 0.7939 -0.5921
vn -0.1051 0.9089 0.4036
vn -0.2494 0.9394 -0.2354
vn 0.1137 0.9515 -0.2860
vn -0.3810 0.0116 -0.9245
vn -0.0615 -0.9707 0.2324
vn -0.2700 -0.0276 0.9625
vn -0.2834 0.8928 -0.3501
vn -0.8968 0.3769 0.2318
vn 0.0520 0.4603 0.8862
vn -0.7902 0.0265 -0.6123
vn -0.6244 0.4303 0.6520
vn -0.3657 0.9028 -0.2261
vn -0.1968 -0.4729 -0.8589
vn 0.2496 0.9671 -0.0495
vn -0.1763 0.4980 -0.8491
vn 0.0800 0.3750 -0.9236
vn -0.1178 -0.2523 -0.9605
vn -0.2998 -0.5524 -0.7778
vn 0.9515 0.0154 0.3071
vn -0.1549 -0.9856 0.0677
vn 0.4194 -0.8479 0.3243
vn 0.1344 -0.9785 -0.1567
vn -0.0872 -0.9737 0.2105
vn -0.0921 0.7662 -0.6359
vn 0.0616 -0.4703 0.8804
vn -0.1860 -0.9096 -0.3716
vn -0.0313 -0.9951 0.0941
vn 0.1302 -0.9910 0.0299
vn -0.0504 -0.9987 -0.0052
vn -0.0107 -0.9978 -0.0648
vn -0.1629 -0.9679 0.1916
vn -0.0923 -0.9954 -0.0271
vn -0.0478 -0.9769 0.2084
vn -0.2201 -0.9322 0.2873
vn -0.0986 -0.9797 0.1744
vn -0.2812 -0.9594 0.0225
vn -0.1493 -0.9728 0.1773
vn -0.0878 -0.9881 -0.1264
vn 0.1559 -0.9675 -0.1990
vn 0.1988 -0.9737 -0.1112
vn -0.0621 -0.9980 -0.0135
vn 0.0637 -0.9948 -0.0799
vn -0.0681 -0.9924 0.1027
vn -0.0257 -0.9957 -0.0887
vn 0.1483 -0.9863 -0.0727
vn -0.4145 -0.9032 0.1111
vn -0.2190 -0.9734 -0.0673
vn -0.1013 -0.9943 0.0323
vn -0.0243 -0.9986 -0.0465
vn 0.0275 -0.9996 0.0077
vn 0.0333 -0.9991 -0.0265
vn -0.0198 -0.9844 0.1750
vn 0.1419 -0.9879 0.0634
vn 0.3946 -0.7103 0.5829
vn 0.0267 -0.9380 0.3456
vn 0.3312 -0.9417 0.0587
vn 0.4266 -0.8708 -0.2444
vn -0.1250 -0.9414 0.3132
vn -0.0637 -0.9977 0.0213
vn -0.0835 -0.9956 0.0433
vn 0.5875 0.5701 0.5743
vn 0.3865 0.9219 0.0259
vn 0.6980 0.5795 0.4208
vn 0.4625 -0.0120 0.8866
vn 0.2525 0.9665 -0.0452
vn 0.5955 0.7375 0.3186
vn 0.7472 0.5140 0.4212
vn 0.2296 0.9472 -0.2238
vn 0.3837 0.8404 -0.3827
vn 0.5338 0.8203 -0.2054
vn 0.3711 0.9037 -0.2138
vn 0.7511 0.6267 -0.2074
vn 0.8175 0.4452 -0.3654
vn 0.1263 0.7218 -0.6804
vn 0.3617 0.6641 -0.6543
vn 0.4789 0.7870 -0.3889
vn 0.4332 0.7466 -0.5049
vn 0.7531 0.5286 0.3917
vn -0.0294 0.9218 0.3866
vn 0.4111 0.8539 -0.3191
vn 0.6041 0.7043 -0.3730
vn 0.7135 0.5964 -0.3677
vn 0.9709 0.0836 -0.2245
vn 0.5452 0.6417 -0.5395
vn 0.5711 0.7357 -0.3641
vn 0.8677 0.3045 -0.3930
vn 0.6719 0.6601 -0.3360
vn 0.8274 0.3812 -0.4124
vn 0.9611 0.1120 -0.2524
vn 0.9206 -0.0859 -0.3808
vn 0.8850 0.0426 -0.4636
vn 0.9176 0.1847 -0.3520
vn 0.7099 0.6698 -0.2180
vn 0.8899 0.1706 -0.4230
vn 0.6013 0.7708 -0.2105
vn 0.7615 0.6098 -0.2197
vn 0.8974 0.1631 -0.4100
vn 0.6447 0.7195 -0.2581
vn 0.7673 0.5187 -0.3769
vn 0.9067 0.1992 -0.3717
vn 0.7806 0.5463 -0.3035
vn 0.5546 0.6609 -0.5056
vn 0.8933 0.3117 -0.3238
vn 0.8229 0.3040 -0.4800
vn 0.8987 0.2897 -0.3292
vn 0.8184 0.4323 -0.3786
vn 0.7828 0.5663 -0.2581
vn 0.5230 0.8275 -0.2041
vn 0.0920 0.9940 -0.0589
vn -0.0533 0.9986 0.0051
vn 0.0257 0.9997 -0.0053
vn 0.4979 0.8487 -0.1786
vn 0.8934 0.2438 -0.3773
vn 0.5104 0.7140 -0.4793
vn 0.5886 0.7884 -0.1789
vn 0.7706 0.5473 -0.3266
vn -0.2719 0.9394 0.2087
vn 0.7989 0.4496 -0.3995
vn 0.5654 0.7970 -0.2126
vn 0.6593 0.7123 -0.2409
vn 0.3715 0.9214 -0.1135
vn -0.3463 0.9019 0.2581
vn 0.0060 0.9962 0.0871
vn 0.1230 0.9911 -0.0505
vn 0.2666 0.9629 0.0425
vn 0.1838 0.9765 0.1124
vn -0.1290 0.9461 0.2970
vn 0.0956 0.9915 -0.0880
vn 0.6147 0.7221 -0.3173
vn 0.0911 0.9596 0.2661
vn 0.9068 -0.1845 -0.3789
vn -0.1217 0.9786 0.1662
vn 0.4427 0.8411 -0.3107
vn 0.9104 -0.0105 -0.4135
vn 0.2859 -0.9559 -0.0667
vn 0.9016 0.0978 -0.4214
vn 0.1247 0.9919 -0.0229
vn 0.9107 0.0711 -0.4069
vn 0.4764 0.8313 -0.2863
vn 0.7478 0.4833 -0.4553
vn 0.8840 -0.2750 -0.3781
vn 0.1120 -0.9932 -0.0328
vn 0.2900 0.9493 -0.1216
vn 0.4376 0.8990 0.0203
vn 0.6513 0.7300 -0.2069
vn 0.8190 0.3990 -0.4124
vn 0.8126 0.3933 -0.4302
vn -0.0574 0.9638 0.2604
vn 0.2751 0.9598 0.0550
vn 0.9070 0.3325 -0.2585
vn -0.0212 0.9358 0.3520
vn 0.9161 -0.2043 0.3450
vn 0.1278 0.9650 0.2292
vn 0.7824 0.6074 -0.1376
vn 0.7128 -0.6188 -0.3302
vn 0.5733 0.8194 -0.0007
vn 0.5325 -0.7757 -0.3387
vn 0.8860 -0.1243 -0.4466
vn 0.9418 0.2422 -0.2329
vn 0.8363 -0.5070 -0.2086
vn 0.6624 -0.7094 -0.2408
vn 0.1253 0.9869 0.1013
vn 0.3438 0.9380 0.0444
vn 0.9524 0.1009 -0.2875
vn 0.5710 -0.7868 -0.2344
vn 0.7806 0.5998 -0.1756
vn 0.6037 0.7963 -0.0374
vn -0.1029 0.9916 0.0789
vn 0.8187 -0.5621 -0.1174
vn 0.0959 0.9911 0.0927
vn 0.9887 0.1144 -0.0970
vn 0.9172 0.3645 -0.1612
vn 0.3371 0.9414 -0.0125
vn -0.0828 0.9893 0.1201
vn 0.0463 0.9988 0.0183
vn 0.8203 -0.4647 -0.3335
vn 0.9676 0.1678 -0.1884
vn 0.5578 0.8144 -0.1598
vn -0.0603 0.9821 0.1786
vn -0.1397 0.9091 0.3924
vn -0.0670 0.7483 -0.6600
vn 0.3720 0.9070 -0.1977
vn -0.3646 0.9068 0.2116
vn 0.4343 0.7835 -0.4444
vn 0.3750 0.9125 0.1634
vn -0.7793 0.6137 0.1266
vn 0.3198 0.9443 -0.0771
vn -0.2136 0.9758 0.0457
vn -0.7037 0.7087 0.0499
vn -0.0041 0.9900 0.1409
vn 0.5807 0.8048 0.1227
vn 0.6839 0.7273 0.0576
vn -0.5606 0.7944 -0.2338
vn -0.0547 0.9948 -0.0855
vn -0.6222 0.7421 -0.2493
vn 0.3471 0.9304 0.1179
vn 0.5570 0.8290 -0.0500
vn 0.7315 0.6399 0.2356
vn 0.7399 0.6686 0.0742
vn -0.4858 0.8067 -0.3364
vn 0.5482 0.7873 0.2823
vn -0.4833 0.8735 0.0584
vn 0.3098 0.9425 0.1254
vn 0.8995 -0.3647 -0.2406
vn -0.6679 0.7303 0.1437
vn 0.0738 0.9924 0.0981
vn 0.1406 0.9795 -0.1445
vn -0.2499 0.9677 -0.0341
vn 0.8112 0.5552 -0.1837
vn -0.4546 0.7957 -0.4001
vn -0.0182 0.8796 -0.4753
vn 0.6413 0.7529 0.1479
vn 0.5213 0.8218 0.2300
vn 0.0583 0.9647 -0.2569
vn -0.3532 -0.6302 -0.6915
vn -0.2794 0.8013 -0.5289
vn -0.4638 0.2653 -0.8453
vn 0.1065 -0.8837 0.4558
vn -0.2089 -0.8795 -0.4275
vn 0.1181 0.9869 0.1095
vn -0.7930 -0.4596 -0.4000
vn 0.1609 0.8854 0.4360
vn -0.0509 -0.9955 -0.0794
vn -0.0645 -0.9926 -0.1029
vn -0.0381 -0.9992 0.0107
vn -0.0205 -0.9995 0.0237
vn 0.0001 -0.9987 0.0504
vn -0.0820 -0.9911 -0.1050
vn 0.0638 -0.9979 -0.0073
vn -0.0310 -0.9983 -0.0495
vn -0.0176 -0.9984 -0.0546
vn 0.0687 -0.9884 0.1353
vn 0.1320 -0.9792 0.1544
vn -0.0425 -0.9990 -0.0166
vn -0.0286 -0.9994 0.0181
vn -0.0895 -0.9883 -0.1232
vn -0.0057 -0.9996 -0.0269
vn -0.0598 -0.9981 0.0144
vn 0.0104 -0.9986 -0.0517
vn -0.0216 -0.9996 -0.0202
vn 0.0035 -0.9994 -0.0346
vn -0.0090 -0.9978 -0.0650
vn 0.9091 0.3575 0.2140
vn 0.4934 0.8272 -0.2689
vn 0.8636 0.3335 0.3780
vn 0.7609 0.5480 0.3475
vn 0.8408 0.4217 -0.3393
vn 0.9466 0.3180 -0.0540
vn 0.6892 0.7244 0.0151
vn 0.8564 0.4567 0.2408
vn 0.7090 0.6944 0.1225
vn 0.5182 0.8550 -0.0220
vn 0.9093 0.3597 -0.2091
vn 0.8902 0.4556 0.0085
vn 0.2986 0.9534 0.0427
vn 0.7182 0.4299 -0.5472
vn 0.6498 0.5367 -0.5382
vn 0.7757 0.5768 -0.2560
vn 0.8476 0.3762 -0.3741
vn 0.4149 0.9020 -0.1198
vn 0.0535 0.9640 -0.2606
vn 0.8041 0.5937 -0.0296
vn 0.4976 0.4237 -0.7568
vn 0.2664 0.9493 -0.1671
vn -0.0545 0.9770 0.2063
vn 0.1300 0.9796 -0.1532
vn 0.1140 0.9933 -0.0204
vn -0.1305 0.9912 0.0199
vn -0.0713 0.9933 -0.0910
vn -0.0609 0.9714 -0.2295
vn -0.0787 0.9806 -0.1796
vn -0.0189 0.9911 -0.1321
vn 0.2520 0.9297 0.2684
vn -0.2472 0.9689 0.0125
vn -0.2852 0.9534 -0.0983
vn 0.4670 0.8837 -0.0297
vn 0.9951 -0.0988 -0.0040
vn 0.7766 -0.3194 -0.5429
vn 0.7796 0.0388 -0.6250
vn 0.6865 0.7073 -0.1689
vn 0.8486 -0.2365 -0.4732
vn 0.8055 -0.0452 -0.5909
vn 0.1497 0.9730 -0.1756
vn 0.9824 0.1770 -0.0601
vn 0.9685 -0.1757 -0.1762
vn 0.8710 0.4186 -0.2571
vn 0.8623 -0.0025 -0.5064
vn 0.6910 0.6834 -0.2357
vn -0.0722 0.9960 -0.0530
vn -0.0858 0.9949 -0.0526
vn 0.1945 0.9606 -0.1984
vn 0.4513 0.7831 -0.4279
vn 0.8308 -0.4674 -0.3020
vn 0.4979 -0.8614 -0.1005
vn 0.8712 0.3207 -0.3718
vn 0.0035 0.9989 -0.0458
vn 0.4079 -0.8925 -0.1928
vn 0.3620 -0.9229 -0.1314
vn 0.9055 0.1149 -0.4086
vn 0.3403 0.9271 -0.1571
vn 0.6669 -0.6866 -0.2895
vn 0.1093 0.9901 -0.0875
vn -0.1043 0.9944 0.0145
vn 0.7236 0.6187 -0.3060
vn 0.8772 0.3232 -0.3550
vn -0.0103 0.9999 0.0102
vn 0.9185 0.0722 -0.3887
vn -0.1399 0.9871 0.0780
vn -0.2411 0.9633 0.1180
vn 0.8743 -0.3093 -0.3741
vn 0.5651 0.7939 -0.2245
vn 0.7532 0.5844 -0.3020
vn -0.2279 0.9635 0.1406
vn -0.1618 0.9791 0.1233
vn -0.1375 0.9902 0.0262
vn 0.7844 0.4971 -0.3710
vn 0.2698 0.9566 -0.1097
vn -0.4263 0.8838 0.1929
vn 0.9313 0.1503 -0.3318
vn -0.1775 0.9831 0.0446
vn 0.1817 0.9831 -0.0244
vn -0.0768 0.9961 0.0431
vn 0.9037 -0.2170 -0.3691
vn 0.7373 -0.5911 -0.3271
vn 0.1079 -0.9928 -0.0511
vn 0.7535 0.5976 -0.2741
vn -0.2519 0.9582 0.1357
vn -0.0561 0.9980 0.0282
vn 0.1993 0.9777 -0.0659
vn -0.3885 0.9186 0.0722
vn -0.1372 0.9905 -0.0058
vn 0.1264 0.9905 -0.0547
vn 0.2329 0.9604 -0.1527
vn 0.1948 0.9710 -0.1390
vn -0.1445 0.9832 0.1113
vn 0.0436 0.9907 -0.1286
vn 0.2091 0.9414 -0.2645
vn 0.1501 0.9779 -0.1458
vn 0.0555 0.9961 -0.0685
vn 0.1400 0.9884 -0.0586
vn -0.1158 0.9871 0.1108
vn 0.1843 0.9583 -0.2183
vn 0.1521 0.9799 -0.1290
vn 0.0395 0.9974 -0.0597
vn -0.1535 0.9794 0.1312
vn -0.2019 0.9727 0.1143
vn 0.0570 0.9965 0.0604
vn -0.1533 0.9860 0.0663
vn -0.1873 0.9821 0.0214
vn -0.0520 0.9986 0.0030
vn -0.1390 0.9900 0.0233
vn 0.0867 0.9953 -0.0432
vn 0.1505 0.9874 -0.0479
vn 0.0032 1.0000 -0.0005
vn 0.2136 0.9767 -0.0187
vn -0.0262 0.9990 0.0350
vn 0.1047 0.9936 -0.0429
vn -0.0132 0.9999 -0.0039
vn 0.0983 0.9938 0.0514
vn -0.0992 0.9892 -0.1078
vn 0.0382 0.9972 -0.0637
vn 0.0716 0.9832 0.1681
vn 0.0525 0.9910 0.1234
vn -0.0262 0.9973 -0.0691
vn -0.1301 0.9910 -0.0324
vn 0.0485 0.9830 0.1769
vn 0.0119 0.9967 0.0798
vn 0.0066 0.9987 -0.0498
vn -0.3377 0.1724 -0.9253
vn 0.0041 0.4328 -0.9015
vn 0.4012 -0.2918 0.8683
vn -0.0304 0.9995 0.0051
vn -0.0123 -0.9797 -0.2003
vn -0.0460 -0.7088 -0.7039
vn 0.0460 -0.9964 0.0709
vn 0.1058 -0.9907 -0.0861
vn -0.0654 0.4397 0.8958
vn 0.0471 -0.9984 -0.0299
vn 0.0538 -0.8537 0.5179
vn 0.0153 -0.7225 0.6913
vn -0.0314 0.9992 -0.0247
vn -0.0009 -0.9857 -0.1682
vn -0.1089 -0.9912 0.0751
vn -0.0462 -0.9989 -0.0124
vn -0.0995 -0.9467 -0.3064
vn -0.0379 -0.9877 -0.1516
vn 0.0026 -0.9964 -0.0846
vn 0.0160 -0.9997 -0.0179
vn -0.0362 -0.9993 -0.0114
vn 0.0699 -0.9972 0.0263
vn -0.0413 -0.9493 0.3117
vn 0.0108 -0.9981 -0.0610
vn -0.0444 -0.9969 -0.0650
vn 0.2643 0.8311 -0.4894
vn 0.2404 0.8399 0.4866
vn -0.0789 0.9871 0.1390
vn 0.2482 0.9298 0.2717
vn 0.1588 0.9458 -0.2833
vn -0.1086 0.9939 -0.0185
vn 0.1155 0.9894 0.0882
vn -0.0663 0.9977 0.0167
vn 0.2494 0.9636 -0.0964
vn -0.0281 0.9954 -0.0913
vn -0.0311 0.9979 -0.0561
vn 0.0023 0.9913 -0.1320
vn 0.0473 0.9988 0.0108
vn -0.1484 0.9812 0.1231
vn -0.0460 0.9989 0.0090
vn 0.1441 0.9362 0.3205
vn -0.1550 0.9332 0.3241
vn -0.0363 0.9978 -0.0562
vn -0.0849 0.9633 0.2548
vn -0.0616 0.9966 0.0554
vn 0.1722 0.9764 -0.1301
vn -0.1440 0.9895 0.0092
vn 0.1611 0.9869 -0.0106
vn 0.1361 0.9882 -0.0699
vn 0.0755 0.9967 0.0290
vn 0.1282 0.9877 0.0896
vn -0.0345 0.9990 -0.0275
vn 0.2836 0.8998 -0.3315
vn 0.0063 0.9998 -0.0168
vn 0.0607 0.9939 -0.0921
vn 0.0648 0.9957 -0.0659
vn 0.0248 0.9955 -0.0916
vn 0.0289 0.9992 -0.0291
vn 0.6472 0.3482 -0.6781
vn 0.1921 0.9807 -0.0364
vn -0.0817 0.9959 -0.0398
vn 0.0651 0.9970 -0.0421
vn -0.0654 0.9976 -0.0214
vn 0.1662 0.9857 -0.0289
vn -0.0991 0.9951 0.0063
vn -0.0323 0.9994 0.0135
vn 0.1568 0.9872 -0.0300
vn -0.1503 0.9878 0.0400
vn 0.0522 0.9986 0.0087
vn -0.0001 0.9993 0.0369
vn -0.1040 0.9928 0.0596
vn -0.0529 0.9986 -0.0001
vn -0.1919 0.9800 0.0520
vn 0.0744 0.9958 -0.0529
vn -0.0747 0.9970 0.0207
vn 0.0358 0.9987 -0.0354
vn -0.1066 0.9941 0.0177
vn -0.0619 0.9974 0.0366
vn 0.1707 0.9813 -0.0893
vn -0.1227 0.9863 0.1102
vn -0.1814 0.9775 0.1078
vn 0.1388 0.9875 -0.0753
vn 0.1713 0.9805 -0.0968
vn 0.1532 0.9831 -0.0998
vn 0.1871 0.9769 -0.1029
vn 0.0595 0.9975 -0.0377
vn -0.0002 1.0000 -0.0017
vn 0.0388 0.9991 -0.0148
vn 0.0763 0.9967 0.0265
vn 0.0460 0.9952 0.0859
vn 0.0599 0.9949 0.0806
vn -0.0753 0.9971 0.0059
vn -0.0719 0.9930 -0.0938
vn 0.0450 0.9955 0.0839
vn -0.0035 0.9995 0.0319
vn -0.1000 0.9947 -0.0217
vn 0.0726 0.9937 0.0849
vn 0.0152 0.9986 0.0508
vn -0.0059 0.9918 -0.1279
vn -0.1054 0.9303 -0.3512
vn -0.0058 0.9962 -0.0869
vn -0.1682 0.9291 -0.3294
vn 0.0278 0.9682 0.2487
vn -0.3999 -0.1126 -0.9096
vn -0.1279 0.8688 -0.4783
vn -0.0682 0.9682 0.2408
vn -0.1882 0.9778 -0.0920
vn -0.0718 0.9887 0.1314
vn -0.1340 0.9625 0.2357
vn -0.2322 0.1493 -0.9611
vn 0.3389 0.2045 -0.9183
vn 0.0150 -0.9298 0.3679
vn -0.1547 -0.4828 -0.8620
vn -0.2396 0.2423 -0.9401
vn -0.1916 0.8184 -0.5418
vn -0.0143 -0.9680 0.2507
vn 0.0742 -0.9782 0.1940
vn 0.0460 -0.9836 -0.1744
vn -0.0554 -0.6790 -0.7320
vn 0.1092 -0.8587 -0.5006
vn -0.1000 -0.0734 -0.9923
vn 0.2140 -0.9687 0.1257
vn 0.1363 -0.9697 0.2027
vn 0.2344 -0.9699 0.0664
vn 0.1397 -0.9147 -0.3792
vn 0.0100 -0.9977 -0.0664
vn -0.0906 -0.9640 -0.2499
vn -0.0458 -0.9962 -0.0737
vn -0.1434 -0.9432 -0.2997
vn -0.1810 -0.9171 -0.3552
vn -0.0150 -0.9972 -0.0727
vn -0.0206 -0.9996 0.0195
vn -0.0592 -0.8824 -0.4667
vn -0.2487 0.3890 -0.8870
vn -0.1813 0.9415 -0.2842
vn 0.0546 0.9634 0.2624
vn -0.2321 0.2223 -0.9470
vn 0.1068 -0.6850 0.7207
vn -0.0917 -0.9189 0.3838
vn -0.1519 0.6250 0.7657
vn -0.0706 0.5570 0.8275
vn -0.0660 0.7740 0.6297
vn -0.0375 0.6814 0.7309
vn 0.0409 0.6788 0.7332
vn 0.0199 0.9350 0.3542
vn 0.1746 0.9841 0.0327
vn -0.0172 0.6350 0.7724
vn -0.1138 0.9873 0.1107
vn 0.0004 0.6810 0.7323
vn 0.0052 0.9622 0.2722
vn 0.0303 0.8557 0.5166
vn -0.0070 0.7150 0.6990
vn 0.0447 0.9985 0.0308
vn 0.0938 0.9949 0.0376
vn -0.1230 0.9864 0.1093
vn -0.1242 0.9846 0.1232
vn 0.1234 0.9922 -0.0194
vn 0.0887 0.9851 0.1472
vn -0.0021 0.9858 0.1678
vn -0.0207 0.6955 0.7182
vn 0.0049 0.8306 0.5568
vn -0.0823 0.9961 0.0327
vn 0.1428 0.9780 0.1520
vn 0.1612 0.9840 -0.0758
vn -0.1283 0.9902 0.0545
vn 0.0767 0.9940 0.0783
vn -0.1186 0.9860 0.1170
vn 0.1092 0.9932 0.0410
vn 0.1621 0.9846 -0.0650
vn -0.0082 0.9997 -0.0236
vn -0.2192 0.9741 0.0557
vn -0.1891 0.9818 0.0184
vn 0.1846 0.9825 -0.0245
vn -0.0095 0.9998 0.0179
vn -0.1666 0.9857 0.0239
vn -0.3053 0.9502 0.0625
vn 0.1867 0.9815 -0.0414
vn -0.2155 0.9740 0.0691
vn 0.1352 0.9905 -0.0240
vn -0.0336 0.9992 0.0216
vn 0.1954 0.9801 -0.0361
vn -0.2194 0.9740 0.0558
vn 0.1907 0.9791 -0.0701
vn -0.0647 0.9977 0.0189
vn 0.0967 0.9951 0.0213
vn -0.2313 0.9708 0.0640
vn -0.1417 0.9893 0.0350
vn 0.2258 0.9709 -0.0801
vn -0.0596 0.9981 -0.0169
vn -0.1602 0.9856 0.0535
vn 0.1822 0.9796 -0.0844
vn 0.2088 0.9745 -0.0821
vn -0.0824 0.9965 -0.0173
vn -0.1666 0.9860 -0.0028
vn 0.1262 0.9919 0.0164
vn 0.1787 0.9812 -0.0729
vn 0.0950 0.9954 0.0134
vn 0.2016 0.9782 -0.0507
vn -0.1930 0.9780 0.0790
vn 0.1387 0.9900 -0.0244
vn 0.1546 0.9878 -0.0197
vn -0.0035 0.9988 -0.0479
vn -0.0307 0.9991 -0.0296
vn -0.0471 0.9988 -0.0121
vn -0.0102 0.9993 -0.0348
vn 0.0006 0.9998 0.0210
vn -0.0032 1.0000 -0.0029
vn -0.0160 0.9986 -0.0498
vn 0.0195 0.9998 0.0088
vn 0.0074 0.9997 -0.0249
vn 0.0036 0.9996 0.0276
vn 0.0104 0.9999 0.0050
vn 0.0030 0.9999 0.0135
vn 0.1747 0.9802 0.0928
vn 0.0535 0.9979 0.0375
vn -0.0506 0.9975 0.0497
vn 0.1281 0.9910 0.0377
vn -0.0252 0.9989 0.0400
vn -0.1630 0.8424 -0.5135
vn 0.1771 0.9749 0.1349
vn 0.0333 0.9975 -0.0629
vn 0.0759 0.9938 -0.0807
vn 0.2409 0.9303 0.2764
vn -0.3026 0.7338 -0.6083
vn -0.2286 0.7097 -0.6663
vn 0.3783 0.8708 0.3141
vn 0.5011 0.6801 0.5351
vn 0.0913 0.7002 -0.7081
vn 0.0472 0.8370 -0.5452
vn 0.4760 0.7030 0.5284
vn 0.6059 0.7870 0.1166
vn 0.4262 0.8779 -0.2183
vn 0.0291 0.6232 -0.7815
vn 0.5675 0.5933 0.5709
vn 0.7379 -0.0183 -0.6747
vn 0.4757 0.1847 0.8600
vn 0.4687 0.5077 0.7229
vn 0.5162 0.3294 0.7906
vn 0.5013 0.4811 0.7192
vn 0.4853 0.8682 0.1037
vn 0.4317 0.9019 -0.0115
vn 0.4062 0.9003 0.1561
vn 0.1861 0.1327 0.9735
vn 0.2598 0.5593 0.7872
vn -0.0764 -0.6234 0.7782
vn 0.0318 0.9338 -0.3565
vn 0.0388 0.9715 -0.2340
vn 0.3093 0.9174 -0.2504
vn 0.1730 0.1589 0.9720
vn -0.1066 -0.9841 -0.1423
vn 0.0095 0.7979 0.6027
vn -0.0034 0.7112 0.7030
vn 0.0040 0.6642 0.7476
vn 0.0203 0.6668 0.7450
vn 0.0264 0.9398 0.3407
vn 0.0065 0.6816 0.7317
vn 0.0109 0.6857 0.7278
vn 0.0080 0.7548 0.6559
vn 0.0179 0.7361 0.6767
vn 0.0462 0.6571 0.7524
vn 0.0028 0.7128 0.7014
vn 0.0345 0.7364 0.6757
vn 0.0183 0.9109 0.4122
vn 0.0246 0.9993 0.0293
vn 0.0778 0.9969 -0.0104
vn 0.0166 0.9909 0.1332
vn 0.0266 0.9185 0.3944
vn -0.0179 0.9990 0.0421
vn 0.0064 0.9993 0.0371
vn 0.0051 1.0000 0.0051
vn 0.0247 0.9997 0.0034
vn 0.0009 1.0000 0.0037
vn 0.1094 0.9939 0.0119
vn 0.1348 0.9908 -0.0134
vn 0.0142 0.9999 0.0043
vn -0.1112 0.9936 0.0188
vn 0.0004 0.9999 0.0154
vn -0.0132 0.9999 0.0022
vn -0.1252 0.9921 -0.0084
vn -0.1446 0.9891 -0.0265
vn -0.0991 0.9949 -0.0186
vn -0.0442 0.9990 0.0034
vn -0.1111 0.9936 0.0212
vn 0.0984 0.9946 0.0331
vn 0.0281 0.9964 -0.0795
vn 0.1320 0.9906 -0.0353
vn -0.0700 0.9975 0.0053
vn 0.0467 0.9972 -0.0590
vn 0.0578 0.9981 -0.0215
vn 0.0224 0.9962 -0.0840
vn 0.0204 0.9988 -0.0449
vn 0.0056 0.8215 -0.5701
vn 0.0084 0.9760 -0.2177
vn 0.0051 0.8766 -0.4812
vn 0.0182 0.4241 -0.9054
vn -0.0070 0.7219 -0.6920
vn -0.0010 0.5884 -0.8086
vn 0.0049 0.8026 -0.5965
vn 0.0118 0.3519 -0.9360
vn 0.0036 0.4473 -0.8944
vn 0.2315 0.8423 -0.4868
vn 0.1649 0.7241 -0.6697
vn 0.0645 0.3936 -0.9170
vn 0.0083 0.3832 -0.9236
vn 0.0196 0.9368 -0.3493
vn 0.2328 0.9255 0.2987
vn 0.2593 0.8726 -0.4139
vn 0.0768 0.4137 -0.9072
vn 0.0313 0.3595 -0.9326
vn 0.0268 0.6706 -0.7413
vn 0.0188 0.9867 -0.1617
vn -0.0065 0.7247 0.6891
vn 0.0102 0.7209 0.6930
vn 0.0104 0.7928 0.6094
vn 0.0021 0.6996 0.7145
vn -0.0120 0.5716 0.8205
vn 0.0050 0.6979 0.7162
vn 0.0104 0.9750 0.2221
vn 0.0107 0.9589 0.2835
vn 0.0135 0.8359 0.5487
vn 0.0043 0.9968 0.0794
vn 0.0127 0.9303 0.3666
vn 0.0132 0.7768 0.6296
vn 0.0076 0.7184 0.6955
vn 0.0128 0.9994 0.0325
vn -0.0394 0.9992 0.0031
vn 0.0996 0.9946 0.0302
vn -0.0684 0.9977 -0.0015
vn 0.0225 0.9991 0.0357
vn -0.0112 0.9998 0.0154
vn 0.0022 1.0000 0.0012
vn 0.0587 0.9982 0.0093
vn -0.0647 0.9979 -0.0096
vn 0.1189 0.9929 0.0093
vn -0.0191 0.9998 -0.0004
vn -0.1827 0.9831 -0.0120
vn 0.1390 0.9900 0.0230
vn 0.1353 0.9908 0.0094
vn 0.0344 0.9994 -0.0038
vn 0.1255 0.9915 0.0334
vn 0.2436 0.9663 0.0832
vn -0.1562 0.9876 0.0147
vn 0.1255 0.9919 -0.0212
vn 0.1001 0.9947 -0.0223
vn 0.0945 0.9950 -0.0338
vn 0.0675 0.9973 -0.0298
vn -0.1183 0.9929 -0.0082
vn 0.0020 0.9992 -0.0398
vn -0.0286 0.9996 -0.0067
vn 0.0218 0.9901 -0.1390
vn -0.0294 0.9970 -0.0711
vn -0.0311 0.8534 -0.5203
vn 0.0026 0.9980 -0.0633
vn -0.0091 0.6102 -0.7922
vn -0.0388 0.7901 -0.6118
vn -0.0169 0.9037 -0.4278
vn -0.0462 0.4452 -0.8943
vn 0.0131 0.9102 -0.4140
vn -0.0190 0.9584 -0.2849
vn 0.0046 0.6293 0.7772
vn -0.0005 0.6209 0.7839
vn 0.0384 0.7303 0.6820
vn -0.0050 0.6488 0.7609
vn 0.0055 0.8024 0.5967
vn -0.0017 0.7106 0.7036
vn 0.0090 0.6637 0.7479
vn 0.0091 0.9676 0.2523
vn -0.0257 0.7168 0.6968
vn -0.0048 0.8729 0.4879
vn 0.0010 0.7257 0.6881
vn -0.0027 0.5681 0.8230
vn -0.0014 0.9999 0.0108
vn -0.0008 0.9999 0.0121
vn 0.0292 0.9994 0.0172
vn 0.0559 0.9984 0.0033
vn 0.0574 0.9983 0.0056
vn -0.0168 0.9998 0.0137
vn 0.0543 0.9984 -0.0147
vn 0.0189 0.9996 0.0208
vn 0.0417 0.9987 -0.0279
vn 0.0696 0.9962 0.0524
vn -0.0190 0.9975 0.0676
vn -0.0096 0.9998 0.0166
vn -0.0714 0.9757 -0.2069
vn -0.0199 0.9984 0.0538
vn -0.2507 0.9383 0.2384
vn -0.8084 0.2422 0.5365
vn 0.0619 0.8041 0.5912
vn -0.0055 0.6600 0.7512
vn -0.0055 0.8091 0.5877
vn -0.0174 0.7521 0.6588
vn -0.0072 0.7184 0.6955
vn -0.0030 0.7976 0.6031
vn -0.0002 0.7781 0.6281
vn 0.0030 0.9777 0.2099
vn -0.0036 0.9915 0.1298
vn 0.0907 0.9493 0.3010
vn 0.0932 0.9930 0.0731
vn 0.0819 0.8641 0.4966
vn -0.7882 0.6154 -0.0034
vn -0.6282 0.7772 -0.0359
vn 0.0021 1.0000 0.0078
vn -0.9543 0.2831 0.0956
vn -0.8554 0.5129 0.0721
vn -0.9674 0.0166 0.2527
vn -0.5654 0.8210 0.0794
vn -0.8783 -0.3519 0.3237
vn -0.2068 0.9778 0.0339
vn -0.8796 0.4490 0.1571
vn -0.8174 -0.5375 0.2074
vn -0.8366 0.5308 0.1354
vn -0.9887 0.0933 0.1170
vn -0.8042 0.5773 0.1414
vn -0.8856 -0.4468 0.1264
vn -0.3898 0.9190 0.0602
vn -0.6208 -0.7804 0.0747
vn -0.4065 -0.8968 0.1744
vn -0.0261 0.9996 0.0144
vn -0.2225 0.9737 0.0479
vn -0.9826 -0.0723 0.1708
vn -0.4158 0.9029 0.1091
vn -0.7125 0.6857 0.1485
vn -0.8393 -0.5283 0.1285
vn -0.0032 -0.9970 0.0778
vn -0.5142 0.8543 0.0761
vn -0.9216 -0.0056 0.3882
vn -0.8149 0.5035 0.2872
vn -0.9811 -0.0679 0.1813
vn -0.3787 0.9158 0.1339
vn -0.6752 0.6985 0.2373
vn -0.9160 -0.3217 0.2395
vn 0.1177 -0.9879 -0.1012
vn 0.1101 -0.9932 0.0370
vn -0.2435 -0.9572 -0.1562
vn -0.9059 0.2545 0.3385
vn 0.2180 -0.9376 -0.2708
vn -0.4653 -0.8396 0.2804
vn -0.1114 -0.9878 -0.1092
vn -0.7412 0.5827 0.3333
vn -0.9044 -0.1533 0.3983
vn -0.6324 -0.7657 0.1175
vn 0.3032 -0.7703 -0.5609
vn 0.3304 -0.8869 -0.3230
vn -0.8299 0.3203 0.4568
vn -0.2287 -0.9734 -0.0097
vn -0.6046 -0.4865 0.6307
vn 0.0403 -0.9632 -0.2656
vn -0.4999 -0.0939 0.8610
vn -0.6115 -0.6171 0.4952
vn 0.1981 -0.7800 -0.5936
vn 0.0213 -0.9130 -0.4075
vn -0.4829 -0.3293 0.8114
vn -0.0268 -0.9949 0.0970
vn -0.3129 -0.9088 -0.2760
vn -0.3623 -0.8516 0.3789
vn 0.1175 -0.9919 0.0481
vn -0.0885 -0.9822 -0.1658
vn -0.8342 0.3310 0.4411
vn -0.8299 0.0050 0.5579
vn -0.2243 0.5357 0.8141
vn 0.1475 -0.9702 0.1924
vn -0.8697 0.1918 0.4548
vn -0.1103 0.9901 0.0866
vn -0.8326 -0.0224 0.5534
vn 0.4297 -0.3735 -0.8221
vn 0.1936 0.7787 -0.5967
vn -0.7852 0.2225 0.5779
vn -0.4410 0.8586 0.2613
vn -0.6148 0.7485 0.2485
vn -0.5136 0.7756 -0.3669
vn -0.3398 -0.2678 -0.9016
vn 0.0340 0.3602 0.9322
vn -0.3767 0.8851 0.2733
vn -0.5545 -0.7046 -0.4428
vn -0.4829 -0.7918 0.3739
vn -0.2617 -0.7598 0.5951
vn -0.6308 -0.7760 0.0019
vn -0.5754 -0.7954 -0.1904
vn -0.9824 -0.0325 -0.1841
vn -0.7420 0.3544 0.5691
vn -0.6290 0.2158 0.7469
vn -0.6339 -0.7311 -0.2523
vn -0.5686 -0.8212 0.0489
vn 0.3484 -0.8809 -0.3202
vn 0.4133 -0.9052 0.0988
vn 0.8553 -0.4997 0.1371
vn 0.9352 0.2965 0.1937
vn 0.8943 0.4412 -0.0748
vn 0.3654 0.8874 0.2811
vn -0.6741 0.4748 -0.5658
vn -0.5014 0.5817 -0.6405
vn 0.7654 0.0923 -0.6369
vn 0.6167 -0.3430 -0.7085
vn -0.2676 0.9579 0.1039
vn 0.4113 -0.3790 -0.8290
vn 0.8093 0.5445 0.2203
vn 0.5520 0.4636 -0.6931
vn 0.6565 0.5642 0.5007
vn 0.4042 0.7245 0.5584
vn -0.1518 -0.9874 0.0438
vn -0.5126 -0.7790 0.3611
vn -0.6130 -0.7675 0.1873
vn -0.6531 -0.7350 0.1825
vn -0.8033 -0.4683 0.3679
vn -0.4378 -0.8983 0.0369
vn -0.3338 -0.9372 0.1014
vn -0.3005 -0.9462 0.1201
vn 0.2136 -0.9241 -0.3170
vn -0.2733 -0.8905 0.3638
vn -0.8669 -0.2134 0.4505
vn -0.5984 -0.7040 0.3824
vn -0.3307 -0.9314 0.1524
vn 0.0452 0.6192 -0.7840
vn 0.0547 0.9983 -0.0204
vn -0.0249 0.9911 -0.1309
vn -0.0270 0.9987 0.0440
vn -0.4631 -0.7961 0.3897
vn 0.0095 -0.9983 0.0577
vn 0.3847 -0.9213 -0.0561
vn 0.5052 -0.8508 -0.1446
vn 0.6076 -0.7508 -0.2590
vn 0.8726 0.1038 -0.4772
vn 0.1692 0.9830 -0.0711
vn -0.0774 0.9969 0.0128
vn -0.5762 0.7787 0.2483
vn -0.8866 0.2811 0.3673
vn -0.0605 -0.9949 -0.0813
vn -0.0312 -0.9981 -0.0540
vn -0.1191 0.6817 -0.7219
vn -0.0137 0.9979 0.0638
vn -0.4811 -0.2715 0.8336
vn -0.0246 -0.9920 -0.1242
vn -0.5884 -0.5891 0.5539
vn -0.2362 -0.9714 0.0256
vn -0.2777 -0.9598 0.0403
vn 0.0879 -0.9942 -0.0614
vn 0.0192 -0.9988 -0.0459
vn -0.0194 -0.9937 -0.1104
vn 0.0096 0.6565 -0.7543
vn 0.0665 0.9690 -0.2380
vn -0.0324 0.9916 0.1252
vn 0.0649 0.9977 0.0168
vn 0.1137 -0.9934 -0.0168
vn 0.0106 -0.9995 -0.0307
vn 0.2241 -0.9704 -0.0903
vn 0.1422 -0.9890 -0.0411
vn 0.1941 -0.9512 0.2397
vn 0.1624 -0.9813 0.1035
vn -0.1987 -0.8941 -0.4013
vn -0.4430 0.4621 -0.7683
vn -0.2383 0.9176 -0.3182
vn 0.1055 0.9896 0.0976
vn -0.1281 -0.4012 -0.9070
vn -0.3292 -0.6703 -0.6651
vn -0.1996 -0.3388 -0.9195
vn 0.1353 0.3360 -0.9321
vn -0.0107 -0.7382 -0.6745
vn -0.0211 -0.9996 -0.0160
vn -0.1787 -0.9838 -0.0112
vn -0.0042 -0.9998 -0.0181
vn -0.0211 -0.9997 -0.0129
vn -0.0140 -0.9996 0.0249
vn -0.0827 -0.8543 0.5131
vn -0.2450 -0.8693 0.4293
vn -0.2115 -0.6384 -0.7400
vn 0.1154 -0.3863 0.9151
vn -0.2704 -0.9493 0.1602
vn -0.0197 -0.7837 -0.6208
vn -0.0069 -0.9953 -0.0961
vn 0.0101 -0.9999 -0.0114
vn -0.0563 -0.9980 -0.0286
vn -0.0024 -0.9562 -0.2926
vn -0.0006 -1.0000 -0.0079
vn 0.1408 0.8882 -0.4373
vn -0.0621 0.8975 -0.4366
vn -0.1669 0.8149 -0.5550
vn 0.0045 -0.7563 -0.6542
vn -0.4850 -0.8642 0.1338
vn -0.3504 -0.9366 0.0035
vn -0.6976 -0.7102 -0.0945
vn 0.1058 -0.9737 0.2020
vn -0.1161 0.9890 0.0915
vn -0.9243 -0.2457 0.2921
vn 0.0559 -0.9977 -0.0374
vn -0.6332 -0.7365 0.2381
vn -0.7888 -0.5145 0.3362
vn -0.6221 -0.6854 0.3784
vn -0.6860 -0.6561 0.3146
vn -0.6632 0.7020 0.2594
vn 0.0807 0.9958 -0.0431
vn -0.4185 -0.8991 0.1282
vn -0.8180 -0.5527 0.1595
vn -0.3496 -0.9368 0.0105
vn -0.0468 -0.9753 0.2160
vn -0.2237 0.1768 -0.9585
vn -0.0418 0.9978 0.0506
vn 0.1294 -0.9894 0.0654
vn -0.2251 -0.9212 0.3173
vn -0.7072 -0.5531 0.4404
vn -0.3565 -0.9086 0.2176
vn -0.8367 -0.2918 0.4635
vn -0.7507 0.4360 0.4964
vn -0.2199 0.9658 0.1377
vn -0.3265 -0.9400 -0.0989
vn 0.8725 0.2122 -0.4402
vn -0.6888 -0.6602 0.2996
vn -0.1439 -0.9827 0.1170
vn -0.1614 -0.9862 0.0358
vn -0.0353 0.9047 -0.4245
vn -0.0040 0.9825 0.1861
vn -0.0074 1.0000 -0.0010
vn -0.0867 -0.9942 -0.0631
vn 0.0612 -0.9980 -0.0137
vn -0.1231 -0.9902 0.0661
vn 0.1475 -0.9884 -0.0373
vn 0.1624 -0.9861 -0.0354
vn -0.0422 -0.9978 -0.0506
vn 0.0083 -0.9931 -0.1168
vn -0.0302 -0.9979 -0.0571
vn 0.0365 0.9953 0.0902
vn 0.1454 -0.9867 -0.0730
vn 0.0711 -0.9962 -0.0507
vn -0.1563 -0.9876 0.0171
vn -0.1552 -0.9873 0.0329
vn 0.3082 -0.9476 -0.0841
vn 0.1116 -0.9925 -0.0494
vn -0.1556 -0.9878 0.0017
vn -0.1947 -0.9775 0.0810
vn 0.0148 -0.9988 0.0471
vn -0.0669 -0.9952 0.0719
vn 0.0473 -0.9856 0.1625
vn -0.3050 -0.1607 -0.9387
vn -0.2779 0.3146 -0.9076
vn -0.0366 -0.9783 -0.2037
vn -0.0148 -0.9999 -0.0048
vn 0.0253 -0.9993 -0.0265
vn -0.0299 -0.6937 -0.7197
vn 0.0417 -0.9991 -0.0043
vn -0.1264 -0.9919 -0.0119
vn -0.2252 -0.9736 0.0365
vn -0.1229 -0.9920 0.0302
vn -0.0826 -0.9950 0.0554
vn -0.1342 -0.9864 0.0952
vn -0.0344 -0.9933 0.1106
vn -0.0061 -0.6282 0.7781
vn 0.1780 -0.5248 0.8324
vn -0.0257 -0.9995 0.0198
vn 0.2757 -0.9535 -0.1219
vn 0.7159 -0.6806 -0.1561
vn 0.1716 -0.9782 0.1170
vn 0.0726 -0.7900 -0.6088
vn 0.0166 -0.8445 -0.5354
vn 0.0108 -0.8483 -0.5295
vn -0.0085 -0.8944 -0.4472
vn 0.1255 -0.9917 -0.0263
vn 0.9545 0.1632 -0.2495
vn 0.9741 -0.0817 -0.2107
vn -0.1520 0.9804 0.1251
vn 0.4267 0.9042 -0.0205
vn 0.9704 -0.1121 -0.2139
vn 0.1798 -0.9811 -0.0711
vn 0.2700 -0.2345 -0.9339
vn -0.1417 0.9820 -0.1248
vn -0.2314 0.9560 -0.1805
vn 0.6299 0.5981 -0.4955
vn -0.3484 0.8992 -0.2646
vn -0.1403 0.9442 -0.2980
vn -0.0737 0.9682 -0.2389
vn 0.0815 0.9952 -0.0546
vn -0.0746 0.9971 0.0124
vn 0.1060 0.9908 -0.0843
vn 0.3190 0.6380 -0.7008
vn 0.1384 0.9824 0.1256
vn 0.1071 0.8985 -0.4256
vn 0.4122 0.9111 -0.0006
vn 0.1842 0.9778 0.0994
vn -0.0216 0.9985 -0.0510
vn 0.4495 0.1277 -0.8841
vn 0.0069 0.9908 -0.1353
vn -0.1568 0.9876 -0.0095
vn 0.5023 0.0321 -0.8641
vn 0.4515 0.4580 -0.7658
vn -0.1339 0.9286 -0.3462
vn -0.2615 0.9270 -0.2690
vn -0.1547 0.9774 -0.1439
vn -0.3500 0.8609 -0.3691
vn -0.0856 0.8692 -0.4870
vn 0.0979 0.6751 -0.7312
vn 0.0895 0.9506 -0.2971
vn -0.4033 0.8792 -0.2535
vn 0.3013 -0.5108 -0.8052
vn 0.5171 -0.1631 -0.8403
vn 0.3189 0.9127 -0.2556
vn 0.3365 0.9184 -0.2081
vn -0.0628 0.9967 0.0510
vn -0.0603 0.9972 0.0449
vn -0.0101 0.9991 0.0410
vn 0.0661 0.9977 -0.0137
vn -0.0124 0.9985 0.0536
vn 0.0338 0.9872 0.1559
vn 0.1202 0.9827 0.1412
vn -0.3289 0.8569 0.3970
vn 0.0124 0.9999 -0.0042
vn 0.0079 0.9996 0.0276
vn 0.0114 0.9995 0.0287
vn 0.0017 1.0000 -0.0047
vn 0.0123 0.9999 -0.0065
vn 0.0116 0.9999 -0.0007
vn 0.0747 0.9955 0.0588
vn 0.0245 0.9997 0.0072
vn -0.0066 0.9999 0.0152
vn 0.1002 0.9873 0.1232
vn -0.0566 0.9950 0.0819
vn -0.0310 0.9985 0.0445
vn 0.0145 0.9988 0.0460
vn 0.0558 0.9962 0.0669
vn 0.0814 0.9908 0.1078
vn -0.0497 0.8892 -0.4548
vn -0.1326 0.5855 -0.7998
vn -0.1450 0.2103 -0.9668
vn -0.0340 0.7554 -0.6544
vn -0.0430 0.2216 -0.9742
vn 0.0801 0.7276 -0.6813
vn 0.0181 0.9692 -0.2455
vn 0.0312 0.8894 -0.4562
vn 0.1239 0.9922 0.0171
vn 0.0898 0.9075 -0.4104
vn 0.0433 0.9986 0.0306
vn 0.0167 0.9969 -0.0774
vn 0.1401 0.9892 0.0421
vn 0.1689 0.9781 -0.1216
vn -0.0844 0.7815 -0.6182
vn -0.2738 -0.3164 -0.9083
vn 0.1415 0.7269 -0.6720
vn 0.1426 0.7943 -0.5905
vn -0.1405 -0.4656 -0.8738
vn -0.0843 -0.9294 0.3593
vn 0.0293 -0.6794 0.7332
vn -0.0681 -0.3178 -0.9457
vn 0.0113 -0.9238 0.3827
vn -0.1140 -0.7825 -0.6121
vn 0.0103 -0.9974 -0.0717
vn -0.2634 -0.8107 -0.5228
vn -0.2042 -0.5645 -0.7997
vn -0.1295 -0.5068 -0.8523
vn -0.2812 -0.9217 -0.2672
vn -0.5583 -0.3528 -0.7509
vn -0.3119 -0.9199 -0.2376
vn 0.1410 0.4862 0.8624
vn -0.1057 -0.3516 -0.9302
vn -0.1863 -0.6049 -0.7742
vn -0.3912 -0.8988 0.1976
vn -0.0317 -0.2610 -0.9648
vn -0.2511 -0.2870 0.9244
vn -0.0441 -0.2108 -0.9765
vn 0.1867 0.2800 -0.9417
vn -0.1129 -0.2370 -0.9649
vn -0.4735 -0.8645 0.1686
vn 0.0751 0.3338 -0.9396
vn -0.1440 -0.4021 -0.9042
vn 0.0165 -0.2551 -0.9668
vn -0.2137 -0.9446 -0.2492
vn -0.1304 -0.9776 0.1649
vn -0.0323 -0.6426 0.7655
vn 0.3097 -0.1322 0.9416
vn -0.0712 -0.6549 -0.7523
vn 0.0538 0.0952 -0.9940
vn 0.0960 0.3963 -0.9131
vn 0.3179 0.5759 -0.7532
vn 0.4692 0.4644 -0.7511
vn 0.4484 0.7627 -0.4660
vn -0.2075 -0.4955 -0.8435
vn 0.0725 -0.5384 0.8396
vn 0.1384 -0.4864 0.8627
vn -0.0431 -0.3158 0.9479
vn -0.0632 0.1098 0.9919
vn -0.1579 0.0865 0.9837
vn -0.1060 0.2805 0.9540
vn -0.1402 0.0743 0.9873
vn -0.0058 0.5555 0.8315
vn -0.0843 -0.0190 0.9963
vn -0.0095 0.7408 0.6717
vn 0.2739 -0.7872 0.5525
vn -0.1722 0.7690 0.6157
vn 0.2088 -0.7663 -0.6076
vn 0.0894 -0.9475 -0.3071
vn -0.9485 0.1420 0.2833
vn -0.1573 0.1739 0.9721
vn 0.0628 0.4330 0.8992
vn 0.1638 0.0175 0.9863
vn 0.3454 -0.9321 0.1094
vn 0.5493 -0.7594 -0.3487
vn 0.7771 -0.5437 -0.3170
vn -0.1870 -0.5877 0.7871
vn 0.6743 -0.1288 -0.7272
vn 0.8651 0.1962 -0.4616
vn 0.0034 -0.6194 0.7851
vn 0.2475 0.6189 -0.7454
vn 0.3969 0.7094 -0.5824
vn -0.1639 0.0870 0.9826
vn -0.2338 -0.0532 0.9708
vn -0.4005 -0.0785 0.9129
vn 0.8751 0.4818 0.0458
vn -0.3326 -0.3669 0.8688
vn -0.0388 -0.2724 0.9614
vn 0.1368 -0.2807 0.9500
vn 0.2790 -0.3843 0.8800
vn 0.7848 -0.2142 0.5815
vn 0.6829 -0.4925 0.5395
vn 0.8775 -0.2552 0.4060
vn 0.9131 0.4049 -0.0480
vn 0.4852 -0.7962 0.3615
vn 0.6638 -0.7435 0.0809
vn 0.8232 -0.5537 0.1255
vn 0.9662 0.2059 -0.1551
vn 0.8821 -0.4057 -0.2394
vn 0.9774 -0.2001 -0.0681
vn 0.6181 0.7076 -0.3423
vn 0.8106 0.2604 -0.5245
vn 0.5694 0.7364 -0.3655
vn 0.6796 0.6008 -0.4210
vn 0.5394 0.7598 -0.3630
vn 0.3223 0.8650 -0.3845
vn 0.7313 -0.6305 -0.2600
vn 0.5795 -0.7147 -0.3916
vn 0.4548 -0.8873 -0.0771
vn -0.0687 -0.1532 0.9858
vn 0.1490 -0.8090 0.5686
vn -0.5553 -0.8300 0.0514
vn -0.2988 -0.9510 0.0791
vn -0.7981 -0.5779 0.1705
vn -0.4392 -0.8892 -0.1283
vn -0.5930 -0.7871 0.1699
vn -0.5978 -0.7978 -0.0784
vn -0.2897 -0.9521 -0.0982
vn -0.4866 -0.8735 0.0170
vn -0.4358 -0.8995 -0.0324
vn -0.4071 -0.9106 -0.0706
vn -0.4038 -0.9146 -0.0212
vn -0.4467 -0.8517 0.2741
vn -0.4021 -0.9117 0.0843
vn -0.5671 -0.8083 0.1584
vn -0.6236 -0.7682 0.1450
vn -0.4778 -0.8386 0.2617
vn -0.2509 -0.9680 -0.0076
vn -0.5000 -0.8393 0.2134
vn -0.6961 -0.6932 0.1870
vn -0.5788 -0.7994 0.1610
vn -0.4899 -0.8330 0.2572
vn -0.5371 -0.7752 0.3326
vn -0.5511 -0.7955 0.2521
vn -0.2844 -0.9002 0.3299
vn -0.5673 -0.6913 0.4476
vn -0.4887 -0.7413 0.4601
vn -0.5144 -0.7493 0.4170
vn -0.3493 -0.9312 0.1043
vn -0.4442 -0.8775 0.1807
vn -0.5855 -0.7987 0.1385
vn -0.5594 -0.7098 0.4280
vn -0.3894 -0.8994 0.1985
vn -0.6723 -0.7269 0.1404
vn -0.2470 -0.9020 0.3541
vn -0.2756 -0.9132 0.3003
vn -0.4537 -0.8798 0.1419
vn -0.6197 -0.7337 0.2786
vn -0.3481 -0.8252 0.4449
vn -0.6525 -0.7332 0.1916
vn -0.4675 -0.8417 0.2702
vn -0.3113 -0.9045 0.2915
vn -0.7024 -0.6724 0.2334
vn -0.6709 -0.6814 0.2927
vn -0.4848 -0.8392 0.2464
vn -0.8008 -0.5397 0.2597
vn -0.4226 -0.8376 0.3462
vn -0.2161 -0.8927 0.3954
vn -0.6417 -0.7615 0.0906
vn -0.0941 -0.8578 0.5053
vn -0.3472 -0.7025 0.6213
vn 0.0102 -0.8032 0.5956
vn -0.1260 -0.8605 0.4937
vn -0.5954 -0.7621 0.2544
vn -0.6041 -0.7774 0.1754
vn -0.3299 -0.9428 0.0486
vn 0.0333 -0.8149 0.5787
vn -0.4550 -0.8093 0.3714
vn -0.4943 -0.8528 0.1687
vn -0.3134 -0.9103 0.2705
vn 0.0288 -0.9979 0.0574
vn -0.0419 -0.9805 0.1918
vn 0.3005 -0.9531 -0.0365
vn -0.1039 -0.8073 0.5810
vn -0.1809 -0.9222 0.3417
vn 0.0589 -0.9580 0.2805
vn 0.0262 -0.8830 0.4687
vn 0.2908 -0.9515 0.1002
vn -0.2210 -0.8526 0.4735
vn -0.6193 -0.7307 0.2872
vn 0.1637 -0.9835 0.0764
vn 0.0972 -0.9786 0.1813
vn -0.3676 -0.8958 0.2497
vn -0.0118 -0.8028 0.5961
vn 0.0234 -0.9904 -0.1361
vn 0.4228 -0.8910 -0.1653
vn -0.0372 -0.9911 -0.1276
vn 0.2271 -0.9723 -0.0547
vn -0.0033 -0.7689 -0.6394
vn 0.1648 -0.9092 -0.3823
vn 0.0991 -0.6621 -0.7428
vn 0.5868 -0.4188 -0.6930
vn 0.4188 0.1218 -0.8999
vn -0.8407 0.4996 0.2089
vn -0.0259 -0.1551 -0.9876
vn 0.4509 -0.1187 -0.8846
vn 0.0460 -0.9901 0.1325
vn 0.0664 0.5329 -0.8436
vn 0.3667 0.7413 -0.5622
vn 0.5430 0.6296 -0.5556
vn 0.1928 -0.9772 0.0889
vn -0.2395 -0.6935 0.6795
vn -0.1065 0.5376 -0.8364
vn -0.2589 -0.7947 0.5491
vn 0.0356 -0.7833 -0.6206
vn 0.0786 -0.9647 -0.2513
vn -0.1987 -0.9755 -0.0940
vn 0.4081 -0.9062 0.1104
vn 0.3232 -0.9405 -0.1044
vn 0.3143 -0.6037 0.7326
vn 0.2759 0.2946 0.9149
vn 0.0539 0.9499 0.3080
vn -0.1500 0.9353 -0.3206
vn 0.0190 0.8656 -0.5005
vn -0.5100 0.7070 0.4900
vn 0.7933 0.6071 0.0465
vn 0.3103 0.3947 0.8648
vn 0.1969 0.6498 0.7342
vn 0.6666 0.1199 0.7357
vn -0.1566 -0.9591 -0.2358
vn 0.2759 -0.4815 -0.8319
vn 0.0377 -0.8293 0.5575
vn 0.0824 -0.4586 0.8848
vn 0.5432 -0.7622 0.3522
vn -0.2107 -0.8351 -0.5081
vn 0.1149 0.0641 -0.9913
vn -0.2861 -0.0889 -0.9541
vn -0.2785 -0.9070 -0.3158
vn -0.1303 0.8684 -0.4785
vn -0.4338 0.0839 -0.8971
vn 0.0349 0.7928 -0.6085
vn -0.1542 0.8815 -0.4463
vn -0.1262 0.8915 -0.4350
vn -0.4338 0.8948 -0.1051
vn 0.3186 0.6865 -0.6536
vn -0.4372 0.3783 -0.8160
vn 0.1413 0.6699 -0.7289
vn 0.0567 0.6594 0.7496
vn -0.1834 0.9539 -0.2376
vn 0.2675 0.2897 -0.9190
vn -0.0346 0.9884 -0.1477
vn -0.0214 0.9963 -0.0837
vn -0.0137 0.9999 -0.0076
vn 0.0001 0.9987 0.0518
vn -0.0390 0.9916 -0.1230
vn 0.0701 0.9969 -0.0356
vn 0.0666 0.9631 -0.2608
vn -0.0532 0.9898 0.1325
vn 0.1152 0.9880 -0.1029
vn -0.1587 0.9873 0.0085
vn 0.0652 0.9978 0.0081
vn 0.0996 0.9929 0.0644
vn 0.1229 0.9874 0.0992
vn -0.1152 0.9499 0.2904
vn -0.2106 0.9685 0.1329
vn -0.2240 0.9579 -0.1798
vn -0.0528 0.9986 0.0089
vn 0.0223 0.9991 0.0370
vn 0.0056 1.0000 -0.0031
vn 0.0126 0.9992 0.0391
vn -0.0620 0.9977 0.0273
vn 0.0123 0.9995 -0.0307
vn -0.1508 0.9864 0.0658
vn -0.0217 0.9996 0.0172
vn -0.6055 -0.4478 -0.6579
vn -0.5120 -0.8577 0.0467
vn -0.6239 -0.7747 -0.1029
vn -0.3294 0.2355 -0.9143
vn -0.5733 -0.5318 -0.6233
vn -0.3336 -0.9384 0.0897
vn 0.1892 0.9369 -0.2940
vn -0.5797 -0.7532 -0.3109
vn -0.0613 -0.8122 0.5802
vn 0.5679 0.8230 0.0121
vn -0.2304 0.0553 -0.9715
vn 0.0006 0.3703 -0.9289
vn -0.5739 -0.5666 -0.5913
vn -0.7738 -0.6276 0.0858
vn -0.3036 -0.7893 0.5337
vn 0.0734 -0.2801 0.9572
vn 0.6787 0.3542 0.6433
vn -0.3257 -0.9181 0.2260
vn -0.6083 -0.7826 0.1322
vn -0.3326 -0.8846 0.3268
vn -0.2672 -0.6273 0.7315
vn -0.4067 -0.6421 0.6498
vn 0.0208 -0.5326 0.8461
vn -0.5251 -0.6102 0.5932
vn -0.5408 -0.6724 0.5054
vn -0.2527 -0.6963 0.6718
vn -0.3373 -0.7801 0.5269
vn -0.4883 -0.6954 0.5272
vn -0.9214 -0.2927 0.2555
vn 0.0769 -0.9730 0.2177
vn 0.3914 -0.7594 0.5197
vn 0.4042 -0.6846 0.6066
vn -0.7949 -0.1489 -0.5882
vn -0.7401 -0.6685 -0.0739
vn -0.2091 -0.9615 0.1784
vn -0.6443 -0.6783 0.3533
vn -0.9596 -0.1268 0.2513
vn -0.3771 -0.8530 0.3609
vn -0.6051 -0.7381 0.2985
vn -0.6007 -0.7416 0.2986
vn -0.7575 -0.5271 0.3851
vn -0.9814 0.0351 0.1890
vn -0.7237 -0.5910 0.3564
vn -0.9406 0.0208 0.3390
vn -0.8956 -0.0141 0.4446
vn -0.8234 -0.4452 0.3519
vn -0.9085 -0.1067 0.4040
vn -0.9076 -0.0384 0.4181
vn -0.8328 -0.4123 0.3695
vn -0.4579 -0.8659 0.2012
vn -0.6527 -0.7477 0.1222
vn -0.9097 -0.0350 0.4138
vn -0.5551 -0.7998 0.2284
vn -0.6752 -0.6232 0.3946
vn -0.6220 -0.7448 0.2415
vn -0.2389 -0.9668 0.0907
vn -0.4828 -0.7112 0.5110
vn -0.6656 -0.6944 0.2734
vn -0.8368 -0.3128 0.4494
vn -0.9263 -0.1091 0.3606
vn -0.8485 -0.4073 0.3380
vn -0.9710 -0.0685 0.2291
vn -0.8598 -0.4271 0.2798
vn -0.6440 -0.7217 0.2539
vn 0.2772 -0.9567 -0.0892
vn -0.5359 -0.8197 0.2021
vn -0.8813 -0.3359 0.3324
vn -0.5707 -0.8070 0.1518
vn -0.8111 -0.3484 0.4699
vn -0.5654 -0.8014 0.1953
vn 0.2723 -0.9382 -0.2135
vn -0.7953 -0.4427 0.4141
vn -0.6768 -0.6559 0.3343
vn -0.5997 -0.7631 0.2408
vn -0.6505 -0.7177 0.2484
vn -0.3984 -0.9062 0.1418
vn -0.6800 -0.6937 0.2376
vn -0.2451 -0.9691 -0.0277
vn 0.3444 -0.9155 -0.2081
vn 0.2943 -0.9372 -0.1870
vn -0.0514 -0.9920 -0.1156
vn 0.1007 -0.9947 -0.0206
vn -0.3466 -0.9379 -0.0134
vn 0.0563 -0.9650 -0.2563
vn 0.0356 -0.9926 -0.1165
vn 0.9016 -0.3527 -0.2503
vn 0.8944 -0.2194 -0.3897
vn -0.1751 -0.9732 0.1490
vn 0.3777 -0.9233 -0.0695
vn 0.2674 0.9514 -0.1528
vn 0.9277 -0.0393 -0.3711
vn -0.4840 -0.8561 0.1809
vn -0.1590 -0.9871 0.0179
vn 0.2185 -0.9628 -0.1587
vn 0.1766 0.9781 -0.1098
vn -0.1824 0.9822 0.0442
vn -0.4292 -0.9032 -0.0062
vn -0.6697 -0.7137 0.2052
vn -0.8132 -0.4252 0.3973
vn 0.8500 -0.3766 -0.3683
vn 0.9338 0.0029 -0.3579
vn 0.0198 0.9997 0.0149
vn -0.3839 0.9108 0.1517
vn 0.1667 -0.9216 -0.3505
vn 0.8648 0.3972 -0.3073
vn -0.6013 0.7620 0.2404
vn -0.9321 -0.0675 0.3560
vn -0.3616 0.9200 0.1511
vn -0.8274 0.4777 0.2952
vn 0.3319 0.9429 -0.0278
vn -0.9410 0.1424 0.3070
vn -0.3004 0.9397 0.1635
vn -0.9186 0.2790 0.2799
vn -0.6762 -0.7190 0.1603
vn 0.7482 -0.4735 -0.4647
vn -0.7193 -0.6773 0.1546
vn -0.1692 0.9722 0.1617
vn -0.8253 0.4973 0.2676
vn -0.7899 0.5719 0.2216
vn -0.8496 -0.4836 0.2104
vn -0.4347 -0.8984 0.0625
vn -0.7881 0.5843 0.1937
vn -0.1454 -0.9885 -0.0416
vn -0.9308 -0.3156 0.1845
vn -0.3301 -0.9436 0.0259
vn -0.8343 0.5302 0.1508
vn -0.9728 -0.1715 0.1558
vn -0.2521 -0.9673 0.0269
vn -0.1382 -0.9895 -0.0417
vn -0.5838 -0.8048 0.1070
vn -0.1293 -0.9872 -0.0938
vn -0.0350 -0.9990 -0.0287
vn 0.6267 0.7452 -0.2280
vn -0.7675 0.5646 0.3037
vn -0.8270 -0.4641 0.3175
vn -0.5557 -0.8207 0.1326
vn -0.1998 -0.9798 -0.0085
vn -0.0533 -0.9967 -0.0616
vn -0.9602 -0.2079 0.1864
vn -0.9703 0.2007 0.1347
vn -0.8593 -0.4670 0.2084
vn 0.0260 -0.9996 0.0128
vn -0.0951 -0.9871 -0.1285
vn -0.9966 0.0396 0.0722
vn -0.0389 -0.9991 0.0174
vn 0.6732 -0.7388 -0.0307
vn -0.8765 -0.4765 0.0688
vn -0.4613 -0.8858 0.0500
vn 0.5043 -0.8577 -0.1005
vn 0.1276 -0.9915 0.0264
vn -0.5595 -0.8284 -0.0257
vn 0.3460 -0.9359 -0.0668
vn 0.1491 -0.9661 -0.2107
vn -0.1647 -0.9802 -0.1094
vn 0.4827 -0.8532 0.1978
vn -0.0863 -0.9962 -0.0146
vn -0.6947 -0.7158 -0.0710
vn -0.5540 -0.8308 0.0540
vn 0.5113 -0.8579 0.0510
vn 0.7833 -0.5740 0.2388
vn -0.0515 -0.9696 0.2391
vn -0.3253 -0.9430 -0.0696
vn -0.7524 -0.5224 -0.4012
vn -0.2108 -0.9741 0.0822
vn -0.2366 -0.9711 0.0323
vn -0.1124 -0.9857 -0.1259
vn -0.0741 -0.9830 -0.1683
vn 0.4664 -0.7624 0.4486
vn -0.2601 -0.8776 0.4028
vn -0.8329 -0.3759 -0.4061
vn -0.3702 -0.8995 -0.2321
vn -0.6291 -0.7283 -0.2715
vn 0.3640 -0.7712 0.5223
vn -0.0823 -0.9966 -0.0057
vn 0.0235 -0.9872 0.1579
vn -0.0137 -0.9767 -0.2142
vn -0.0908 -0.9919 -0.0884
vn -0.1941 -0.9110 -0.3639
vn -0.3674 0.3597 -0.8577
vn -0.5105 -0.6113 -0.6048
vn -0.5314 -0.0873 -0.8426
vn -0.0665 0.9106 -0.4078
vn -0.5312 0.4286 -0.7309
vn -0.3789 -0.6143 -0.6921
vn -0.5209 0.0023 -0.8536
vn -0.7031 -0.6354 -0.3191
vn -0.3250 -0.9255 -0.1943
vn -0.3238 -0.3323 -0.8858
vn -0.4485 0.1340 -0.8837
vn -0.3340 0.7621 -0.5547
vn -0.4276 -0.1850 -0.8848
vn -0.3118 -0.8402 0.4436
vn -0.0734 0.9971 -0.0197
vn 0.0210 0.9989 -0.0409
vn 0.0344 0.9980 -0.0533
vn -0.0207 0.9976 0.0667
vn 0.0104 0.9992 -0.0398
vn -0.0007 0.9949 -0.1005
vn -0.0555 0.9982 0.0221
vn -0.0107 0.9999 -0.0097
vn 0.0313 0.9966 0.0759
vn -0.0224 0.9997 0.0043
vn -0.2054 0.7110 -0.6725
vn -0.0124 0.9731 -0.2302
vn 0.0268 0.9993 -0.0253
vn 0.0897 0.9884 0.1224
vn 0.0512 0.9985 0.0210
vn 0.0388 0.9973 0.0621
vn 0.0204 0.9993 -0.0328
vn 0.0813 0.9878 0.1331
vn 0.0136 0.9997 0.0226
vn 0.0619 0.9979 -0.0169
vn 0.0139 0.9981 0.0595
vn 0.0288 0.9965 0.0783
vn -0.7097 -0.6282 0.3189
vn -0.5559 -0.3959 0.7309
vn -0.7899 -0.5566 -0.2574
vn -0.6735 -0.7022 0.2311
vn -0.7086 -0.7039 -0.0490
vn -0.5652 -0.6827 0.4631
vn -0.7454 -0.6015 0.2875
vn -0.5237 -0.8513 0.0303
vn -0.8550 -0.4797 -0.1969
vn -0.9274 -0.3196 0.1945
vn -0.8928 -0.4451 0.0699
vn -0.7146 -0.6813 -0.1587
vn -0.7925 -0.4026 0.4580
vn -0.8254 -0.4818 0.2941
vn -0.3013 -0.9532 -0.0259
vn -0.7531 -0.2599 0.6044
vn -0.6403 -0.5485 0.5378
vn -0.6856 -0.6745 0.2740
vn -0.5564 -0.8295 0.0484
vn -0.8661 -0.3539 0.3531
vn -0.6519 -0.5631 0.5080
vn -0.3835 -0.9235 -0.0113
vn -0.4555 -0.7923 0.4059
vn -0.3341 -0.8663 0.3713
vn -0.8580 -0.5123 0.0370
vn -0.2997 -0.9232 0.2404
vn 0.0819 -0.9741 -0.2107
vn 0.1970 -0.8390 0.5072
vn -0.7711 -0.2951 0.5641
vn -0.2821 -0.8816 0.3785
vn -0.1950 -0.9569 0.2151
vn -0.4429 -0.7330 0.5163
vn -0.0706 -0.9502 0.3035
vn -0.0807 -0.9962 -0.0325
vn 0.0648 -0.9863 0.1519
vn 0.2849 -0.9585 -0.0022
vn 0.2846 -0.9580 0.0357
vn 0.0041 -0.9765 0.2153
vn 0.1178 -0.9644 -0.2370
vn 0.5616 -0.8120 -0.1590
vn 0.3323 -0.9397 -0.0812
vn 0.7728 -0.5612 -0.2963
vn 0.6326 -0.4789 -0.6087
vn -0.0517 -0.9822 -0.1807
vn 0.7385 0.3996 -0.5430
vn -0.3806 -0.8691 0.3160
vn -0.4831 -0.8650 0.1359
vn -0.4595 0.8342 0.3050
vn -0.8984 0.2254 0.3770
vn -0.9974 0.0623 -0.0356
vn 0.9550 0.2954 0.0268
vn -0.7899 0.3097 0.5293
vn -0.7615 -0.0442 0.6467
vn -0.6224 -0.6096 0.4910
vn -0.4707 -0.8022 0.3673
vn -0.3689 -0.7730 0.5162
vn 0.6058 0.7910 -0.0853
vn -0.5334 0.7394 0.4108
vn -0.7023 -0.5497 0.4524
vn 0.2588 -0.9659 -0.0083
vn -0.3471 -0.9068 0.2393
vn -0.4513 -0.7710 0.4493
vn -0.8112 -0.3153 0.4925
vn 0.5451 0.8186 -0.1810
vn -0.7438 0.5839 0.3254
vn -0.8664 -0.2793 0.4140
vn -0.5189 -0.8083 0.2782
vn -0.4738 -0.8547 0.2121
vn -0.0378 0.9982 0.0457
vn -0.9132 0.1466 0.3803
vn -0.6072 -0.7491 0.2649
vn -0.1700 -0.9816 0.0874
vn -0.5969 0.7620 0.2511
vn -0.8463 -0.3920 0.3607
vn 0.0536 -0.9985 0.0070
vn -0.1591 0.9816 0.1058
vn -0.8447 -0.3957 0.3605
vn -0.9135 0.1442 0.3805
vn -0.6256 -0.7334 0.2658
vn 0.1579 -0.9851 -0.0680
vn -0.4329 0.8830 0.1817
vn -0.5660 -0.7902 0.2349
vn 0.0132 -0.9998 -0.0164
vn -0.7710 0.5284 0.3556
vn -0.6791 -0.6746 0.2894
vn -0.8410 0.4087 0.3547
vn -0.2832 -0.9529 0.1082
vn -0.9121 -0.1017 0.3972
vn 0.4772 -0.8295 -0.2902
vn 0.0942 -0.9750 -0.2012
vn -0.8696 -0.3182 0.3777
vn 0.2570 -0.9546 -0.1505
vn 0.2636 -0.9373 -0.2278
vn -0.3300 -0.9439 0.0133
vn -0.7011 -0.6439 0.3063
vn 0.3862 -0.9008 -0.1985
vn 0.3100 -0.8992 -0.3088
vn -0.1845 -0.9823 -0.0319
vn -0.7685 -0.5113 0.3847
vn -0.2218 -0.9621 0.1587
vn 0.1099 -0.9848 -0.1347
vn -0.9065 -0.1206 0.4047
vn -0.7309 0.6069 0.3121
vn -0.2514 0.9616 0.1099
vn 0.8821 0.2733 -0.3837
vn 0.0079 -1.0000 -0.0038
vn 0.4952 -0.8219 -0.2815
vn 0.8479 0.4208 -0.3223
vn -0.5241 -0.8513 -0.0250
vn -0.2002 -0.9742 0.1040
vn 0.4693 -0.8483 -0.2452
vn 0.4523 0.8472 -0.2789
vn -0.6849 -0.5983 0.4158
vn -0.3513 -0.9154 0.1966
vn 0.1096 -0.9935 -0.0293
vn -0.5388 0.5400 0.6466
vn -0.3342 -0.8863 0.3204
vn 0.3331 -0.9425 0.0259
vn -0.3467 -0.8595 0.3755
vn -0.1561 -0.9825 0.1018
vn -0.6945 -0.1391 0.7059
vn -0.2588 -0.9136 0.3137
vn -0.0849 -0.9776 0.1924
vn -0.1997 -0.9139 0.3533
vn -0.2895 -0.9504 0.1134
vn -0.3109 -0.9503 -0.0189
vn 0.2106 -0.9721 -0.1029
vn 0.0498 -0.9984 -0.0261
vn 0.0593 -0.9977 -0.0318
vn 0.1269 -0.9827 -0.1348
vn 0.0102 -0.9979 -0.0636
vn 0.0153 -0.9999 -0.0070
vn 0.1662 -0.9855 -0.0344
vn -0.2065 -0.9784 0.0010
vn 0.0312 -0.9995 0.0026
vn -0.2567 -0.9660 0.0303
vn 0.0958 -0.9952 -0.0209
vn 0.1584 -0.9872 -0.0196
vn -0.0353 -0.9973 0.0641
vn 0.1955 -0.9717 -0.1323
vn -0.1112 -0.9938 0.0063
vn -0.1070 -0.9938 0.0290
vn 0.1599 -0.9871 0.0002
vn -0.1896 -0.9796 0.0664
vn -0.2506 -0.9680 0.0166
vn 0.0614 -0.9980 0.0162
vn 0.0940 -0.9897 0.1080
vn -0.1056 -0.9892 -0.1018
vn -0.0381 -0.9957 0.0842
vn -0.0272 -0.9953 -0.0926
vn 0.1154 -0.9928 0.0325
vn -0.1594 0.2811 -0.9463
vn -0.1531 -0.2047 -0.9668
vn -0.0807 0.7219 -0.6873
vn -0.0839 0.7951 -0.6007
vn -0.1216 -0.3388 -0.9330
vn -0.1290 0.4069 -0.9043
vn -0.0484 0.9885 -0.1430
vn -0.1908 0.9273 -0.3221
vn -0.1711 -0.3935 -0.9033
vn -0.1489 0.9297 -0.3370
vn -0.1271 0.3441 -0.9303
vn -0.1337 0.7772 -0.6149
vn -0.0973 0.5917 -0.8003
vn -0.0371 0.9989 -0.0302
vn -0.1213 0.9881 -0.0947
vn -0.1190 0.9275 -0.3544
vn -0.0064 -0.9804 -0.1968
vn -0.1989 -0.1956 -0.9603
vn -0.0070 0.9873 0.1587
vn 0.0375 0.9993 0.0050
vn 0.0463 0.9965 0.0697
vn 0.0639 0.9979 -0.0093
vn 0.0737 0.9713 0.2263
vn 0.0179 0.9998 0.0021
vn 0.0718 0.9966 0.0394
vn 0.0576 0.9983 -0.0012
vn 0.0217 0.8911 -0.4533
vn 0.0789 0.9409 -0.3294
vn 0.0872 0.9760 0.1998
vn -0.5742 -0.8151 -0.0762
vn -0.4385 -0.8166 -0.3754
vn -0.1646 -0.9760 -0.1423
vn 0.0358 -0.9993 -0.0095
vn -0.2695 -0.9346 -0.2322
vn 0.1860 -0.9743 -0.1269
vn -0.2227 -0.9334 0.2815
vn -0.1466 -0.9847 -0.0943
vn 0.0933 -0.9849 -0.1456
vn -0.0593 -0.9843 0.1665
vn -0.0252 -0.9982 -0.0541
vn -0.0540 -0.9981 0.0290
vn -0.0969 -0.9941 0.0496
vn 0.1380 -0.9898 0.0339
vn -0.0290 -0.9987 0.0407
vn 0.1475 -0.9862 -0.0750
vn 0.1267 -0.9881 0.0869
vn 0.1145 -0.9907 -0.0733
vn 0.1266 -0.9845 -0.1216
vn -0.1042 -0.9931 0.0539
vn 0.1640 -0.8943 -0.4162
vn 0.0726 -0.9973 0.0068
vn -0.1899 -0.9774 0.0926
vn -0.2955 -0.9501 -0.1001
vn 0.0827 -0.9916 0.0994
vn -0.3541 -0.7643 0.5389
vn -0.5391 0.1363 0.8311
vn -0.4832 -0.8707 0.0919
vn -0.2357 -0.9651 0.1144
vn -0.3315 -0.9366 0.1133
vn -0.0228 -0.9990 0.0372
vn -0.0338 -0.9949 0.0953
vn -0.0326 -0.9991 -0.0265
vn -0.5207 -0.6645 0.5360
vn -0.2500 -0.9205 0.3003
vn -0.0972 -0.9945 0.0384
vn 0.0084 -0.9937 0.1117
vn -0.0632 -0.9935 0.0944
vn -0.0529 -0.9929 0.1061
vn -0.0000 -0.9981 0.0614
vn 0.1363 -0.9906 -0.0117
vn -0.7100 -0.0822 0.6994
vn -0.4480 -0.7977 0.4037
vn 0.0646 -0.9972 0.0375
vn -0.1498 -0.9885 -0.0198
vn 0.0585 -0.9981 0.0213
vn -0.0993 -0.9950 -0.0116
vn -0.1474 -0.9887 0.0282
vn 0.0379 -0.9991 -0.0204
vn 0.0974 -0.9952 -0.0072
vn 0.2078 -0.9764 -0.0583
vn -0.0625 -0.9979 -0.0148
vn 0.2195 -0.9723 -0.0803
vn 0.1402 -0.9894 -0.0390
vn 0.1403 -0.9892 -0.0422
vn 0.0438 -0.9990 0.0128
vn -0.0525 -0.9985 0.0165
vn -0.1633 -0.9815 0.0998
vn 0.1740 -0.9809 -0.0865
vn -0.2057 -0.9698 0.1314
vn 0.1577 -0.9804 -0.1184
vn -0.2687 -0.9572 0.1075
vn 0.0331 -0.9964 -0.0775
vn -0.1464 -0.9855 0.0854
vn -0.0060 -0.9998 -0.0206
vn -0.0393 -0.9947 -0.0951
vn -0.0324 -0.9979 -0.0552
vn 0.0788 -0.9952 0.0582
vn -0.0706 -0.9950 -0.0713
vn 0.0830 -0.9936 0.0766
vn -0.0474 -0.9976 -0.0502
vn 0.0867 -0.9962 0.0095
vn 0.0107 -0.9999 -0.0052
vn -0.0831 -0.9762 -0.2002
vn -0.0188 -0.9969 -0.0763
vn 0.0249 -0.9960 -0.0861
vn 0.0102 -0.9989 0.0462
vn -0.2391 -0.5188 -0.8208
vn -0.0269 -0.9235 -0.3827
vn 0.1717 -0.8941 0.4137
vn -0.2685 0.3702 -0.8893
vn -0.1639 -0.2479 -0.9548
vn -0.0214 -0.8673 -0.4973
vn 0.0539 -0.9928 -0.1072
vn -0.1033 0.0801 -0.9914
vn -0.1486 0.1523 -0.9771
vn 0.0511 -0.9987 0.0089
vn 0.0130 -0.9847 0.1740
vn -0.0404 -0.9992 0.0019
vn -0.1199 -0.9763 -0.1802
vn 0.3352 -0.5962 0.7295
vn 0.2034 -0.9434 0.2619
vn 0.0923 -0.9547 -0.2828
vn 0.0147 0.9816 0.1906
vn -0.1171 0.8683 -0.4820
vn -0.1268 -0.9129 -0.3879
vn 0.0434 0.8669 -0.4966
vn -0.0681 0.8839 -0.4627
vn 0.0411 0.9932 -0.1086
vn -0.1603 0.8724 -0.4618
vn -0.3270 -0.3417 -0.8811
vn -0.0996 0.9882 -0.1165
vn -0.0247 0.9925 0.1199
vn 0.0306 0.9989 0.0352
vn 0.1399 0.9516 0.2735
vn 0.0197 0.9985 -0.0502
vn 0.0272 0.9992 0.0283
vn -0.0291 0.9991 0.0303
vn -0.0162 0.9096 -0.4151
vn 0.0443 -0.9712 -0.2341
vn -0.2443 -0.6045 -0.7582
vn -0.0142 0.9989 -0.0444
vn -0.0061 0.9963 0.0860
vn 0.0047 0.9946 0.1039
vn 0.0296 -0.6423 -0.7659
vn 0.0263 -0.6820 -0.7309
vn 0.0243 -0.8226 -0.5680
vn -0.0388 -0.7554 -0.6541
vn -0.1669 -0.9860 -0.0004
vn 0.0120 -0.8811 -0.4728
vn -0.0235 -0.7322 -0.6807
vn 0.0057 -0.7196 -0.6943
vn -0.0492 -0.8631 -0.5026
vn -0.0042 -0.7781 -0.6281
vn 0.0049 -0.9989 -0.0466
vn -0.1564 -0.9877 0.0041
vn 0.1469 -0.9851 -0.0899
vn 0.0307 -0.9716 -0.2348
vn -0.1041 -0.9941 -0.0310
vn -0.1103 -0.9937 -0.0174
vn -0.1341 -0.9909 0.0083
vn -0.0016 -0.7957 -0.6057
vn 0.0471 -0.6277 -0.7770
vn 0.0209 -0.9821 -0.1874
vn -0.1196 -0.9909 0.0623
vn 0.1112 -0.9938 -0.0065
vn 0.0347 -0.8658 -0.4993
vn -0.1634 -0.9842 0.0683
vn 0.0618 -0.9980 0.0153
vn -0.1567 -0.9869 -0.0393
vn 0.1838 -0.9824 -0.0344
vn -0.0123 -0.9999 0.0046
vn 0.0367 -0.9921 -0.1202
vn -0.1666 -0.9860 0.0081
vn -0.2057 -0.9767 0.0609
vn 0.1456 -0.9855 -0.0872
vn 0.2585 -0.9656 -0.0277
vn -0.1412 -0.9899 0.0131
vn 0.2478 -0.9673 -0.0532
vn 0.2181 -0.9753 -0.0342
vn -0.2378 -0.9701 0.0483
vn -0.1605 -0.9867 0.0238
vn -0.0126 -0.9998 -0.0140
vn -0.1965 -0.9797 0.0398
vn -0.0914 -0.9956 -0.0192
vn 0.2728 -0.9568 -0.1006
vn -0.2622 -0.9615 0.0820
vn -0.1305 -0.9913 -0.0184
vn 0.2004 -0.9766 0.0784
vn -0.0887 -0.9946 0.0542
vn 0.2490 -0.9657 -0.0730
vn -0.1651 -0.9839 0.0684
vn -0.0758 -0.9966 0.0308
vn 0.0791 -0.9967 -0.0161
vn -0.1678 -0.9812 0.0951
vn -0.1292 -0.9916 -0.0109
vn -0.2250 -0.9695 0.0971
vn -0.1794 -0.9802 0.0839
vn 0.1378 -0.9902 0.0240
vn -0.0132 -0.9994 0.0311
vn 0.1768 -0.9828 -0.0535
vn 0.1640 -0.9863 0.0169
vn 0.1445 -0.9892 0.0243
vn -0.0839 -0.9950 0.0549
vn 0.0828 -0.9966 0.0047
vn -0.0583 -0.9980 0.0233
vn -0.0016 -0.9991 0.0423
vn -0.0837 -0.9961 0.0265
vn 0.0412 -0.9990 0.0199
vn -0.1704 -0.9798 0.1046
vn 0.0056 -0.9994 0.0330
vn 0.0043 -1.0000 0.0015
vn 0.0118 -0.9999 -0.0065
vn -0.0031 -1.0000 0.0022
vn 0.0209 -0.9994 0.0269
vn 0.0116 -0.9998 -0.0173
vn -0.0217 -0.9997 -0.0126
vn -0.1880 -0.9758 -0.1119
vn -0.1399 -0.9868 -0.0811
vn -0.2192 -0.9462 -0.2380
vn -0.4224 -0.8514 -0.3111
vn 0.0116 -0.9982 -0.0596
vn -0.2456 -0.9389 -0.2410
vn -0.1410 0.9313 -0.3360
vn -0.1346 -0.9899 -0.0446
vn 0.5510 -0.2309 0.8019
vn -0.1800 -0.9692 -0.1679
vn -0.2631 -0.8032 -0.5344
vn -0.0674 -0.9952 0.0704
vn 0.0308 -0.9987 -0.0415
vn 0.4727 -0.3857 0.7923
vn -0.0217 -0.8645 0.5022
vn 0.0465 -0.9856 -0.1628
vn -0.1804 -0.9587 0.2201
vn -0.3949 -0.7544 -0.5244
vn -0.5366 -0.7349 -0.4147
vn -0.3136 -0.8952 0.3165
vn -0.5616 -0.6926 -0.4527
vn -0.3450 -0.6410 0.6856
vn -0.5330 -0.7113 -0.4582
vn -0.4316 -0.8214 0.3728
vn -0.5046 -0.4660 -0.7268
vn -0.5019 -0.5569 -0.6617
vn -0.5774 -0.6372 -0.5104
vn -0.5470 -0.8310 0.1010
vn -0.2359 -0.6476 0.7245
vn -0.3730 -0.0067 -0.9278
vn -0.5050 -0.8631 -0.0093
vn -0.2920 -0.8146 0.5012
vn 0.0211 0.8700 -0.4926
vn -0.1019 0.5744 -0.8122
vn -0.1011 0.2064 -0.9732
vn -0.3419 -0.6947 -0.6329
vn -0.2078 -0.3532 -0.9122
vn 0.1349 0.8419 -0.5226
vn 0.1139 0.7379 -0.6652
vn -0.0961 0.2981 -0.9497
vn -0.1878 0.0257 -0.9819
vn -0.2508 -0.9138 -0.3194
vn -0.0967 -0.9414 0.3232
vn -0.1582 -0.5061 0.8478
vn -0.0615 0.8914 -0.4490
vn -0.4528 0.3586 -0.8164
vn -0.0209 -0.6617 -0.7494
vn 0.0221 -0.7590 -0.6507
vn -0.0166 -0.7577 -0.6524
vn 0.0799 -0.7753 -0.6265
vn 0.0169 -0.6645 -0.7471
vn -0.0191 -0.8685 -0.4953
vn -0.0491 -0.7233 -0.6888
vn -0.0083 -0.6587 -0.7523
vn -0.0116 -0.7840 -0.6206
vn -0.0070 -0.9120 -0.4101
vn 0.0114 -0.8722 -0.4890
vn 0.0031 -0.7465 -0.6654
vn -0.0216 -0.9911 -0.1313
vn -0.0233 -0.9927 -0.1185
vn -0.0137 -0.9670 -0.2546
vn -0.0324 -0.9992 -0.0220
vn -0.0145 -0.9080 -0.4186
vn -0.0081 -1.0000 -0.0051
vn 0.0041 -1.0000 -0.0052
vn -0.0175 -0.9998 0.0028
vn -0.1374 -0.9905 0.0028
vn -0.0137 -0.9998 -0.0162
vn -0.0108 -0.9999 -0.0062
vn -0.0425 -0.9990 -0.0099
vn -0.0427 -0.9991 -0.0004
vn 0.1470 -0.9890 0.0187
vn 0.1273 -0.9919 0.0029
vn 0.0800 -0.9966 -0.0204
vn 0.1561 -0.9873 -0.0301
vn 0.0987 -0.9951 0.0050
vn -0.1323 -0.9911 0.0118
vn -0.0913 -0.9943 -0.0543
vn -0.0135 -0.9989 0.0449
vn 0.0040 -0.9664 0.2571
vn -0.0420 -0.6759 0.7358
vn -0.0104 -0.9938 0.1107
vn -0.0103 -0.7518 0.6594
vn 0.0055 -0.9086 0.4176
vn -0.0173 -0.7990 0.6010
vn -0.0036 -0.3947 0.9188
vn -0.0073 -0.8213 0.5705
vn -0.1518 -0.6679 0.7286
vn -0.0666 -0.3911 0.9179
vn -0.2455 -0.9219 -0.2998
vn -0.1507 -0.6518 0.7433
vn -0.2521 -0.9677 -0.0079
vn 0.0594 -0.4257 0.9029
vn -0.2175 -0.9754 0.0344
vn -0.2171 -0.8786 -0.4254
vn -0.1583 -0.6185 -0.7696
vn -0.2584 -0.9393 0.2257
vn -0.0940 -0.4698 0.8778
vn -0.0093 -0.8047 -0.5937
vn -0.0198 -0.9020 -0.4312
vn -0.0122 -0.8396 -0.5431
vn 0.0139 -0.7930 -0.6091
vn 0.0104 -0.7315 -0.6818
vn -0.0084 -0.7640 -0.6452
vn -0.0085 -0.9376 -0.3477
vn -0.0066 -0.8246 -0.5657
vn -0.0245 -0.8046 -0.5934
vn -0.0105 -0.9783 -0.2071
vn 0.0032 -0.9948 -0.1022
vn -0.0167 -0.8075 -0.5897
vn -0.0253 -0.9990 -0.0359
vn -0.0413 -0.9991 -0.0017
vn -0.0156 -0.9994 -0.0314
vn 0.0826 -0.9966 -0.0024
vn -0.1118 -0.9905 0.0806
vn 0.0613 -0.9981 0.0012
vn -0.0086 -0.9999 -0.0069
vn -0.0580 -0.9982 -0.0175
vn 0.1104 -0.9939 0.0027
vn -0.1112 -0.9938 -0.0022
vn 0.0139 -0.9999 0.0007
vn 0.1250 -0.9920 -0.0163
vn 0.0904 -0.9959 -0.0048
vn -0.0960 -0.9954 0.0054
vn -0.1027 -0.9941 0.0353
vn 0.0810 -0.9967 0.0051
vn 0.0566 -0.9982 -0.0192
vn 0.0751 -0.9970 0.0186
vn -0.0326 -0.9992 0.0222
vn -0.0511 -0.9957 0.0767
vn 0.0618 -0.9979 -0.0210
vn 0.0728 -0.9971 -0.0214
vn 0.0894 -0.9957 -0.0251
vn 0.0521 -0.9983 0.0277
vn 0.0045 -0.9971 0.0766
vn 0.0430 -0.6503 0.7585
vn 0.0412 -0.8858 0.4623
vn -0.0103 -0.9670 0.2547
vn -0.0141 -0.8129 0.5822
vn 0.0718 -0.4691 0.8802
vn 0.0316 -0.6789 0.7336
vn 0.0192 -0.3612 0.9323
vn 0.0197 -0.7949 0.6064
vn -0.0353 -0.7310 -0.6814
vn 0.0089 -0.6854 -0.7281
vn -0.0041 -0.8877 -0.4604
vn -0.0023 -0.7586 -0.6515
vn -0.0400 -0.7660 -0.6415
vn 0.0045 -0.6625 -0.7491
vn -0.0008 -0.9649 -0.2627
vn 0.0019 -0.8277 -0.5612
vn -0.0020 -0.9451 -0.3268
vn 0.0121 -0.7326 -0.6806
vn -0.0767 -0.9970 -0.0058
vn -0.0258 -0.9995 -0.0166
vn -0.0233 -0.9997 -0.0088
vn 0.0237 -0.9997 -0.0099
vn -0.0037 -0.9998 -0.0201
vn -0.0082 -0.9997 -0.0225
vn 0.0877 -0.9961 -0.0061
vn -0.0089 -0.9999 -0.0117
vn -0.0717 -0.9974 -0.0019
vn -0.0024 -1.0000 -0.0053
vn -0.0317 -0.9995 0.0064
vn -0.0518 -0.9980 0.0362
vn 0.0770 -0.9968 0.0202
vn -0.0329 -0.9962 0.0810
vn 0.0236 -0.9983 0.0534
vn 0.0215 -0.9997 0.0106
vn 0.1047 -0.9802 0.1682
vn 0.1409 -0.9892 0.0402
vn 0.5973 -0.6907 -0.4076
vn 0.0025 -0.9996 -0.0284
vn 0.0069 -0.9993 -0.0376
vn 0.2404 -0.9346 -0.2621
vn 0.5770 -0.6652 -0.4739
vn 0.7426 -0.2831 -0.6070
vn 0.0933 -0.9438 0.3171
vn 0.0018 -0.8754 0.4834
vn -0.0073 -0.7616 -0.6480
vn -0.0592 -0.8537 -0.5174
vn 0.0158 -0.7533 -0.6575
vn 0.0070 -0.8089 -0.5879
vn -0.0113 -0.7372 -0.6755
vn -0.0005 -0.8255 -0.5644
vn -0.0009 -0.8068 -0.5908
vn -0.0017 -0.8869 -0.4619
vn -0.0033 -0.7764 -0.6302
vn 0.0130 -0.9902 -0.1387
vn -0.0048 -0.9614 -0.2753
vn 0.0962 -0.9909 -0.0937
vn 0.4120 -0.9107 0.0305
vn 0.5870 -0.8095 0.0109
vn 0.4795 -0.8774 -0.0135
vn 0.8443 -0.5358 0.0045
vn 0.5929 -0.8053 -0.0004
vn 0.2879 -0.9577 -0.0030
vn 0.6712 -0.7412 0.0080
vn 0.9456 -0.3240 -0.0306
vn 0.4887 -0.8708 -0.0540
vn 0.9053 -0.4144 -0.0936
vn 0.9184 -0.3948 0.0240
vn 0.9981 -0.0622 -0.0003
vn 0.9950 0.0189 -0.0982
vn 0.6975 -0.7038 -0.1347
vn 0.9784 0.0717 -0.1939
vn 0.9211 -0.3527 -0.1651
vn 0.8279 -0.5458 -0.1293
vn 0.9192 0.3426 -0.1941
vn 0.1260 -0.9917 -0.0265
vn 0.5907 -0.8005 -0.1015
vn 0.9856 -0.0007 -0.1693
vn 0.5547 -0.8270 -0.0917
vn 0.9666 -0.2090 -0.1485
vn 0.6534 0.7464 -0.1264
vn 0.8526 -0.4993 -0.1544
vn 0.8456 0.5180 -0.1292
vn 0.4380 0.8903 -0.1248
vn 0.9673 0.1981 -0.1582
vn 0.9682 -0.2010 -0.1490
vn 0.5149 0.8484 -0.1230
vn 0.8586 -0.4908 -0.1478
vn 0.7800 0.6063 -0.1551
vn 0.1220 0.9786 -0.1659
vn 0.0825 -0.9963 -0.0257
vn 0.5969 -0.7935 -0.1187
vn 0.9526 0.2459 -0.1793
vn 0.9662 -0.1820 -0.1825
vn 0.5445 0.8279 -0.1343
vn 0.3279 -0.9387 -0.1065
vn 0.8608 -0.4718 -0.1909
vn 0.7556 0.6447 -0.1154
vn 0.0289 0.9967 -0.0754
vn 0.5496 -0.8297 -0.0977
vn 0.9039 -0.3937 -0.1672
vn 0.8964 0.3359 -0.2891
vn 0.7351 0.5865 -0.3400
vn 0.6789 0.6062 -0.4143
vn 0.3372 0.9392 -0.0654
vn 0.6382 -0.7433 -0.2005
vn 0.9167 0.3313 -0.2235
vn 0.2800 0.9522 0.1224
vn 0.6326 -0.7426 -0.2200
vn -0.2845 0.8964 0.3400
vn 0.8576 -0.4276 -0.2859
vn 0.7574 0.6297 -0.1730
vn -0.1175 0.9907 0.0687
vn 0.8387 -0.4400 -0.3209
vn 0.6416 -0.7196 -0.2655
vn 0.9470 0.0157 -0.3208
vn -0.2664 0.7885 0.5543
vn 0.0618 0.9384 0.3400
vn 0.6103 0.7721 -0.1771
vn 0.9083 -0.1296 -0.3976
vn 0.7021 0.6712 -0.2378
vn 0.7300 0.4416 -0.5216
vn 0.8147 -0.3925 -0.4269
vn 0.8443 0.3711 -0.3866
vn 0.4128 0.9105 0.0238
vn 0.4377 0.8583 -0.2678
vn 0.0067 0.9599 0.2801
vn 0.7042 0.3892 -0.5938
vn 0.5780 0.6379 -0.5089
vn -0.1705 0.7840 0.5968
vn 0.5136 0.3335 -0.7906
vn -0.0109 0.8919 0.4520
vn 0.2957 0.8630 -0.4096
vn 0.1015 0.9906 -0.0914
vn 0.5242 0.1887 -0.8304
vn 0.4503 0.7695 -0.4528
vn 0.0444 0.9426 -0.3310
vn 0.1521 0.9555 0.2527
vn 0.4296 -0.8914 -0.1442
vn 0.8183 0.3090 -0.4848
vn 0.4563 0.1958 -0.8680
vn 0.4993 0.1063 -0.8599
vn 0.3349 0.8629 -0.3785
vn 0.4309 0.8514 -0.2991
vn 0.7080 0.5723 -0.4139
vn 0.8390 -0.0450 -0.5422
vn 0.6530 -0.6447 -0.3974
vn 0.3755 -0.8988 -0.2260
vn -0.8147 0.3441 0.4668
vn -0.8015 0.1170 0.5864
vn -0.9949 -0.1007 -0.0093
vn -0.9595 0.1803 -0.2163
vn -0.5334 -0.6310 0.5633
vn 0.9612 -0.1609 0.2241
vn -0.2512 0.2006 -0.9469
vn 0.6284 -0.0975 0.7718
vn 0.6210 0.1124 0.7757
vn -0.7311 0.6818 -0.0248
vn -0.7421 0.6288 0.2321
vn 0.4611 0.3957 -0.7942
vn -0.3821 0.8021 -0.4589
vn 0.5075 0.1962 0.8390
vn 0.4439 0.0787 0.8926
vn 0.3279 0.3670 0.8705
vn 0.0113 0.3953 0.9185
vn -0.4492 0.1836 0.8744
vn -0.7143 0.0125 0.6998
vn -0.8835 -0.1448 0.4455
vn -0.9306 -0.0504 0.3626
vn -0.9588 0.1722 0.2259
vn -0.9578 0.0879 -0.2737
vn -0.7483 0.6480 0.1420
vn -0.5854 0.1719 0.7923
vn -0.7813 -0.2050 0.5895
vn -0.3728 0.0230 -0.9276
vn -0.8790 0.1538 -0.4514
vn -0.8633 0.3937 -0.3157
vn -0.9901 -0.0765 -0.1177
vn -0.9298 -0.3066 0.2036
vn -0.9735 0.2090 -0.0927
vn -0.9846 0.1613 0.0678
vn -0.9608 0.0266 0.2759
vn -0.8198 0.4619 -0.3385
vn -0.9576 0.1643 -0.2366
vn -0.9895 -0.0508 -0.1355
vn -0.4724 -0.1724 0.8644
vn -0.2371 -0.1215 0.9639
vn 0.1759 -0.2637 0.9484
vn 0.4759 0.1852 0.8598
vn -0.4535 -0.3054 0.8373
vn -0.7735 0.1914 0.6042
vn 0.0856 0.9851 0.1488
vn -0.9310 -0.0969 0.3520
vn -0.8319 -0.0005 0.5549
vn -0.6980 -0.2149 0.6831
vn -0.4745 -0.5777 0.6642
vn 0.9672 -0.0389 0.2509
vn 0.9513 0.0624 0.3019
vn 0.7044 0.6799 0.2036
vn 0.4998 0.8302 0.2469
vn 0.0445 0.9955 0.0842
vn 0.1078 0.9859 -0.1279
vn 0.6297 0.6791 -0.3771
vn -0.8613 0.3637 -0.3548
vn -0.9039 0.1161 -0.4118
vn -0.7390 -0.4681 -0.4845
vn -0.7005 -0.2666 -0.6620
vn -0.3188 0.4921 -0.8101
vn 0.1407 -0.0419 -0.9892
vn -0.3119 0.6303 -0.7110
vn -0.1603 0.3693 0.9154
vn 0.3555 0.8395 0.4109
vn 0.6639 0.5756 0.4774
vn 0.7793 0.6217 0.0781
vn 0.6975 0.4179 0.5822
vn 0.7038 0.0262 0.7099
vn 0.5621 -0.0260 0.8266
vn -0.0099 -0.9999 -0.0132
vn -0.0110 -0.8883 0.4591
vn 0.6106 0.7892 0.0662
vn 0.6872 0.6691 -0.2830
vn 0.1977 0.9773 -0.0768
vn -0.1204 0.9927 0.0083
vn 0.0850 0.9957 -0.0379
vn -0.0154 0.9997 0.0207
vn -0.0068 0.5516 -0.8341
vn -0.3273 -0.4825 -0.8124
vn 0.1160 0.4953 -0.8610
vn 0.0396 -0.0073 -0.9992
vn -0.5548 -0.7936 0.2499
vn -0.0444 -0.7846 0.6184
vn -0.8409 -0.4013 0.3632
vn -0.2166 -0.9739 0.0673
vn -0.9195 0.1102 0.3772
vn -0.1964 -0.9781 -0.0692
vn -0.9536 -0.2711 -0.1307
vn -0.8483 -0.3924 0.3555
vn 0.3553 -0.9103 -0.2123
vn 0.4918 -0.8061 -0.3292
vn 0.4401 -0.8762 -0.1962
vn 0.0372 -0.9513 0.3062
vn -0.3113 -0.9445 0.1050
vn 0.2727 -0.9392 -0.2085
vn 0.1008 -0.8626 -0.4957
vn -0.0240 -0.7192 -0.6944
vn -0.2245 -0.9697 0.0961
vn -0.0386 -0.9992 0.0058
vn -0.3286 -0.9128 -0.2424
vn -0.0219 -0.7698 -0.6379
vn 0.7836 0.5853 -0.2085
vt 0.298267 0.009657
vt 0.309591 0.009590
vt 0.308800 0.011861
vt 0.184338 0.481518
vt 0.192561 0.486563
vt 0.189646 0.472042
vt 0.197872 0.487299
vt 0.197257 0.477485
vt 0.193582 0.470702
vt 0.204851 0.486639
vt 0.193734 0.493054
vt 0.196221 0.495324
vt 0.210175 0.477587
vt 0.191131 0.460460
vt 0.197650 0.456567
vt 0.217468 0.483985
vt 0.215325 0.480240
vt 0.301747 0.003163
vt 0.305360 0.005757
vt 0.293502 0.005608
vt 0.312504 0.002566
vt 0.318503 0.006141
vt 0.319642 0.002718
vt 0.326830 0.005176
vt 0.196930 0.447779
vt 0.213687 0.472883
vt 0.195622 0.442609
vt 0.188584 0.456798
vt 0.193736 0.448859
vt 0.182604 0.464683
vt 0.188400 0.465231
vt 0.180339 0.459864
vt 0.183864 0.455023
vt 0.402253 0.229395
vt 0.393849 0.242440
vt 0.389646 0.233119
vt 0.379139 0.237864
vt 0.383787 0.243832
vt 0.399839 0.255514
vt 0.391138 0.261110
vt 0.401247 0.275363
vt 0.430062 0.250468
vt 0.447584 0.244213
vt 0.432470 0.259906
vt 0.388739 0.203479
vt 0.375236 0.206552
vt 0.371035 0.219885
vt 0.358908 0.206690
vt 0.354384 0.219638
vt 0.372465 0.196401
vt 0.356076 0.190848
vt 0.345826 0.226277
vt 0.351565 0.229708
vt 0.402024 0.210255
vt 0.395687 0.217051
vt 0.384315 0.192780
vt 0.372606 0.186060
vt 0.368946 0.171108
vt 0.343965 0.154460
vt 0.323941 0.165084
vt 0.315907 0.187585
vt 0.382806 0.227738
vt 0.307275 0.137457
vt 0.262377 0.113012
vt 0.335169 0.135027
vt 0.322387 0.130439
vt 0.309399 0.104773
vt 0.289512 0.094970
vt 0.281756 0.104848
vt 0.273171 0.093629
vt 0.263552 0.078634
vt 0.266248 0.104361
vt 0.256780 0.093360
vt 0.243248 0.077258
vt 0.307678 0.088683
vt 0.281254 0.084615
vt 0.255598 0.111521
vt 0.312852 0.188834
vt 0.258482 0.046256
vt 0.234862 0.036838
vt 0.246902 0.052311
vt 0.217584 0.043069
vt 0.212830 0.040720
vt 0.265581 0.056689
vt 0.172239 0.531533
vt 0.164954 0.534145
vt 0.177504 0.527120
vt 0.161906 0.529286
vt 0.177089 0.523290
vt 0.147643 0.539732
vt 0.150395 0.530674
vt 0.153706 0.537496
vt 0.066810 0.404135
vt 0.092527 0.417167
vt 0.096300 0.412292
vt 0.063738 0.413749
vt 0.078185 0.421636
vt 0.082939 0.425167
vt 0.126373 0.007032
vt 0.124046 0.003136
vt 0.138456 0.006843
vt 0.042398 0.394730
vt 0.169970 0.017404
vt 0.188485 0.019280
vt 0.185868 0.020999
vt 0.179593 0.014232
vt 0.191609 0.019055
vt 0.103440 0.404700
vt 0.110977 0.411206
vt 0.117653 0.410383
vt 0.181439 0.021975
vt 0.191872 0.024322
vt 0.190659 0.026582
vt 0.029133 0.383551
vt 0.029572 0.385761
vt 0.049830 0.389555
vt 0.012764 0.376562
vt 0.009859 0.374683
vt 0.016033 0.377015
vt 0.031137 0.400108
vt 0.047954 0.408028
vt 0.018854 0.387884
vt 0.019713 0.390988
vt 0.108512 0.009241
vt 0.120454 0.011498
vt 0.061355 0.398678
vt 0.438266 0.342058
vt 0.441044 0.335070
vt 0.461939 0.344045
vt 0.456268 0.324328
vt 0.463435 0.321988
vt 0.467249 0.331483
vt 0.485272 0.320459
vt 0.474629 0.308653
vt 0.483994 0.304424
vt 0.460595 0.316267
vt 0.453654 0.310171
vt 0.464356 0.295262
vt 0.482546 0.343258
vt 0.475374 0.342236
vt 0.486287 0.339788
vt 0.464172 0.347363
vt 0.469404 0.344592
vt 0.442965 0.327682
vt 0.443215 0.322428
vt 0.437415 0.314809
vt 0.446119 0.298488
vt 0.474256 0.302929
vt 0.490423 0.334359
vt 0.481604 0.332589
vt 0.496922 0.320857
vt 0.483359 0.294228
vt 0.500775 0.281862
vt 0.499991 0.295618
vt 0.474942 0.292542
vt 0.487260 0.283158
vt 0.460089 0.284790
vt 0.472565 0.280392
vt 0.344259 0.078305
vt 0.346438 0.079033
vt 0.356660 0.073513
vt 0.490044 0.265835
vt 0.505395 0.262061
vt 0.506032 0.267992
vt 0.476557 0.270384
vt 0.470592 0.268738
vt 0.475110 0.258687
vt 0.503453 0.298270
vt 0.499656 0.315246
vt 0.495733 0.307280
vt 0.445933 0.283337
vt 0.449591 0.274144
vt 0.498327 0.260463
vt 0.482896 0.257041
vt 0.505052 0.259641
vt 0.495602 0.271563
vt 0.503929 0.270983
vt 0.467266 0.252855
vt 0.460941 0.246233
vt 0.474228 0.247989
vt 0.486236 0.248266
vt 0.494139 0.236144
vt 0.496256 0.254139
vt 0.493115 0.222145
vt 0.504839 0.210357
vt 0.499521 0.227831
vt 0.344886 0.386014
vt 0.340939 0.390454
vt 0.348392 0.385284
vt 0.055533 0.420833
vt 0.054916 0.427586
vt 0.052207 0.423367
vt 0.456739 0.263234
vt 0.453601 0.252132
vt 0.462533 0.255979
vt 0.503812 0.194505
vt 0.520921 0.201300
vt 0.519882 0.208044
vt 0.497232 0.205270
vt 0.490639 0.190497
vt 0.495663 0.187612
vt 0.481040 0.191914
vt 0.476091 0.193055
vt 0.481476 0.184716
vt 0.485587 0.217444
vt 0.485892 0.208622
vt 0.489942 0.209867
vt 0.480477 0.215532
vt 0.510828 0.183776
vt 0.507951 0.178741
vt 0.521767 0.173640
vt 0.511340 0.170758
vt 0.508904 0.165126
vt 0.519277 0.165520
vt 0.503252 0.169513
vt 0.492384 0.166113
vt 0.500312 0.163060
vt 0.485695 0.167504
vt 0.475009 0.166679
vt 0.483494 0.161950
vt 0.500475 0.157648
vt 0.512130 0.162261
vt 0.492928 0.160998
vt 0.491043 0.160066
vt 0.496205 0.157416
vt 0.494912 0.165385
vt 0.508895 0.162845
vt 0.492931 0.160308
vt 0.477358 0.160090
vt 0.481630 0.159185
vt 0.498597 0.179086
vt 0.479331 0.174238
vt 0.491426 0.179531
vt 0.135047 0.441739
vt 0.139827 0.441772
vt 0.134979 0.439894
vt 0.472261 0.169034
vt 0.501215 0.168859
vt 0.516249 0.161985
vt 0.358333 0.086216
vt 0.362739 0.089165
vt 0.357902 0.086493
vt 0.487174 0.166839
vt 0.487777 0.169486
vt 0.490143 0.170651
vt 0.194700 0.411942
vt 0.196608 0.413401
vt 0.197488 0.412163
vt 0.484252 0.161091
vt 0.486666 0.162339
vt 0.486048 0.163637
vt 0.497159 0.171007
vt 0.491927 0.166896
vt 0.495257 0.174196
vt 0.484496 0.162003
vt 0.489037 0.162404
vt 0.485913 0.163337
vt 0.384753 0.370845
vt 0.386943 0.369536
vt 0.389083 0.370457
vt 0.462269 0.155763
vt 0.462914 0.157417
vt 0.466956 0.157068
vt 0.467997 0.162159
vt 0.471561 0.164213
vt 0.474252 0.160028
vt 0.499366 0.175170
vt 0.502200 0.175114
vt 0.493616 0.172131
vt 0.497671 0.161105
vt 0.472020 0.169731
vt 0.468492 0.170479
vt 0.456082 0.163782
vt 0.463520 0.171894
vt 0.471424 0.176232
vt 0.470692 0.183331
vt 0.477718 0.175542
vt 0.458841 0.177662
vt 0.452831 0.172355
vt 0.448607 0.186523
vt 0.444860 0.171644
vt 0.496049 0.180611
vt 0.498208 0.176994
vt 0.482548 0.170754
vt 0.455707 0.156299
vt 0.477121 0.210855
vt 0.481419 0.200962
vt 0.466195 0.225072
vt 0.493855 0.186874
vt 0.485199 0.190744
vt 0.460784 0.225100
vt 0.448663 0.222097
vt 0.452010 0.236869
vt 0.435749 0.232448
vt 0.426742 0.219010
vt 0.424256 0.222976
vt 0.453470 0.193925
vt 0.444246 0.201118
vt 0.455156 0.209921
vt 0.434327 0.182756
vt 0.428886 0.197146
vt 0.422201 0.230112
vt 0.421276 0.238114
vt 0.420173 0.324202
vt 0.428539 0.323184
vt 0.423707 0.328025
vt 0.427792 0.313993
vt 0.414549 0.313116
vt 0.418444 0.314592
vt 0.416973 0.321599
vt 0.427637 0.336656
vt 0.427732 0.333468
vt 0.423921 0.360713
vt 0.424037 0.359242
vt 0.425606 0.359274
vt 0.421514 0.332916
vt 0.405610 0.335686
vt 0.416740 0.331065
vt 0.407454 0.330720
vt 0.397840 0.326126
vt 0.403552 0.321043
vt 0.110577 0.346875
vt 0.106454 0.362605
vt 0.106733 0.348325
vt 0.416703 0.309914
vt 0.420092 0.300491
vt 0.427184 0.302049
vt 0.441805 0.293622
vt 0.393820 0.342314
vt 0.392964 0.348554
vt 0.401242 0.341670
vt 0.431785 0.288406
vt 0.422135 0.287302
vt 0.428300 0.279262
vt 0.435153 0.284765
vt 0.440819 0.273504
vt 0.064400 0.358468
vt 0.067047 0.362292
vt 0.055886 0.364495
vt 0.100981 0.359481
vt 0.102828 0.367828
vt 0.099110 0.368083
vt 0.409299 0.265390
vt 0.416506 0.255866
vt 0.422210 0.253357
vt 0.439134 0.234576
vt 0.435381 0.228591
vt 0.451293 0.221876
vt 0.433469 0.239639
vt 0.431675 0.230798
vt 0.425910 0.239205
vt 0.435950 0.226739
vt 0.465724 0.223494
vt 0.465597 0.215782
vt 0.435779 0.236109
vt 0.443220 0.228584
vt 0.445971 0.224983
vt 0.450948 0.209868
vt 0.457151 0.202915
vt 0.460965 0.205047
vt 0.438886 0.222245
vt 0.448590 0.220139
vt 0.446206 0.211595
vt 0.452659 0.212215
vt 0.455813 0.207019
vt 0.451636 0.214943
vt 0.443450 0.221120
vt 0.453596 0.207721
vt 0.442614 0.210149
vt 0.449839 0.205557
vt 0.435162 0.209401
vt 0.449899 0.199067
vt 0.452919 0.218684
vt 0.434336 0.232856
vt 0.431482 0.225195
vt 0.436734 0.197550
vt 0.445002 0.190832
vt 0.241046 0.002724
vt 0.232055 0.010132
vt 0.227747 0.006494
vt 0.113992 0.433660
vt 0.112305 0.439745
vt 0.115509 0.433335
vt 0.454586 0.198662
vt 0.455776 0.182631
vt 0.449666 0.185747
vt 0.453233 0.184952
vt 0.226008 0.009567
vt 0.226423 0.003821
vt 0.222491 0.007189
vt 0.153730 0.368372
vt 0.154012 0.370497
vt 0.146838 0.367061
vt 0.265800 0.005864
vt 0.261279 0.001970
vt 0.261590 0.008106
vt 0.254089 0.002654
vt 0.257607 0.006828
vt 0.442530 0.183283
vt 0.447532 0.179373
vt 0.451323 0.163726
vt 0.470125 0.162991
vt 0.467885 0.166468
vt 0.467768 0.162454
vt 0.468797 0.173662
vt 0.471219 0.171624
vt 0.472311 0.170325
vt 0.427655 0.113757
vt 0.431167 0.119562
vt 0.431639 0.116324
vt 0.463070 0.157905
vt 0.457312 0.151375
vt 0.466719 0.159460
vt 0.450727 0.154478
vt 0.451968 0.146723
vt 0.453574 0.154904
vt 0.447985 0.145539
vt 0.450429 0.139495
vt 0.050589 0.377252
vt 0.045324 0.378629
vt 0.056494 0.380294
vt 0.434442 0.136024
vt 0.443296 0.131011
vt 0.444150 0.134476
vt 0.417807 0.127259
vt 0.432265 0.121817
vt 0.456450 0.144575
vt 0.454435 0.148845
vt 0.460861 0.153080
vt 0.019839 0.344501
vt 0.019440 0.343533
vt 0.022291 0.343259
vt 0.465845 0.152976
vt 0.463049 0.155460
vt 0.468339 0.157152
vt 0.167105 0.376924
vt 0.171015 0.373925
vt 0.170521 0.375290
vt 0.445838 0.144959
vt 0.446131 0.149035
vt 0.458203 0.154457
vt 0.437265 0.136129
vt 0.422721 0.125411
vt 0.424747 0.137205
vt 0.408938 0.136711
vt 0.419804 0.144329
vt 0.411080 0.129182
vt 0.394614 0.132516
vt 0.405186 0.139691
vt 0.414106 0.115853
vt 0.410554 0.121803
vt 0.421025 0.160209
vt 0.424556 0.171311
vt 0.432662 0.169796
vt 0.415474 0.159523
vt 0.443656 0.157593
vt 0.412464 0.173795
vt 0.402354 0.157987
vt 0.402617 0.170416
vt 0.400797 0.182429
vt 0.413645 0.184093
vt 0.389462 0.168397
vt 0.383977 0.184586
vt 0.381860 0.148058
vt 0.364390 0.146789
vt 0.376201 0.348574
vt 0.369657 0.350756
vt 0.375523 0.340564
vt 0.422397 0.031626
vt 0.417914 0.043065
vt 0.423656 0.046382
vt 0.378990 0.331639
vt 0.375445 0.328695
vt 0.384943 0.323430
vt 0.359584 0.046449
vt 0.362722 0.048785
vt 0.364597 0.046757
vt 0.368073 0.339246
vt 0.361876 0.330675
vt 0.367012 0.321893
vt 0.391731 0.317482
vt 0.395811 0.316050
vt 0.396135 0.319394
vt 0.385728 0.315823
vt 0.378430 0.313429
vt 0.382653 0.312278
vt 0.401114 0.293927
vt 0.391444 0.291222
vt 0.396407 0.283563
vt 0.362099 0.316997
vt 0.365807 0.313210
vt 0.407402 0.263484
vt 0.401802 0.273156
vt 0.411007 0.261254
vt 0.386177 0.281243
vt 0.375296 0.285685
vt 0.389032 0.265803
vt 0.387294 0.258751
vt 0.385446 0.243569
vt 0.395162 0.251734
vt 0.405386 0.240231
vt 0.390897 0.244591
vt 0.393735 0.236379
vt 0.412143 0.233928
vt 0.416223 0.222463
vt 0.413159 0.219364
vt 0.379992 0.235635
vt 0.388198 0.223019
vt 0.393089 0.227913
vt 0.410268 0.217717
vt 0.396408 0.216772
vt 0.406875 0.213560
vt 0.375948 0.249420
vt 0.373559 0.245208
vt 0.379353 0.214795
vt 0.373227 0.208230
vt 0.389811 0.206342
vt 0.402072 0.200392
vt 0.403891 0.210427
vt 0.423728 0.200908
vt 0.417414 0.198709
vt 0.429962 0.189915
vt 0.410661 0.187887
vt 0.391219 0.196274
vt 0.382307 0.197854
vt 0.387388 0.189968
vt 0.401562 0.191040
vt 0.397580 0.181928
vt 0.414808 0.169603
vt 0.424736 0.175152
vt 0.437375 0.177900
vt 0.407926 0.176044
vt 0.402756 0.171275
vt 0.406393 0.161767
vt 0.393572 0.179749
vt 0.387695 0.168361
vt 0.398105 0.170940
vt 0.381724 0.193407
vt 0.381898 0.181218
vt 0.418758 0.155760
vt 0.435093 0.151938
vt 0.446857 0.161291
vt 0.408902 0.151811
vt 0.402878 0.157041
vt 0.407072 0.144029
vt 0.399864 0.141380
vt 0.415868 0.134322
vt 0.424981 0.137037
vt 0.378815 0.144484
vt 0.382071 0.126572
vt 0.386981 0.157193
vt 0.405340 0.113811
vt 0.407106 0.108894
vt 0.395843 0.104079
vt 0.398443 0.115530
vt 0.382741 0.111829
vt 0.388450 0.122668
vt 0.367849 0.108796
vt 0.376004 0.101367
vt 0.390455 0.117655
vt 0.354255 0.092185
vt 0.359779 0.090467
vt 0.378178 0.102687
vt 0.362200 0.100445
vt 0.367068 0.111837
vt 0.401104 0.109710
vt 0.375846 0.122565
vt 0.365883 0.121249
vt 0.368826 0.130281
vt 0.357588 0.100174
vt 0.338231 0.095457
vt 0.351196 0.106262
vt 0.346107 0.108046
vt 0.333341 0.119421
vt 0.333239 0.105095
vt 0.356532 0.135628
vt 0.386543 0.130498
vt 0.356722 0.363561
vt 0.357188 0.358585
vt 0.359985 0.362857
vt 0.346562 0.364367
vt 0.336859 0.371840
vt 0.342455 0.359404
vt 0.349645 0.362423
vt 0.347798 0.355854
vt 0.350050 0.352334
vt 0.350455 0.348151
vt 0.358993 0.345667
vt 0.351724 0.338741
vt 0.339033 0.348682
vt 0.361752 0.363912
vt 0.355829 0.372988
vt 0.349051 0.378561
vt 0.339991 0.386109
vt 0.344051 0.379357
vt 0.327204 0.379991
vt 0.321086 0.370910
vt 0.328745 0.369826
vt 0.356601 0.336794
vt 0.364873 0.352967
vt 0.353156 0.327085
vt 0.353266 0.322582
vt 0.356737 0.320757
vt 0.347633 0.333250
vt 0.340416 0.335872
vt 0.349776 0.323325
vt 0.335834 0.342145
vt 0.337215 0.329388
vt 0.329421 0.330305
vt 0.359752 0.317880
vt 0.338322 0.318808
vt 0.344708 0.313561
vt 0.330947 0.317559
vt 0.322868 0.309304
vt 0.339468 0.305691
vt 0.352889 0.331671
vt 0.360800 0.323713
vt 0.327075 0.342531
vt 0.318263 0.350487
vt 0.325034 0.337725
vt 0.317434 0.331899
vt 0.309338 0.325697
vt 0.372128 0.301017
vt 0.361546 0.309853
vt 0.374619 0.293233
vt 0.376311 0.308932
vt 0.380050 0.303252
vt 0.327612 0.287436
vt 0.315504 0.288206
vt 0.323935 0.272944
vt 0.355035 0.275619
vt 0.342988 0.274149
vt 0.358931 0.262863
vt 0.360841 0.297801
vt 0.352110 0.305678
vt 0.359429 0.291492
vt 0.319990 0.296811
vt 0.334462 0.269222
vt 0.346400 0.247543
vt 0.346594 0.256746
vt 0.372925 0.258362
vt 0.359399 0.233328
vt 0.365820 0.234928
vt 0.343143 0.245293
vt 0.357673 0.229177
vt 0.341860 0.229208
vt 0.324894 0.240401
vt 0.349713 0.222109
vt 0.334631 0.257626
vt 0.322887 0.258831
vt 0.312404 0.258032
vt 0.312205 0.234132
vt 0.337358 0.220364
vt 0.356020 0.207774
vt 0.321943 0.163704
vt 0.364200 0.185115
vt 0.349287 0.203030
vt 0.374731 0.192136
vt 0.375153 0.173102
vt 0.312905 0.188900
vt 0.362374 0.154416
vt 0.378736 0.155593
vt 0.348284 0.152627
vt 0.347550 0.132293
vt 0.325983 0.138823
vt 0.366815 0.139686
vt 0.365092 0.129893
vt 0.352611 0.123668
vt 0.300123 0.167961
vt 0.302801 0.121824
vt 0.314545 0.110898
vt 0.328226 0.123806
vt 0.356999 0.118794
vt 0.358550 0.107149
vt 0.366869 0.115969
vt 0.349455 0.109309
vt 0.321637 0.102418
vt 0.328419 0.095308
vt 0.330196 0.109096
vt 0.345113 0.097292
vt 0.344140 0.081971
vt 0.351463 0.090638
vt 0.313137 0.084673
vt 0.318742 0.094133
vt 0.330136 0.093363
vt 0.300609 0.075090
vt 0.298338 0.077253
vt 0.297017 0.058690
vt 0.296482 0.062774
vt 0.300202 0.065116
vt 0.288205 0.057489
vt 0.293481 0.068508
vt 0.320349 0.107438
vt 0.204046 0.395661
vt 0.186654 0.397181
vt 0.201803 0.392198
vt 0.026270 0.005161
vt 0.018659 0.003384
vt 0.028371 0.001441
vt 0.086453 0.376777
vt 0.079787 0.376924
vt 0.088741 0.373529
vt 0.386208 0.070927
vt 0.381066 0.069673
vt 0.392291 0.068693
vt 0.308450 0.370188
vt 0.295472 0.380892
vt 0.309333 0.364087
vt 0.287634 0.377677
vt 0.275197 0.375355
vt 0.289446 0.372019
vt 0.264795 0.379527
vt 0.260137 0.376772
vt 0.190396 0.403615
vt 0.188607 0.399715
vt 0.204406 0.397742
vt 0.319496 0.379043
vt 0.314788 0.381448
vt 0.319288 0.364557
vt 0.309752 0.347029
vt 0.304832 0.350513
vt 0.310858 0.338502
vt 0.287711 0.351427
vt 0.282037 0.352668
vt 0.290817 0.333780
vt 0.282966 0.328131
vt 0.294023 0.318451
vt 0.275485 0.337821
vt 0.271148 0.339907
vt 0.277796 0.324532
vt 0.305337 0.356803
vt 0.297372 0.362955
vt 0.266091 0.330935
vt 0.259086 0.333606
vt 0.267277 0.321653
vt 0.274134 0.317856
vt 0.275002 0.306005
vt 0.298179 0.322801
vt 0.301982 0.307037
vt 0.279595 0.305701
vt 0.281173 0.294894
vt 0.271302 0.295438
vt 0.262066 0.304927
vt 0.267726 0.287409
vt 0.299855 0.291180
vt 0.292863 0.297371
vt 0.301912 0.284093
vt 0.275522 0.280024
vt 0.287995 0.289802
vt 0.286845 0.276432
vt 0.270995 0.270570
vt 0.289521 0.307823
vt 0.285807 0.310973
vt 0.277551 0.261823
vt 0.291311 0.258506
vt 0.302526 0.269633
vt 0.297478 0.246156
vt 0.317199 0.268654
vt 0.311385 0.275196
vt 0.316462 0.264686
vt 0.308212 0.295924
vt 0.315357 0.281596
vt 0.272953 0.258420
vt 0.280132 0.247754
vt 0.286432 0.239959
vt 0.265925 0.250826
vt 0.259833 0.245139
vt 0.270613 0.231288
vt 0.286572 0.202241
vt 0.283779 0.181101
vt 0.298564 0.207982
vt 0.253447 0.204658
vt 0.260518 0.187248
vt 0.268689 0.208229
vt 0.299087 0.110634
vt 0.304239 0.101189
vt 0.307413 0.083436
vt 0.310250 0.102941
vt 0.293489 0.098671
vt 0.301353 0.076273
vt 0.275196 0.093034
vt 0.277675 0.076336
vt 0.288209 0.083398
vt 0.308575 0.082062
vt 0.295739 0.073468
vt 0.256695 0.094411
vt 0.277886 0.066192
vt 0.155172 0.374898
vt 0.162118 0.374435
vt 0.160103 0.374324
vt 0.294981 0.068973
vt 0.285908 0.063016
vt 0.288268 0.059081
vt 0.320656 0.092177
vt 0.186247 0.381506
vt 0.185076 0.383541
vt 0.201779 0.381960
vt 0.193323 0.390179
vt 0.198958 0.387571
vt 0.235299 0.509781
vt 0.237058 0.505196
vt 0.239062 0.507038
vt 0.229699 0.517158
vt 0.220258 0.520747
vt 0.221052 0.511263
vt 0.231669 0.507219
vt 0.271719 0.054135
vt 0.284110 0.052978
vt 0.263639 0.053419
vt 0.250311 0.048179
vt 0.260164 0.048463
vt 0.263526 0.040342
vt 0.266466 0.050125
vt 0.273930 0.044053
vt 0.273461 0.050692
vt 0.279091 0.047118
vt 0.281400 0.052803
vt 0.275727 0.063400
vt 0.183339 0.415428
vt 0.181195 0.413690
vt 0.190489 0.413519
vt 0.247049 0.370457
vt 0.226961 0.368002
vt 0.236257 0.366222
vt 0.251925 0.364479
vt 0.254914 0.379501
vt 0.248799 0.375690
vt 0.234703 0.349236
vt 0.215525 0.358710
vt 0.238111 0.328160
vt 0.165154 0.344784
vt 0.249389 0.334548
vt 0.254782 0.318965
vt 0.250597 0.347756
vt 0.207415 0.362905
vt 0.192812 0.358564
vt 0.180360 0.350994
vt 0.219653 0.302307
vt 0.243745 0.300505
vt 0.249583 0.306193
vt 0.261822 0.315880
vt 0.259017 0.341776
vt 0.232463 0.281498
vt 0.248310 0.268568
vt 0.220444 0.270739
vt 0.187800 0.265537
vt 0.240062 0.248369
vt 0.258966 0.262622
vt 0.230027 0.216733
vt 0.235693 0.209352
vt 0.247281 0.236044
vt 0.254667 0.218910
vt 0.240181 0.189931
vt 0.216314 0.214700
vt 0.225331 0.181652
vt 0.207132 0.203057
vt 0.199840 0.194599
vt 0.207481 0.169220
vt 0.192703 0.180992
vt 0.200897 0.160066
vt 0.240767 0.151504
vt 0.265833 0.154003
vt 0.212511 0.150855
vt 0.218912 0.131796
vt 0.210475 0.123463
vt 0.281493 0.104302
vt 0.225690 0.113734
vt 0.201074 0.120388
vt 0.207903 0.116486
vt 0.204830 0.098462
vt 0.252605 0.082407
vt 0.220341 0.099641
vt 0.174822 0.101917
vt 0.212260 0.050012
vt 0.184689 0.075504
vt 0.181765 0.061861
vt 0.147582 0.382192
vt 0.167956 0.389117
vt 0.177854 0.385933
vt 0.204781 0.041713
vt 0.194359 0.035578
vt 0.211197 0.038163
vt 0.126348 0.387678
vt 0.123789 0.390913
vt 0.149110 0.389558
vt 0.196904 0.048977
vt 0.187060 0.040826
vt 0.105972 0.395274
vt 0.120168 0.401363
vt 0.124099 0.332770
vt 0.089505 0.323474
vt 0.128659 0.290221
vt 0.146886 0.265586
vt 0.174145 0.260207
vt 0.174872 0.237926
vt 0.184984 0.235465
vt 0.132154 0.260978
vt 0.146295 0.235278
vt 0.134882 0.236003
vt 0.153076 0.215643
vt 0.137742 0.213093
vt 0.143949 0.211344
vt 0.127654 0.207400
vt 0.182711 0.200259
vt 0.190825 0.203183
vt 0.203985 0.237879
vt 0.138024 0.188487
vt 0.144298 0.177878
vt 0.162308 0.223123
vt 0.183829 0.115985
vt 0.156727 0.150381
vt 0.140856 0.143549
vt 0.143752 0.124997
vt 0.151657 0.119465
vt 0.164619 0.118179
vt 0.147360 0.152253
vt 0.149785 0.111707
vt 0.193664 0.114709
vt 0.160973 0.100790
vt 0.155485 0.103260
vt 0.161276 0.089288
vt 0.131200 0.074278
vt 0.146088 0.061893
vt 0.153513 0.075034
vt 0.169803 0.076678
vt 0.167502 0.058047
vt 0.125332 0.062652
vt 0.134923 0.052840
vt 0.165181 0.035992
vt 0.141271 0.033050
vt 0.145696 0.025903
vt 0.174108 0.031404
vt 0.128203 0.022186
vt 0.153479 0.022707
vt 0.144252 0.015704
vt 0.161620 0.021538
vt 0.355329 0.385764
vt 0.357134 0.382914
vt 0.360655 0.384490
vt 0.115579 0.340395
vt 0.112190 0.333772
vt 0.134372 0.342573
vt 0.070719 0.328513
vt 0.081401 0.326505
vt 0.096012 0.333582
vt 0.043250 0.376924
vt 0.047004 0.373840
vt 0.050662 0.375316
vt 0.056306 0.322153
vt 0.051637 0.313570
vt 0.374063 0.386861
vt 0.389083 0.383275
vt 0.381442 0.385061
vt 0.117912 0.271939
vt 0.122882 0.246187
vt 0.007357 0.204039
vt 0.133749 0.118817
vt 0.087759 0.140696
vt 0.108775 0.133414
vt 0.102135 0.115500
vt 0.116407 0.102128
vt 0.089942 0.107255
vt 0.108897 0.091426
vt 0.114436 0.072287
vt 0.108112 0.065784
vt 0.093257 0.075125
vt 0.102358 0.059815
vt 0.143611 0.095455
vt 0.053108 0.074370
vt 0.087650 0.062948
vt 0.088385 0.037740
vt 0.093272 0.027083
vt 0.086384 0.046460
vt 0.071663 0.048614
vt 0.115120 0.023778
vt 0.101770 0.014828
vt 0.130907 0.017328
vt 0.117158 0.047537
vt 0.066308 0.030466
vt 0.081966 0.023501
vt 0.125999 0.029559
vt 0.031169 0.317369
vt 0.037007 0.313610
vt 0.007142 0.312240
vt 0.005786 0.307192
vt 0.006078 0.299856
vt 0.002299 0.303625
vt 0.001883 0.211609
vt 0.019164 0.155673
vt 0.013686 0.143116
vt 0.020515 0.116223
vt 0.027731 0.109146
vt 0.002961 0.170743
vt 0.005076 0.153537
vt 0.006331 0.157522
vt 0.125292 0.544387
vt 0.125074 0.547148
vt 0.133257 0.534464
vt 0.132561 0.528830
vt 0.137010 0.525285
vt 0.138424 0.518709
vt 0.194576 0.557167
vt 0.181300 0.554417
vt 0.180077 0.557099
vt 0.099866 0.345305
vt 0.101324 0.345166
vt 0.092659 0.356660
vt 0.153047 0.511896
vt 0.153063 0.509937
vt 0.049967 0.059792
vt 0.141440 0.507275
vt 0.150205 0.509440
vt 0.145573 0.502862
vt 0.156828 0.503383
vt 0.147295 0.496022
vt 0.145817 0.499838
vt 0.157737 0.489844
vt 0.153650 0.488808
vt 0.163812 0.484671
vt 0.277088 0.016212
vt 0.275059 0.015829
vt 0.280671 0.014694
vt 0.164340 0.498384
vt 0.168700 0.500097
vt 0.172796 0.497034
vt 0.179340 0.499785
vt 0.178431 0.497078
vt 0.174584 0.494061
vt 0.176767 0.493539
vt 0.172447 0.487921
vt 0.080479 0.491285
vt 0.083481 0.492997
vt 0.069884 0.494894
vt 0.311791 0.008790
vt 0.307356 0.006172
vt 0.294352 0.004617
vt 0.073215 0.471480
vt 0.075773 0.469569
vt 0.078988 0.484296
vt 0.077520 0.466220
vt 0.084658 0.469251
vt 0.083766 0.475873
vt 0.322176 0.009413
vt 0.094494 0.483258
vt 0.102940 0.484826
vt 0.103848 0.488070
vt 0.097349 0.490461
vt 0.060738 0.020720
vt 0.052048 0.020259
vt 0.054537 0.021664
vt 0.100415 0.477751
vt 0.102775 0.476225
vt 0.431168 0.250571
vt 0.393473 0.260372
vt 0.411410 0.237566
vt 0.403046 0.232666
vt 0.416908 0.228929
vt 0.409899 0.221951
vt 0.388500 0.223287
vt 0.401125 0.216824
vt 0.386819 0.240306
vt 0.396248 0.252780
vt 0.391272 0.244750
vt 0.376337 0.256151
vt 0.386246 0.266264
vt 0.378562 0.262244
vt 0.398999 0.208977
vt 0.377675 0.241407
vt 0.347399 0.224422
vt 0.377884 0.262673
vt 0.392900 0.273256
vt 0.401077 0.275553
vt 0.401451 0.277160
vt 0.408382 0.276195
vt 0.428915 0.264421
vt 0.415181 0.273014
vt 0.446006 0.242482
vt 0.385273 0.204380
vt 0.399077 0.194638
vt 0.331374 0.195561
vt 0.311476 0.178426
vt 0.324472 0.165999
vt 0.342324 0.220792
vt 0.316999 0.194282
vt 0.320052 0.132267
vt 0.263259 0.115189
vt 0.309596 0.105690
vt 0.273554 0.092179
vt 0.262629 0.082114
vt 0.275658 0.063530
vt 0.264509 0.107426
vt 0.286329 0.090240
vt 0.295963 0.086677
vt 0.257390 0.113938
vt 0.219033 0.045118
vt 0.266504 0.050424
vt 0.267499 0.057389
vt 0.260999 0.045411
vt 0.259082 0.037792
vt 0.263777 0.043663
vt 0.245930 0.052424
vt 0.234363 0.036713
vt 0.251757 0.036207
vt 0.213801 0.035502
vt 0.224464 0.031511
vt 0.273988 0.049275
vt 0.245286 0.079073
vt 0.158706 0.538483
vt 0.150718 0.541278
vt 0.168323 0.535840
vt 0.183347 0.008469
vt 0.181621 0.010702
vt 0.190445 0.013130
vt 0.146035 0.541475
vt 0.021142 0.398747
vt 0.015147 0.395709
vt 0.026344 0.401242
vt 0.251283 0.433710
vt 0.250276 0.435692
vt 0.247295 0.430228
vt 0.158165 0.519459
vt 0.152505 0.527467
vt 0.162129 0.529953
vt 0.338994 0.038698
vt 0.328353 0.027535
vt 0.335512 0.028891
vt 0.319871 0.036801
vt 0.301415 0.023737
vt 0.328748 0.050583
vt 0.320382 0.051253
vt 0.334473 0.043104
vt 0.287487 0.046294
vt 0.279530 0.041152
vt 0.311825 0.050414
vt 0.307638 0.017206
vt 0.119705 0.005198
vt 0.126345 0.008650
vt 0.135473 0.009723
vt 0.199421 0.002749
vt 0.192935 0.001110
vt 0.201385 0.006650
vt 0.108919 0.007704
vt 0.269792 0.028344
vt 0.265307 0.029803
vt 0.258131 0.018863
vt 0.018581 0.409486
vt 0.013018 0.410741
vt 0.026134 0.413546
vt 0.097572 0.001515
vt 0.104540 0.010962
vt 0.087654 0.015814
vt 0.160092 0.364766
vt 0.158929 0.362595
vt 0.158079 0.362713
vt 0.281458 0.027497
vt 0.278320 0.021973
vt 0.299609 0.029634
vt 0.464793 0.331377
vt 0.458025 0.323300
vt 0.448814 0.331434
vt 0.470530 0.332923
vt 0.464963 0.319301
vt 0.470664 0.316232
vt 0.475992 0.322932
vt 0.489948 0.312663
vt 0.488118 0.321706
vt 0.495480 0.316876
vt 0.462477 0.315234
vt 0.454503 0.311087
vt 0.452620 0.319798
vt 0.486429 0.308125
vt 0.499315 0.311399
vt 0.475450 0.305032
vt 0.443409 0.319921
vt 0.448242 0.299694
vt 0.438144 0.315162
vt 0.470101 0.305631
vt 0.463396 0.304334
vt 0.497972 0.321238
vt 0.493630 0.325872
vt 0.151074 0.357037
vt 0.140103 0.360974
vt 0.150005 0.361245
vt 0.153724 0.359377
vt 0.477465 0.285356
vt 0.475447 0.281063
vt 0.464857 0.290911
vt 0.503733 0.281513
vt 0.492487 0.274057
vt 0.483188 0.282430
vt 0.460120 0.280315
vt 0.505361 0.272855
vt 0.506311 0.267764
vt 0.489015 0.267695
vt 0.499296 0.228213
vt 0.495198 0.236232
vt 0.510740 0.234228
vt 0.500970 0.260646
vt 0.496762 0.255150
vt 0.483341 0.257625
vt 0.514415 0.194865
vt 0.503774 0.201641
vt 0.515123 0.206442
vt 0.508650 0.191364
vt 0.502394 0.194564
vt 0.479329 0.184510
vt 0.474274 0.192105
vt 0.478804 0.193900
vt 0.507485 0.211843
vt 0.503311 0.211534
vt 0.512475 0.222960
vt 0.494217 0.213648
vt 0.488358 0.210241
vt 0.484622 0.217662
vt 0.474828 0.201304
vt 0.465562 0.199614
vt 0.465426 0.186833
vt 0.467839 0.182138
vt 0.476140 0.171093
vt 0.468043 0.178618
vt 0.489704 0.178816
vt 0.522476 0.189987
vt 0.512482 0.180795
vt 0.518575 0.192358
vt 0.520319 0.208925
vt 0.517756 0.217988
vt 0.483912 0.165746
vt 0.479141 0.166013
vt 0.492757 0.166277
vt 0.476305 0.162723
vt 0.473341 0.168802
vt 0.481858 0.161178
vt 0.495521 0.179729
vt 0.377450 0.092162
vt 0.379600 0.094795
vt 0.383664 0.094531
vt 0.387915 0.091821
vt 0.386006 0.094130
vt 0.388507 0.092426
vt 0.050221 0.431639
vt 0.046105 0.428603
vt 0.047889 0.428463
vt 0.486586 0.161916
vt 0.484594 0.160947
vt 0.486258 0.163537
vt 0.056741 0.431077
vt 0.048488 0.430167
vt 0.401651 0.364490
vt 0.398360 0.365651
vt 0.405295 0.366792
vt 0.383838 0.090953
vt 0.465934 0.157014
vt 0.464035 0.152885
vt 0.468109 0.157010
vt 0.498615 0.176169
vt 0.484437 0.171621
vt 0.483749 0.163121
vt 0.477319 0.175835
vt 0.488204 0.177802
vt 0.468434 0.171171
vt 0.477816 0.166579
vt 0.469664 0.176497
vt 0.462697 0.176627
vt 0.464168 0.170530
vt 0.474792 0.185913
vt 0.457328 0.186958
vt 0.449019 0.186899
vt 0.458792 0.177602
vt 0.461453 0.192369
vt 0.471323 0.161381
vt 0.459610 0.167587
vt 0.462726 0.157019
vt 0.455476 0.157034
vt 0.447592 0.180792
vt 0.435722 0.184855
vt 0.435860 0.169684
vt 0.455600 0.208730
vt 0.444323 0.196700
vt 0.435144 0.232438
vt 0.417762 0.218943
vt 0.410828 0.210135
vt 0.475844 0.211628
vt 0.461928 0.225778
vt 0.475263 0.206524
vt 0.429160 0.198550
vt 0.414786 0.195150
vt 0.422286 0.181279
vt 0.422387 0.227953
vt 0.428329 0.317453
vt 0.425203 0.316242
vt 0.420435 0.321488
vt 0.104577 0.419382
vt 0.103456 0.425560
vt 0.109430 0.421639
vt 0.443686 0.296280
vt 0.432956 0.291161
vt 0.434810 0.285436
vt 0.424441 0.294445
vt 0.416543 0.307183
vt 0.415329 0.297628
vt 0.413576 0.305270
vt 0.459679 0.261925
vt 0.452191 0.255268
vt 0.447908 0.260250
vt 0.445766 0.281950
vt 0.442747 0.292048
vt 0.431536 0.243445
vt 0.439522 0.238217
vt 0.424022 0.246832
vt 0.460683 0.227316
vt 0.455658 0.226951
vt 0.446707 0.234238
vt 0.459342 0.250830
vt 0.455616 0.251911
vt 0.466850 0.223510
vt 0.450473 0.201752
vt 0.445342 0.198107
vt 0.443597 0.208678
vt 0.337686 0.403390
vt 0.340717 0.404319
vt 0.347175 0.400852
vt 0.462617 0.188274
vt 0.459750 0.193781
vt 0.467923 0.203916
vt 0.452844 0.204400
vt 0.472148 0.206578
vt 0.457220 0.211555
vt 0.463483 0.174869
vt 0.461091 0.169476
vt 0.459735 0.181515
vt 0.265773 0.395006
vt 0.254770 0.401025
vt 0.269662 0.398769
vt 0.253246 0.392159
vt 0.255856 0.392094
vt 0.257237 0.395038
vt 0.457766 0.186267
vt 0.454193 0.191911
vt 0.453766 0.201412
vt 0.441160 0.194668
vt 0.435640 0.209583
vt 0.449181 0.188387
vt 0.444479 0.182881
vt 0.451842 0.166324
vt 0.439596 0.184066
vt 0.448665 0.178550
vt 0.464743 0.153449
vt 0.463261 0.157995
vt 0.465706 0.159189
vt 0.460867 0.153177
vt 0.460943 0.157744
vt 0.223011 0.397920
vt 0.227094 0.400439
vt 0.227462 0.399032
vt 0.215785 0.399759
vt 0.469917 0.158547
vt 0.466480 0.160304
vt 0.432713 0.134818
vt 0.443412 0.150693
vt 0.445567 0.144527
vt 0.439326 0.130641
vt 0.466661 0.153188
vt 0.434789 0.143342
vt 0.435645 0.135718
vt 0.451143 0.148673
vt 0.425373 0.136366
vt 0.426579 0.127006
vt 0.429948 0.154674
vt 0.444862 0.156833
vt 0.406747 0.137840
vt 0.394207 0.141487
vt 0.391017 0.131902
vt 0.409100 0.148496
vt 0.404575 0.152580
vt 0.420221 0.160540
vt 0.412480 0.161603
vt 0.417295 0.149021
vt 0.424255 0.170861
vt 0.401680 0.161025
vt 0.388066 0.151548
vt 0.380051 0.135747
vt 0.403142 0.170805
vt 0.389780 0.167964
vt 0.400729 0.182187
vt 0.384303 0.183386
vt 0.370081 0.175225
vt 0.383284 0.192525
vt 0.412624 0.173569
vt 0.366375 0.148611
vt 0.359852 0.196693
vt 0.344043 0.155478
vt 0.010132 0.054878
vt 0.007616 0.062183
vt 0.012296 0.062997
vt 0.378561 0.340725
vt 0.376008 0.339644
vt 0.377308 0.348718
vt 0.364557 0.348303
vt 0.370576 0.351924
vt 0.009729 0.072382
vt 0.011476 0.076437
vt 0.014858 0.074935
vt 0.019840 0.047720
vt 0.016722 0.055640
vt 0.022263 0.049881
vt 0.028204 0.057998
vt 0.392778 0.317941
vt 0.383574 0.320400
vt 0.390682 0.322057
vt 0.397142 0.317212
vt 0.397920 0.320501
vt 0.429613 0.057459
vt 0.425623 0.071424
vt 0.421396 0.058721
vt 0.396672 0.292878
vt 0.394300 0.286496
vt 0.390503 0.296165
vt 0.405560 0.275067
vt 0.399567 0.276013
vt 0.384456 0.317293
vt 0.366388 0.325421
vt 0.361037 0.319584
vt 0.356078 0.328752
vt 0.404739 0.258824
vt 0.390454 0.269527
vt 0.386181 0.281611
vt 0.418391 0.239731
vt 0.403258 0.250745
vt 0.413777 0.228742
vt 0.397859 0.240572
vt 0.402514 0.228146
vt 0.391692 0.249152
vt 0.391169 0.242129
vt 0.386000 0.248982
vt 0.388163 0.210427
vt 0.364343 0.232862
vt 0.386729 0.221959
vt 0.401990 0.199561
vt 0.410130 0.208161
vt 0.428691 0.212510
vt 0.426602 0.187802
vt 0.414231 0.190653
vt 0.417000 0.200134
vt 0.390630 0.195573
vt 0.388093 0.190622
vt 0.375960 0.205943
vt 0.407952 0.180842
vt 0.401488 0.189833
vt 0.394538 0.182268
vt 0.389996 0.183443
vt 0.413981 0.168444
vt 0.406793 0.161267
vt 0.402311 0.168302
vt 0.433442 0.172940
vt 0.418729 0.152536
vt 0.401871 0.160980
vt 0.393633 0.157019
vt 0.396419 0.169629
vt 0.387324 0.162372
vt 0.387436 0.174097
vt 0.379219 0.175663
vt 0.446659 0.160458
vt 0.422400 0.136642
vt 0.426290 0.146109
vt 0.407382 0.130144
vt 0.395792 0.133195
vt 0.401194 0.142255
vt 0.375943 0.118550
vt 0.393116 0.143132
vt 0.386748 0.104264
vt 0.397561 0.122772
vt 0.406628 0.113106
vt 0.419486 0.128950
vt 0.385281 0.102416
vt 0.364019 0.097048
vt 0.385378 0.103731
vt 0.393994 0.104925
vt 0.398612 0.108331
vt 0.399014 0.116420
vt 0.383850 0.112695
vt 0.141147 0.374861
vt 0.134512 0.375441
vt 0.144272 0.376310
vt 0.125330 0.375984
vt 0.114084 0.377641
vt 0.130470 0.377689
vt 0.378886 0.105338
vt 0.366606 0.112692
vt 0.369010 0.101083
vt 0.399708 0.126023
vt 0.388581 0.123127
vt 0.415512 0.116109
vt 0.399999 0.106875
vt 0.383824 0.130419
vt 0.375542 0.122116
vt 0.367193 0.130724
vt 0.367139 0.120064
vt 0.351370 0.107667
vt 0.348779 0.098286
vt 0.355909 0.120532
vt 0.333237 0.115482
vt 0.334613 0.135282
vt 0.351582 0.360965
vt 0.346386 0.366997
vt 0.350850 0.372733
vt 0.341969 0.378063
vt 0.333553 0.378810
vt 0.337294 0.386814
vt 0.329118 0.388528
vt 0.364214 0.354064
vt 0.357140 0.345909
vt 0.350739 0.351339
vt 0.350792 0.345207
vt 0.346673 0.339501
vt 0.344335 0.349546
vt 0.358087 0.369931
vt 0.354954 0.373941
vt 0.349667 0.378831
vt 0.346273 0.378490
vt 0.344822 0.334195
vt 0.336361 0.325600
vt 0.335481 0.344113
vt 0.330769 0.316794
vt 0.321106 0.323527
vt 0.329243 0.323352
vt 0.317484 0.335348
vt 0.323581 0.309119
vt 0.352400 0.304331
vt 0.345818 0.296168
vt 0.344944 0.311862
vt 0.360341 0.289208
vt 0.355614 0.275085
vt 0.351753 0.290786
vt 0.326750 0.288453
vt 0.325367 0.272825
vt 0.320175 0.295414
vt 0.364852 0.281056
vt 0.337690 0.293915
vt 0.335229 0.270408
vt 0.353808 0.264385
vt 0.342813 0.272660
vt 0.349266 0.256354
vt 0.340847 0.249949
vt 0.334103 0.258892
vt 0.319294 0.274831
vt 0.315492 0.289389
vt 0.373990 0.245178
vt 0.370687 0.276244
vt 0.363884 0.291259
vt 0.345964 0.228002
vt 0.337286 0.235485
vt 0.334313 0.243931
vt 0.324510 0.239548
vt 0.329646 0.245744
vt 0.338986 0.224971
vt 0.330216 0.224036
vt 0.327770 0.254429
vt 0.356874 0.206384
vt 0.362254 0.189044
vt 0.366557 0.196430
vt 0.339172 0.189544
vt 0.323451 0.168966
vt 0.307682 0.196481
vt 0.306937 0.223504
vt 0.369768 0.164904
vt 0.329189 0.144091
vt 0.378094 0.151690
vt 0.383260 0.192276
vt 0.375874 0.191303
vt 0.372393 0.201692
vt 0.346293 0.125412
vt 0.360615 0.152986
vt 0.357242 0.127464
vt 0.360516 0.123267
vt 0.366218 0.139436
vt 0.354235 0.093491
vt 0.361127 0.108198
vt 0.341130 0.091015
vt 0.346472 0.100953
vt 0.350977 0.087974
vt 0.328817 0.079481
vt 0.318832 0.083547
vt 0.342693 0.083273
vt 0.346609 0.106406
vt 0.336323 0.101115
vt 0.347416 0.109536
vt 0.320178 0.091213
vt 0.320715 0.101506
vt 0.326752 0.103390
vt 0.311221 0.096888
vt 0.372524 0.109478
vt 0.316385 0.079632
vt 0.309453 0.066709
vt 0.317794 0.071016
vt 0.314328 0.085612
vt 0.332142 0.089701
vt 0.303989 0.070284
vt 0.299576 0.060807
vt 0.295413 0.072459
vt 0.295870 0.064834
vt 0.303268 0.078090
vt 0.319971 0.102712
vt 0.310885 0.089652
vt 0.302836 0.062390
vt 0.302940 0.066812
vt 0.308950 0.069381
vt 0.287100 0.068407
vt 0.283746 0.055810
vt 0.320883 0.113838
vt 0.335373 0.104072
vt 0.330787 0.094366
vt 0.178227 0.400147
vt 0.181947 0.403409
vt 0.186149 0.402030
vt 0.263327 0.380479
vt 0.272363 0.381890
vt 0.285375 0.381460
vt 0.261719 0.372291
vt 0.260789 0.376533
vt 0.275546 0.375007
vt 0.303490 0.360345
vt 0.295540 0.364728
vt 0.289164 0.376476
vt 0.317266 0.358060
vt 0.315028 0.355129
vt 0.313398 0.365915
vt 0.314768 0.385473
vt 0.317785 0.392314
vt 0.278717 0.332499
vt 0.275145 0.333601
vt 0.273921 0.345521
vt 0.271093 0.324794
vt 0.263027 0.330430
vt 0.262398 0.337128
vt 0.311515 0.318097
vt 0.303317 0.306583
vt 0.300232 0.331918
vt 0.290431 0.309316
vt 0.285342 0.311686
vt 0.283275 0.324143
vt 0.277498 0.313532
vt 0.269839 0.319104
vt 0.310811 0.344084
vt 0.305300 0.349360
vt 0.269926 0.341321
vt 0.264429 0.351052
vt 0.263057 0.311118
vt 0.261792 0.305252
vt 0.253819 0.323486
vt 0.305008 0.333040
vt 0.270604 0.294295
vt 0.308511 0.279653
vt 0.301450 0.285514
vt 0.298799 0.294723
vt 0.297293 0.277469
vt 0.297084 0.262849
vt 0.287227 0.281671
vt 0.292274 0.298799
vt 0.284772 0.299424
vt 0.279344 0.301005
vt 0.282944 0.248129
vt 0.278596 0.244317
vt 0.277370 0.263569
vt 0.270279 0.232315
vt 0.267627 0.252385
vt 0.296730 0.242401
vt 0.302974 0.248134
vt 0.297685 0.207116
vt 0.287905 0.225393
vt 0.314009 0.258732
vt 0.263782 0.245700
vt 0.254838 0.262859
vt 0.259807 0.274761
vt 0.247473 0.237829
vt 0.285003 0.202284
vt 0.283264 0.177859
vt 0.274048 0.195158
vt 0.300932 0.168341
vt 0.267774 0.210048
vt 0.277858 0.217909
vt 0.302270 0.126933
vt 0.271643 0.150594
vt 0.302752 0.108815
vt 0.296229 0.113130
vt 0.264452 0.104484
vt 0.245438 0.148361
vt 0.289547 0.102024
vt 0.316945 0.163044
vt 0.315362 0.111156
vt 0.304788 0.100618
vt 0.295731 0.086973
vt 0.275051 0.092505
vt 0.288966 0.082698
vt 0.274315 0.078717
vt 0.253171 0.082520
vt 0.256218 0.095363
vt 0.271765 0.058615
vt 0.251153 0.060192
vt 0.264131 0.054210
vt 0.283131 0.056572
vt 0.278842 0.064114
vt 0.287358 0.063378
vt 0.310030 0.085005
vt 0.307701 0.090391
vt 0.246706 0.504121
vt 0.241175 0.509177
vt 0.249250 0.504559
vt 0.296822 0.066793
vt 0.299348 0.071520
vt 0.306381 0.073204
vt 0.236142 0.364936
vt 0.231272 0.369535
vt 0.247460 0.369088
vt 0.248347 0.354767
vt 0.255988 0.344591
vt 0.211738 0.358238
vt 0.174837 0.347618
vt 0.189436 0.354022
vt 0.244808 0.338551
vt 0.240050 0.322333
vt 0.225643 0.361878
vt 0.217691 0.301166
vt 0.258494 0.360417
vt 0.240666 0.296372
vt 0.231827 0.283867
vt 0.221251 0.268186
vt 0.194357 0.257727
vt 0.183398 0.267499
vt 0.252522 0.298939
vt 0.214467 0.211140
vt 0.235181 0.222204
vt 0.241850 0.250123
vt 0.199955 0.235354
vt 0.188182 0.226186
vt 0.185997 0.235935
vt 0.257537 0.220715
vt 0.252994 0.205015
vt 0.235675 0.202867
vt 0.240264 0.191057
vt 0.205032 0.201196
vt 0.197698 0.147514
vt 0.198679 0.196262
vt 0.225701 0.136355
vt 0.210556 0.123156
vt 0.201591 0.122798
vt 0.202083 0.143120
vt 0.237881 0.109850
vt 0.225686 0.114915
vt 0.208137 0.163487
vt 0.194317 0.117238
vt 0.188898 0.119348
vt 0.206278 0.118642
vt 0.195058 0.107814
vt 0.182210 0.103522
vt 0.222795 0.094190
vt 0.210799 0.050313
vt 0.188802 0.071870
vt 0.197740 0.046329
vt 0.185716 0.061152
vt 0.376152 0.031707
vt 0.360192 0.022068
vt 0.393461 0.030479
vt 0.243458 0.052466
vt 0.189723 0.036648
vt 0.185340 0.042547
vt 0.359046 0.036100
vt 0.345596 0.029946
vt 0.162714 0.349169
vt 0.131128 0.334253
vt 0.150982 0.342899
vt 0.123023 0.337096
vt 0.118033 0.341514
vt 0.140637 0.344493
vt 0.148583 0.263714
vt 0.154763 0.217533
vt 0.145075 0.233262
vt 0.176379 0.228853
vt 0.144215 0.211364
vt 0.135394 0.235571
vt 0.126034 0.207517
vt 0.124591 0.243009
vt 0.137039 0.214874
vt 0.184970 0.190803
vt 0.172019 0.228748
vt 0.140418 0.192418
vt 0.161341 0.136070
vt 0.145590 0.152735
vt 0.134180 0.186495
vt 0.190500 0.204106
vt 0.151348 0.119466
vt 0.154430 0.153447
vt 0.145445 0.126602
vt 0.135258 0.118308
vt 0.163664 0.114765
vt 0.156313 0.106319
vt 0.154939 0.100395
vt 0.175504 0.094955
vt 0.164431 0.090450
vt 0.165235 0.064591
vt 0.153336 0.067058
vt 0.150385 0.086033
vt 0.131605 0.074779
vt 0.176351 0.065014
vt 0.165454 0.077820
vt 0.115290 0.116524
vt 0.118203 0.098288
vt 0.143302 0.061484
vt 0.135809 0.054979
vt 0.126602 0.061474
vt 0.157713 0.037506
vt 0.169442 0.030750
vt 0.133247 0.051448
vt 0.130745 0.027508
vt 0.116669 0.048062
vt 0.334495 0.020573
vt 0.395765 0.382495
vt 0.394034 0.385030
vt 0.402420 0.383307
vt 0.342415 0.072242
vt 0.338981 0.074980
vt 0.346527 0.073537
vt 0.109715 0.430909
vt 0.105912 0.433666
vt 0.113483 0.432210
vt 0.174061 0.420792
vt 0.170548 0.423533
vt 0.178330 0.422101
vt 0.073102 0.329442
vt 0.071179 0.332895
vt 0.092188 0.336125
vt 0.087235 0.325865
vt 0.102554 0.331944
vt 0.131460 0.289965
vt 0.117591 0.276998
vt 0.099705 0.117592
vt 0.097212 0.143107
vt 0.095303 0.092494
vt 0.082614 0.121746
vt 0.092388 0.075092
vt 0.073935 0.078279
vt 0.106258 0.062297
vt 0.085660 0.047679
vt 0.087758 0.034462
vt 0.072096 0.049776
vt 0.117126 0.023872
vt 0.107522 0.043570
vt 0.099298 0.031938
vt 0.082471 0.017868
vt 0.073474 0.024330
vt 0.094107 0.022527
vt 0.099752 0.014867
vt 0.065793 0.035103
vt 0.061488 0.043277
vt 0.084855 0.011196
vt 0.055494 0.323683
vt 0.039670 0.324239
vt 0.046799 0.324707
vt 0.037676 0.318357
vt 0.035541 0.321876
vt 0.047218 0.315021
vt 0.076371 0.325704
vt 0.011146 0.306703
vt 0.014986 0.173077
vt 0.001487 0.210149
vt 0.005384 0.303016
vt 0.010920 0.164824
vt 0.005385 0.175697
vt 0.011129 0.144684
vt 0.005537 0.161070
vt 0.008385 0.137756
vt 0.007720 0.146039
vt 0.019505 0.114955
vt 0.015585 0.121745
vt 0.016323 0.139399
vt 0.012602 0.122350
vt 0.011719 0.131111
vt 0.163573 0.558904
vt 0.185028 0.553817
vt 0.179506 0.555812
vt 0.063947 0.492600
vt 0.060536 0.494646
vt 0.058175 0.487992
vt 0.110836 0.369736
vt 0.124469 0.363798
vt 0.129346 0.360589
vt 0.498232 0.318221
vt 0.496647 0.325622
vt 0.318021 0.405276
vt 0.314632 0.404341
vt 0.324236 0.404474
vt 0.320644 0.403654
vt 0.418607 0.272284
vt 0.419881 0.270484
vt 0.454407 0.240099
vt 0.475212 0.214505
vt 0.452394 0.240827
vt 0.284860 0.392173
vt 0.284655 0.390976
vt 0.275993 0.392184
vt 0.202604 0.370224
vt 0.203084 0.369909
vt 0.204674 0.370845
vt 0.520819 0.191452
vt 0.523171 0.187069
vt 0.522026 0.200637
vt 0.208727 0.373443
vt 0.199691 0.376640
vt 0.208275 0.374470
vt 0.073331 0.379066
vt 0.073228 0.379989
vt 0.080347 0.380977
vt 0.091392 0.377850
vt 0.107070 0.372473
vt 0.067286 0.019622
vt 0.068900 0.019133
vt 0.064400 0.022967
vt 0.053748 0.033032
vt 0.059793 0.029057
vt 0.050664 0.035599
vt 0.045432 0.037084
vt 0.035276 0.040943
vt 0.024752 0.043389
vt 0.102405 0.437710
vt 0.103250 0.436983
vt 0.103350 0.447621
vt 0.021188 0.047534
vt 0.030776 0.060046
vt 0.000866 0.203352
vt 0.002317 0.302026
vt 0.003479 0.183001
vt 0.001621 0.169661
vt 0.228226 0.557588
vt 0.209239 0.552766
vt 0.208446 0.553886
vt 0.227103 0.556708
vt 0.209588 0.553680
vt 0.381263 0.418876
vt 0.380058 0.419480
vt 0.385030 0.411483
vt 0.001018 0.052547
vt 0.012372 0.037553
vt 0.015869 0.033565
vt 0.033832 0.010175
vt 0.034393 0.008524
vt 0.180446 0.553799
vt 0.159085 0.557993
vt 0.159748 0.557347
vt 0.275992 0.006690
vt 0.278016 0.007565
vt 0.285058 0.005191
vt 0.085112 0.005246
vt 0.084516 0.004427
vt 0.081925 0.008226
vt 0.077400 0.011595
vt 0.069625 0.013110
vt 0.067729 0.014427
vt 0.044505 0.015245
vt 0.047519 0.015996
vt 0.204705 0.455060
vt 0.193678 0.438807
vt 0.031175 0.018238
vt 0.036942 0.015928
vt 0.181132 0.013884
vt 0.294228 0.050693
vt 0.295051 0.050819
vt 0.302914 0.055655
vt 0.135064 0.410820
vt 0.141705 0.409017
vt 0.184547 0.409244
vt 0.220284 0.405295
vt 0.195613 0.404462
vt 0.255336 0.404462
vt 0.227965 0.403661
vt 0.308106 0.184239
vt 0.339491 0.221602
vt 0.373199 0.257580
vt 0.180504 0.467649
vt 0.182626 0.486850
vt 0.187702 0.488238
vt 0.183092 0.470674
vt 0.318623 0.009112
vt 0.325446 0.013964
vt 0.212369 0.490109
vt 0.183133 0.492247
vt 0.053882 0.009933
vt 0.060498 0.010050
vt 0.052908 0.011225
vt 0.062081 0.008151
vt 0.065904 0.005529
vt 0.071492 0.006115
vt 0.081059 0.002906
vt 0.330866 0.008637
vt 0.332342 0.013061
vt 0.329929 0.011621
vt 0.218859 0.488179
vt 0.177474 0.467540
vt 0.177630 0.463388
vt 0.413879 0.237382
vt 0.403042 0.247169
vt 0.387566 0.228821
vt 0.394629 0.254410
vt 0.398022 0.246529
vt 0.391366 0.248383
vt 0.374398 0.246595
vt 0.384520 0.266398
vt 0.382442 0.254912
vt 0.378257 0.257003
vt 0.383840 0.258629
vt 0.373329 0.257041
vt 0.405797 0.218003
vt 0.402132 0.225586
vt 0.410278 0.224229
vt 0.410692 0.229873
vt 0.378855 0.261945
vt 0.392318 0.272906
vt 0.401783 0.277252
vt 0.410567 0.275377
vt 0.341888 0.218515
vt 0.278808 0.078961
vt 0.287066 0.070486
vt 0.297015 0.083464
vt 0.208843 0.513050
vt 0.215429 0.513056
vt 0.210302 0.515402
vt 0.240645 0.031874
vt 0.258536 0.038411
vt 0.249397 0.032194
vt 0.204657 0.513916
vt 0.204761 0.516467
vt 0.239320 0.027995
vt 0.232198 0.032664
vt 0.229097 0.028247
vt 0.223159 0.030893
vt 0.211364 0.033344
vt 0.217079 0.511828
vt 0.206464 0.517350
vt 0.203006 0.524574
vt 0.065734 0.337066
vt 0.068900 0.340290
vt 0.062468 0.336346
vt 0.197658 0.517260
vt 0.201589 0.518313
vt 0.198505 0.520411
vt 0.193681 0.522494
vt 0.192917 0.518708
vt 0.190032 0.513465
vt 0.197000 0.515072
vt 0.189799 0.516490
vt 0.206535 0.029878
vt 0.183214 0.530089
vt 0.189842 0.529261
vt 0.178748 0.532290
vt 0.170171 0.534995
vt 0.173056 0.537099
vt 0.164996 0.539060
vt 0.369823 0.362877
vt 0.376924 0.364766
vt 0.372772 0.364522
vt 0.365288 0.362642
vt 0.121894 0.409279
vt 0.126633 0.407778
vt 0.117539 0.406699
vt 0.036736 0.334179
vt 0.047058 0.336747
vt 0.039964 0.335366
vt 0.040475 0.331209
vt 0.049837 0.333547
vt 0.165385 0.535468
vt 0.160811 0.537726
vt 0.158315 0.539765
vt 0.156224 0.540061
vt 0.044900 0.331018
vt 0.037982 0.329584
vt 0.032287 0.328805
vt 0.187395 0.368249
vt 0.124328 0.410176
vt 0.110435 0.413320
vt 0.027894 0.326893
vt 0.019943 0.324796
vt 0.165971 0.534219
vt 0.017208 0.325031
vt 0.024124 0.330630
vt 0.020043 0.328710
vt 0.010041 0.325871
vt 0.163066 0.516166
vt 0.158128 0.536231
vt 0.151970 0.539500
vt 0.145188 0.541883
vt 0.140260 0.544329
vt 0.219291 0.498135
vt 0.136630 0.549867
vt 0.179915 0.535829
vt 0.189704 0.533309
vt 0.183175 0.535263
vt 0.138738 0.402315
vt 0.198595 0.028371
vt 0.075760 0.344747
vt 0.067073 0.343326
vt 0.079033 0.348554
vt 0.136366 0.550809
vt 0.133847 0.545394
vt 0.128993 0.553526
vt 0.122653 0.554834
vt 0.142243 0.536714
vt 0.144936 0.538011
vt 0.139930 0.538884
vt 0.146658 0.533349
vt 0.167695 0.513560
vt 0.175475 0.514164
vt 0.175758 0.517834
vt 0.187400 0.520053
vt 0.185402 0.525707
vt 0.187681 0.526576
vt 0.058871 0.335468
vt 0.097544 0.404068
vt 0.098490 0.395454
vt 0.066186 0.392592
vt 0.090236 0.393665
vt 0.104476 0.411486
vt 0.086659 0.405574
vt 0.102338 0.416225
vt 0.068827 0.418657
vt 0.056748 0.346386
vt 0.065106 0.345718
vt 0.054528 0.343611
vt 0.087398 0.425560
vt 0.092150 0.421807
vt 0.077345 0.425118
vt 0.047535 0.341127
vt 0.041839 0.340333
vt 0.048719 0.343791
vt 0.069558 0.422046
vt 0.054823 0.415647
vt 0.069616 0.422124
vt 0.194542 0.022291
vt 0.085625 0.385388
vt 0.059836 0.384080
vt 0.070293 0.382963
vt 0.052426 0.387414
vt 0.018042 0.333624
vt 0.015887 0.331751
vt 0.026752 0.335836
vt 0.037304 0.338176
vt 0.047031 0.345066
vt 0.072254 0.337941
vt 0.077316 0.340961
vt 0.073815 0.340448
vt 0.040062 0.341714
vt 0.045360 0.345758
vt 0.048398 0.347481
vt 0.124112 0.555254
vt 0.106497 0.417711
vt 0.088903 0.005956
vt 0.094200 0.002856
vt 0.090310 0.006666
vt 0.379965 0.395647
vt 0.373125 0.397489
vt 0.380425 0.396315
vt 0.032005 0.390353
vt 0.021029 0.381826
vt 0.189386 0.450966
vt 0.188278 0.453325
vt 0.024682 0.386972
vt 0.027554 0.393028
vt 0.019419 0.385050
vt 0.044417 0.409778
vt 0.030436 0.402219
vt 0.014298 0.379802
vt 0.417454 0.060201
vt 0.413442 0.064355
vt 0.414700 0.064491
vt 0.411630 0.067411
vt 0.161596 0.014787
vt 0.172214 0.015623
vt 0.161481 0.017364
vt 0.409483 0.067098
vt 0.408419 0.069947
vt 0.082191 0.015871
vt 0.100709 0.003833
vt 0.088839 0.016085
vt 0.080203 0.016208
vt 0.385030 0.393520
vt 0.378886 0.394721
vt 0.383913 0.395346
vt 0.185435 0.456983
vt 0.187973 0.452479
vt 0.192463 0.443437
vt 0.187774 0.448806
vt 0.192971 0.438842
vt 0.187886 0.445138
vt 0.407146 0.064083
vt 0.403987 0.065587
vt 0.401639 0.073255
vt 0.401675 0.080372
vt 0.405381 0.076582
vt 0.162333 0.009092
vt 0.171890 0.010560
vt 0.473953 0.323551
vt 0.468585 0.315294
vt 0.490159 0.315896
vt 0.453327 0.320178
vt 0.469041 0.305637
vt 0.472488 0.346718
vt 0.442126 0.345648
vt 0.480458 0.280638
vt 0.475263 0.278979
vt 0.481206 0.273005
vt 0.353343 0.071275
vt 0.483613 0.269046
vt 0.462344 0.273030
vt 0.458707 0.268651
vt 0.482598 0.261229
vt 0.461275 0.265902
vt 0.459041 0.277605
vt 0.442340 0.270014
vt 0.150783 0.407322
vt 0.158535 0.407299
vt 0.162118 0.404961
vt 0.453702 0.265713
vt 0.471657 0.257465
vt 0.505705 0.277316
vt 0.472417 0.236701
vt 0.464542 0.241877
vt 0.467673 0.240252
vt 0.510512 0.232737
vt 0.500093 0.251717
vt 0.486671 0.233778
vt 0.478809 0.227053
vt 0.037430 0.358247
vt 0.026230 0.365278
vt 0.033709 0.354244
vt 0.022340 0.365770
vt 0.021020 0.357881
vt 0.349600 0.388879
vt 0.031054 0.365682
vt 0.465684 0.230540
vt 0.469197 0.227589
vt 0.468158 0.230582
vt 0.471075 0.218709
vt 0.475731 0.215743
vt 0.472640 0.222197
vt 0.515415 0.214275
vt 0.513820 0.234586
vt 0.511762 0.214726
vt 0.518007 0.219021
vt 0.508435 0.254026
vt 0.504238 0.202694
vt 0.491656 0.202246
vt 0.180030 0.438676
vt 0.182383 0.442725
vt 0.179862 0.443798
vt 0.472705 0.211955
vt 0.480750 0.207261
vt 0.487369 0.193576
vt 0.484381 0.200343
vt 0.481167 0.197210
vt 0.477906 0.206835
vt 0.470971 0.200440
vt 0.512503 0.193646
vt 0.514153 0.188429
vt 0.517485 0.195465
vt 0.507329 0.188089
vt 0.484727 0.187237
vt 0.489016 0.184629
vt 0.494439 0.182856
vt 0.209842 0.425560
vt 0.218859 0.419637
vt 0.214154 0.420125
vt 0.467634 0.210928
vt 0.474644 0.207469
vt 0.470822 0.185007
vt 0.466467 0.182041
vt 0.471856 0.180162
vt 0.470958 0.176181
vt 0.503945 0.183548
vt 0.486751 0.164117
vt 0.488213 0.160893
vt 0.475246 0.162264
vt 0.486130 0.160659
vt 0.489650 0.160874
vt 0.464063 0.378001
vt 0.010132 0.441772
vt 0.460542 0.377786
vt 0.384399 0.369028
vt 0.382943 0.370754
vt 0.474781 0.158703
vt 0.470087 0.158978
vt 0.379226 0.370439
vt 0.539043 0.158805
vt 0.509321 0.165857
vt 0.157365 0.443798
vt 0.159188 0.442237
vt 0.154330 0.442883
vt 0.486261 0.167141
vt 0.239856 0.024318
vt 0.240612 0.022598
vt 0.243177 0.022568
vt 0.203409 0.019865
vt 0.208727 0.020265
vt 0.205350 0.019543
vt 0.493187 0.172340
vt 0.202500 0.412669
vt 0.154011 0.441936
vt 0.154494 0.443540
vt 0.156964 0.440492
vt 0.056741 0.355291
vt 0.056312 0.356660
vt 0.053702 0.354998
vt 0.314684 0.013175
vt 0.310264 0.013162
vt 0.313574 0.013549
vt 0.484852 0.165274
vt 0.485037 0.167382
vt 0.477638 0.160803
vt 0.477029 0.158373
vt 0.130269 0.441037
vt 0.173682 0.374272
vt 0.172827 0.372598
vt 0.174277 0.372753
vt 0.475391 0.163733
vt 0.475734 0.170075
vt 0.496838 0.172948
vt 0.498074 0.165229
vt 0.487178 0.177667
vt 0.465629 0.176848
vt 0.480395 0.186900
vt 0.463044 0.175575
vt 0.455090 0.168989
vt 0.491986 0.184673
vt 0.445368 0.164665
vt 0.457422 0.186254
vt 0.464801 0.214379
vt 0.470975 0.189159
vt 0.460177 0.153981
vt 0.430935 0.162220
vt 0.487349 0.195771
vt 0.418857 0.211085
vt 0.417766 0.217456
vt 0.422189 0.214371
vt 0.416046 0.196792
vt 0.407113 0.213286
vt 0.419845 0.221327
vt 0.418208 0.227987
vt 0.422889 0.181699
vt 0.411038 0.218129
vt 0.421935 0.360320
vt 0.071858 0.374273
vt 0.072953 0.374808
vt 0.070827 0.377176
vt 0.044269 0.423085
vt 0.049755 0.421949
vt 0.045501 0.424729
vt 0.042490 0.427586
vt 0.431310 0.326509
vt 0.068916 0.377152
vt 0.041501 0.425736
vt 0.424680 0.393313
vt 0.429613 0.391497
vt 0.427662 0.394233
vt 0.411359 0.322805
vt 0.406589 0.317213
vt 0.422809 0.316938
vt 0.407398 0.314526
vt 0.408897 0.315405
vt 0.409682 0.310808
vt 0.411258 0.317288
vt 0.434407 0.342968
vt 0.429498 0.339346
vt 0.428074 0.358358
vt 0.422411 0.327311
vt 0.425075 0.332001
vt 0.050191 0.424116
vt 0.401149 0.332645
vt 0.391220 0.334217
vt 0.399161 0.323033
vt 0.111957 0.363207
vt 0.098923 0.356285
vt 0.413735 0.299282
vt 0.412692 0.304592
vt 0.023771 0.424044
vt 0.032424 0.423795
vt 0.023046 0.429613
vt 0.425403 0.293728
vt 0.437449 0.293403
vt 0.417769 0.289778
vt 0.087949 0.362985
vt 0.084113 0.362639
vt 0.088241 0.360303
vt 0.092719 0.368975
vt 0.087231 0.365719
vt 0.092208 0.363419
vt 0.424957 0.282028
vt 0.078388 0.363407
vt 0.075537 0.362190
vt 0.078830 0.360688
vt 0.080702 0.365067
vt 0.072346 0.364065
vt 0.069251 0.359388
vt 0.073599 0.360485
vt 0.083845 0.372837
vt 0.081260 0.370871
vt 0.089206 0.370868
vt 0.414909 0.293533
vt 0.418212 0.289510
vt 0.416842 0.292677
vt 0.080240 0.372433
vt 0.435899 0.271215
vt 0.076456 0.371932
vt 0.072748 0.369059
vt 0.072691 0.371330
vt 0.417408 0.286600
vt 0.424020 0.279368
vt 0.421463 0.285904
vt 0.068983 0.370423
vt 0.430810 0.271090
vt 0.427896 0.278356
vt 0.412981 0.283530
vt 0.420400 0.275586
vt 0.390522 0.346776
vt 0.095494 0.371744
vt 0.099044 0.371837
vt 0.411708 0.297327
vt 0.413870 0.296719
vt 0.411847 0.292398
vt 0.408583 0.281858
vt 0.416726 0.271075
vt 0.413917 0.269520
vt 0.401763 0.273262
vt 0.423434 0.267221
vt 0.427805 0.268011
vt 0.436661 0.263939
vt 0.434577 0.268885
vt 0.448233 0.260081
vt 0.444081 0.263196
vt 0.434827 0.261087
vt 0.441885 0.254142
vt 0.430901 0.258853
vt 0.438287 0.252428
vt 0.424216 0.262246
vt 0.430865 0.254303
vt 0.042476 0.371560
vt 0.039277 0.370604
vt 0.044467 0.369300
vt 0.038044 0.366931
vt 0.447051 0.249002
vt 0.445453 0.254838
vt 0.446422 0.244659
vt 0.442184 0.243906
vt 0.034010 0.368823
vt 0.422140 0.249236
vt 0.428463 0.247433
vt 0.427549 0.244678
vt 0.450559 0.238517
vt 0.455061 0.237000
vt 0.452555 0.242059
vt 0.438641 0.239816
vt 0.422178 0.244575
vt 0.427918 0.239707
vt 0.116538 0.371995
vt 0.115210 0.370797
vt 0.117536 0.369878
vt 0.111641 0.372413
vt 0.444455 0.234877
vt 0.458714 0.234677
vt 0.426261 0.237704
vt 0.428235 0.235006
vt 0.431639 0.386444
vt 0.426263 0.386943
vt 0.431438 0.384865
vt 0.421333 0.245319
vt 0.422196 0.242726
vt 0.461304 0.227609
vt 0.446029 0.257612
vt 0.058670 0.370099
vt 0.053252 0.371419
vt 0.048780 0.370212
vt 0.058274 0.372614
vt 0.410685 0.259072
vt 0.407905 0.263267
vt 0.417139 0.252540
vt 0.367625 0.370256
vt 0.363066 0.370180
vt 0.369154 0.369001
vt 0.022291 0.040221
vt 0.017284 0.040530
vt 0.022003 0.038681
vt 0.416288 0.252876
vt 0.418985 0.247281
vt 0.419722 0.256988
vt 0.426842 0.247743
vt 0.430756 0.245003
vt 0.435217 0.239471
vt 0.429821 0.246233
vt 0.462064 0.233930
vt 0.464727 0.233935
vt 0.459172 0.239674
vt 0.044594 0.362927
vt 0.040752 0.357790
vt 0.046072 0.360218
vt 0.458420 0.212974
vt 0.445658 0.216713
vt 0.447126 0.209520
vt 0.021412 0.322210
vt 0.019823 0.321508
vt 0.022291 0.321660
vt 0.453365 0.202227
vt 0.458805 0.196864
vt 0.346112 0.013413
vt 0.344493 0.012210
vt 0.350580 0.014185
vt 0.450659 0.205404
vt 0.455380 0.197372
vt 0.458566 0.192514
vt 0.008106 0.077006
vt 0.001618 0.075697
vt 0.005103 0.075634
vt 0.137800 0.002026
vt 0.129813 0.001867
vt 0.132742 0.001589
vt 0.455116 0.208951
vt 0.461058 0.188372
vt 0.222248 0.374898
vt 0.218495 0.373433
vt 0.226965 0.374051
vt 0.458296 0.201001
vt 0.458694 0.196881
vt 0.457841 0.201943
vt 0.232354 0.002713
vt 0.236435 0.001576
vt 0.462503 0.214870
vt 0.437158 0.236927
vt 0.432344 0.239787
vt 0.439867 0.232652
vt 0.457500 0.192940
vt 0.457568 0.198965
vt 0.245328 0.005955
vt 0.239851 0.004405
vt 0.237756 0.009313
vt 0.227490 0.003309
vt 0.231165 0.001255
vt 0.463776 0.183270
vt 0.465292 0.187798
vt 0.463333 0.200161
vt 0.469738 0.206346
vt 0.112245 0.436678
vt 0.230943 0.007854
vt 0.237225 0.005189
vt 0.458359 0.181217
vt 0.231444 0.002811
vt 0.456778 0.174327
vt 0.458854 0.172852
vt 0.460781 0.180610
vt 0.451096 0.175277
vt 0.466947 0.172578
vt 0.469049 0.172613
vt 0.271548 0.004193
vt 0.139299 0.371375
vt 0.136836 0.365393
vt 0.464604 0.162121
vt 0.129396 0.365453
vt 0.135382 0.364130
vt 0.134219 0.372872
vt 0.132677 0.370081
vt 0.223369 0.004722
vt 0.243394 0.008586
vt 0.246604 0.007996
vt 0.243622 0.005689
vt 0.446314 0.152337
vt 0.460426 0.159876
vt 0.099242 0.351192
vt 0.099005 0.352607
vt 0.101324 0.351170
vt 0.467906 0.157679
vt 0.457732 0.157631
vt 0.455825 0.149875
vt 0.454539 0.144595
vt 0.462202 0.149817
vt 0.062821 0.374729
vt 0.055366 0.376277
vt 0.062173 0.380977
vt 0.451774 0.139087
vt 0.448163 0.133554
vt 0.446636 0.132526
vt 0.449699 0.140877
vt 0.166844 0.368819
vt 0.168197 0.368358
vt 0.160556 0.368791
vt 0.441323 0.127393
vt 0.121497 0.369253
vt 0.126619 0.370583
vt 0.428878 0.125665
vt 0.429567 0.156221
vt 0.399176 0.125996
vt 0.408258 0.152092
vt 0.393966 0.142243
vt 0.390593 0.153271
vt 0.380915 0.135131
vt 0.398812 0.193654
vt 0.401088 0.038295
vt 0.393918 0.041714
vt 0.398535 0.037481
vt 0.390815 0.329832
vt 0.393432 0.327802
vt 0.403157 0.049196
vt 0.398549 0.046113
vt 0.402874 0.040517
vt 0.380988 0.353399
vt 0.377364 0.351735
vt 0.382397 0.349745
vt 0.355726 0.054483
vt 0.367980 0.050067
vt 0.396305 0.051943
vt 0.403287 0.054190
vt 0.411546 0.052982
vt 0.404729 0.061705
vt 0.413715 0.057383
vt 0.377302 0.340555
vt 0.390115 0.042682
vt 0.390360 0.054262
vt 0.401185 0.060427
vt 0.392107 0.060363
vt 0.395900 0.062821
vt 0.388906 0.057614
vt 0.417774 0.046609
vt 0.388695 0.320520
vt 0.388312 0.324246
vt 0.384698 0.326639
vt 0.393658 0.339184
vt 0.394246 0.335784
vt 0.400532 0.337360
vt 0.392079 0.339085
vt 0.389128 0.338786
vt 0.407724 0.039096
vt 0.406262 0.036655
vt 0.415420 0.049117
vt 0.417454 0.051837
vt 0.385499 0.355070
vt 0.387822 0.353484
vt 0.355567 0.047472
vt 0.349871 0.051350
vt 0.352970 0.056448
vt 0.356608 0.056741
vt 0.376468 0.319755
vt 0.378610 0.323435
vt 0.393275 0.320031
vt 0.429613 0.030087
vt 0.429188 0.037547
vt 0.425358 0.029137
vt 0.394912 0.313977
vt 0.399374 0.311064
vt 0.398919 0.314414
vt 0.404799 0.308709
vt 0.402301 0.306473
vt 0.389478 0.301957
vt 0.375405 0.309320
vt 0.379270 0.303692
vt 0.386865 0.306130
vt 0.387171 0.300869
vt 0.372996 0.308391
vt 0.391866 0.297581
vt 0.038503 0.344501
vt 0.034145 0.341463
vt 0.037424 0.341262
vt 0.382233 0.304685
vt 0.267272 0.385589
vt 0.265061 0.384888
vt 0.268423 0.384389
vt 0.269521 0.388113
vt 0.392880 0.284811
vt 0.395677 0.280308
vt 0.388040 0.297985
vt 0.390314 0.297585
vt 0.410613 0.342474
vt 0.413508 0.342195
vt 0.413524 0.339470
vt 0.383038 0.320787
vt 0.083087 0.358686
vt 0.087138 0.358163
vt 0.084667 0.357839
vt 0.372668 0.311698
vt 0.032406 0.336139
vt 0.030530 0.338421
vt 0.032424 0.337961
vt 0.394018 0.285175
vt 0.391741 0.287135
vt 0.253458 0.388170
vt 0.248919 0.388161
vt 0.252232 0.386932
vt 0.397468 0.277260
vt 0.399022 0.274437
vt 0.405387 0.294562
vt 0.405568 0.305496
vt 0.074463 0.010132
vt 0.077006 0.009237
vt 0.075992 0.007015
vt 0.400918 0.284391
vt 0.402377 0.281990
vt 0.395622 0.291028
vt 0.364766 0.072953
vt 0.360920 0.072642
vt 0.363955 0.072166
vt 0.392890 0.285674
vt 0.397095 0.285506
vt 0.379890 0.294700
vt 0.407349 0.275288
vt 0.404051 0.280546
vt 0.403491 0.274706
vt 0.403117 0.264568
vt 0.410410 0.271973
vt 0.413180 0.267530
vt 0.291643 0.002026
vt 0.288918 0.001398
vt 0.293839 0.001079
vt 0.415909 0.264766
vt 0.418053 0.261691
vt 0.014185 0.366792
vt 0.009985 0.366503
vt 0.013076 0.365789
vt 0.411378 0.262818
vt 0.376940 0.270065
vt 0.422330 0.255888
vt 0.416123 0.262659
vt 0.420954 0.257322
vt 0.381992 0.263566
vt 0.425245 0.366792
vt 0.421097 0.366612
vt 0.423810 0.365435
vt 0.420224 0.253938
vt 0.408566 0.251457
vt 0.417183 0.246612
vt 0.402972 0.252665
vt 0.397878 0.259871
vt 0.399253 0.253224
vt 0.378236 0.258566
vt 0.402977 0.268662
vt 0.405657 0.265163
vt 0.352607 0.001573
vt 0.346078 0.002026
vt 0.349915 0.001326
vt 0.366746 0.044582
vt 0.361810 0.044565
vt 0.366792 0.043802
vt 0.366619 0.284589
vt 0.376358 0.263906
vt 0.371806 0.272848
vt 0.379258 0.253314
vt 0.399811 0.245653
vt 0.407473 0.246290
vt 0.425838 0.248695
vt 0.424468 0.253175
vt 0.424927 0.243705
vt 0.418694 0.365928
vt 0.426756 0.250772
vt 0.411509 0.257543
vt 0.371685 0.370504
vt 0.410845 0.239266
vt 0.415584 0.236291
vt 0.416159 0.241408
vt 0.423457 0.227035
vt 0.423342 0.237389
vt 0.415573 0.229327
vt 0.419861 0.223903
vt 0.427416 0.214222
vt 0.422964 0.211668
vt 0.376314 0.222009
vt 0.392350 0.154433
vt 0.424257 0.144504
vt 0.407124 0.129783
vt 0.396415 0.134586
vt 0.399852 0.123698
vt 0.391978 0.128640
vt 0.378576 0.119351
vt 0.373071 0.121478
vt 0.392508 0.110564
vt 0.388350 0.105365
vt 0.382619 0.100117
vt 0.372147 0.096244
vt 0.470142 0.372872
vt 0.364032 0.365889
vt 0.467049 0.372423
vt 0.399194 0.106411
vt 0.370593 0.097898
vt 0.371852 0.099958
vt 0.363943 0.093855
vt 0.361583 0.097115
vt 0.362220 0.095294
vt 0.352461 0.094038
vt 0.346594 0.094172
vt 0.227261 0.413564
vt 0.232722 0.414961
vt 0.222253 0.414741
vt 0.360152 0.359405
vt 0.362909 0.360367
vt 0.354190 0.368624
vt 0.334719 0.388562
vt 0.324054 0.383737
vt 0.335386 0.379784
vt 0.334503 0.360258
vt 0.330968 0.360534
vt 0.323626 0.357112
vt 0.332260 0.347845
vt 0.351500 0.050557
vt 0.364498 0.360399
vt 0.328710 0.391474
vt 0.317419 0.385627
vt 0.322066 0.350635
vt 0.318160 0.356715
vt 0.341816 0.339846
vt 0.365921 0.356525
vt 0.164585 0.415428
vt 0.171059 0.414881
vt 0.163790 0.414320
vt 0.323837 0.321486
vt 0.314516 0.339706
vt 0.309494 0.303651
vt 0.350842 0.292774
vt 0.176403 0.415272
vt 0.178330 0.415104
vt 0.167942 0.412588
vt 0.337113 0.294318
vt 0.345602 0.292765
vt 0.333278 0.248561
vt 0.364590 0.279178
vt 0.338834 0.236714
vt 0.330832 0.245456
vt 0.370684 0.220759
vt 0.348257 0.226004
vt 0.355686 0.219526
vt 0.364029 0.209032
vt 0.371497 0.204809
vt 0.366802 0.196908
vt 0.339445 0.117905
vt 0.345950 0.109393
vt 0.335483 0.098994
vt 0.329655 0.092782
vt 0.342316 0.091710
vt 0.324512 0.090991
vt 0.311435 0.086403
vt 0.331050 0.079518
vt 0.366243 0.407471
vt 0.366190 0.409288
vt 0.370845 0.409348
vt 0.317148 0.086068
vt 0.327209 0.083593
vt 0.348684 0.083723
vt 0.311716 0.081204
vt 0.310170 0.082222
vt 0.304658 0.077618
vt 0.307429 0.070276
vt 0.303611 0.074168
vt 0.325053 0.073922
vt 0.335869 0.078368
vt 0.023283 0.380690
vt 0.028371 0.380977
vt 0.021416 0.379585
vt 0.338972 0.079995
vt 0.282742 0.398419
vt 0.287455 0.399216
vt 0.280913 0.396291
vt 0.319421 0.081873
vt 0.332665 0.084584
vt 0.324011 0.079197
vt 0.315072 0.072659
vt 0.274023 0.395974
vt 0.275853 0.394654
vt 0.331024 0.086916
vt 0.318849 0.084543
vt 0.306417 0.069130
vt 0.310720 0.066724
vt 0.304371 0.064137
vt 0.304838 0.062980
vt 0.307285 0.074664
vt 0.280262 0.407322
vt 0.283772 0.407017
vt 0.278669 0.406336
vt 0.311387 0.070678
vt 0.312074 0.074348
vt 0.303146 0.064506
vt 0.302029 0.067127
vt 0.293160 0.055425
vt 0.343955 0.091574
vt 0.315041 0.388492
vt 0.301982 0.388491
vt 0.290344 0.387136
vt 0.298278 0.384225
vt 0.018885 0.006079
vt 0.091191 0.374557
vt 0.312845 0.368958
vt 0.303170 0.382185
vt 0.278151 0.385043
vt 0.283668 0.380726
vt 0.395163 0.067475
vt 0.388561 0.065533
vt 0.294719 0.371510
vt 0.288560 0.358557
vt 0.258668 0.362366
vt 0.274178 0.360768
vt 0.263285 0.372859
vt 0.282037 0.360328
vt 0.313911 0.361341
vt 0.293065 0.342663
vt 0.293655 0.348569
vt 0.271652 0.348785
vt 0.263361 0.352992
vt 0.266721 0.348550
vt 0.299988 0.339379
vt 0.302475 0.328490
vt 0.278842 0.330344
vt 0.278716 0.340616
vt 0.287972 0.316763
vt 0.282392 0.319736
vt 0.283125 0.297631
vt 0.297855 0.298222
vt 0.305134 0.284733
vt 0.307435 0.278948
vt 0.295782 0.281313
vt 0.293837 0.300014
vt 0.257518 0.292584
vt 0.303154 0.223537
vt 0.289313 0.223516
vt 0.277480 0.219754
vt 0.274928 0.192607
vt 0.262685 0.141027
vt 0.264299 0.103021
vt 0.269193 0.061335
vt 0.247291 0.061151
vt 0.294015 0.065027
vt 0.302518 0.076723
vt 0.352484 0.408105
vt 0.358133 0.406250
vt 0.351157 0.407435
vt 0.316804 0.087545
vt 0.291485 0.059252
vt 0.295485 0.061242
vt 0.237445 0.385160
vt 0.243545 0.383901
vt 0.236774 0.387057
vt 0.204711 0.383533
vt 0.209352 0.380715
vt 0.272630 0.049939
vt 0.197803 0.387272
vt 0.002708 0.081093
vt 0.006079 0.083086
vt 0.001339 0.081572
vt 0.243254 0.503797
vt 0.250883 0.501482
vt 0.246622 0.502991
vt 0.224302 0.520210
vt 0.016589 0.019330
vt 0.020265 0.015995
vt 0.017972 0.020265
vt 0.435680 0.366445
vt 0.439745 0.368819
vt 0.434216 0.367361
vt 0.189720 0.392941
vt 0.181676 0.394436
vt 0.285797 0.049960
vt 0.280779 0.046844
vt 0.211563 0.519240
vt 0.329958 0.002419
vt 0.332342 0.004053
vt 0.326189 0.002641
vt 0.209244 0.525096
vt 0.215720 0.524633
vt 0.206241 0.528595
vt 0.415839 0.346527
vt 0.413009 0.345329
vt 0.419480 0.343706
vt 0.244057 0.377548
vt 0.234763 0.375206
vt 0.226287 0.370890
vt 0.200952 0.367341
vt 0.198521 0.365056
vt 0.210046 0.365725
vt 0.206644 0.367713
vt 0.210832 0.370123
vt 0.250773 0.352576
vt 0.191878 0.227896
vt 0.195069 0.203251
vt 0.198856 0.140476
vt 0.236835 0.110379
vt 0.247452 0.052335
vt 0.229294 0.046012
vt 0.244361 0.041783
vt 0.257130 0.044761
vt 0.229672 0.041824
vt 0.220242 0.037808
vt 0.211310 0.034868
vt 0.168809 0.397516
vt 0.132841 0.385217
vt 0.138329 0.382721
vt 0.154516 0.400317
vt 0.117665 0.383364
vt 0.167342 0.401001
vt 0.174377 0.398518
vt 0.197185 0.031804
vt 0.112599 0.384543
vt 0.145978 0.405463
vt 0.195146 0.527827
vt 0.196942 0.531539
vt 0.199238 0.530887
vt 0.173503 0.353617
vt 0.175992 0.357974
vt 0.166239 0.356387
vt 0.155522 0.346084
vt 0.146491 0.349227
vt 0.154120 0.353442
vt 0.146833 0.353529
vt 0.186494 0.362077
vt 0.186814 0.364283
vt 0.004847 0.010132
vt 0.002138 0.008406
vt 0.006079 0.007636
vt 0.385079 0.386751
vt 0.128029 0.345836
vt 0.131610 0.349850
vt 0.165734 0.087874
vt 0.178002 0.023828
vt 0.185637 0.026494
vt 0.176077 0.026895
vt 0.137850 0.014098
vt 0.097989 0.386295
vt 0.102282 0.387492
vt 0.191881 0.029164
vt 0.369813 0.381850
vt 0.152141 0.009024
vt 0.156039 0.010540
vt 0.148389 0.012159
vt 0.143213 0.010624
vt 0.093784 0.336172
vt 0.095235 0.340542
vt 0.083937 0.337719
vt 0.403716 0.016212
vt 0.400077 0.014623
vt 0.411375 0.014578
vt 0.068073 0.331363
vt 0.052764 0.002924
vt 0.056741 0.004471
vt 0.048873 0.006079
vt 0.043530 0.004532
vt 0.369376 0.385212
vt 0.378933 0.380890
vt 0.062208 0.042084
vt 0.068989 0.026183
vt 0.074715 0.021924
vt 0.151477 0.419480
vt 0.157430 0.418550
vt 0.155542 0.419315
vt 0.074788 0.020541
vt 0.273702 0.400093
vt 0.277627 0.401669
vt 0.269833 0.403269
vt 0.264355 0.401717
vt 0.046415 0.328114
vt 0.044846 0.325914
vt 0.046649 0.324654
vt 0.035407 0.325353
vt 0.032705 0.322864
vt 0.024534 0.319953
vt 0.024809 0.322276
vt 0.039623 0.375320
vt 0.012406 0.316901
vt 0.006013 0.316397
vt 0.002877 0.312419
vt 0.011050 0.165181
vt 0.010253 0.138448
vt 0.012871 0.136853
vt 0.017849 0.115863
vt 0.211107 0.559135
vt 0.228075 0.562014
vt 0.203013 0.558914
vt 0.023038 0.102541
vt 0.025430 0.100470
vt 0.022482 0.108720
vt 0.192413 0.559054
vt 0.187389 0.560119
vt 0.195671 0.562063
vt 0.186203 0.562108
vt 0.192823 0.563560
vt 0.027037 0.092694
vt 0.030799 0.084187
vt 0.029477 0.093574
vt 0.034692 0.081986
vt 0.180595 0.560783
vt 0.175871 0.561891
vt 0.182977 0.563519
vt 0.125538 0.540921
vt 0.041679 0.072539
vt 0.031442 0.096347
vt 0.035169 0.073236
vt 0.130866 0.529088
vt 0.127519 0.534722
vt 0.174961 0.559823
vt 0.170425 0.560856
vt 0.038496 0.067405
vt 0.166291 0.562081
vt 0.174470 0.563638
vt 0.134678 0.519694
vt 0.131555 0.524551
vt 0.041775 0.064779
vt 0.166037 0.560403
vt 0.161929 0.561279
vt 0.157341 0.562029
vt 0.163519 0.563473
vt 0.201130 0.563062
vt 0.194024 0.554824
vt 0.138034 0.511430
vt 0.139633 0.506318
vt 0.137346 0.510378
vt 0.042764 0.058746
vt 0.045589 0.058325
vt 0.050719 0.051996
vt 0.051023 0.046583
vt 0.055197 0.045800
vt 0.142713 0.500512
vt 0.152926 0.503476
vt 0.055619 0.039754
vt 0.058436 0.039381
vt 0.147851 0.493190
vt 0.153760 0.497588
vt 0.157284 0.484269
vt 0.152173 0.487222
vt 0.162448 0.493996
vt 0.158722 0.499768
vt 0.160567 0.501633
vt 0.168721 0.492364
vt 0.165637 0.490106
vt 0.285655 0.010980
vt 0.175172 0.479885
vt 0.170249 0.478332
vt 0.171611 0.501816
vt 0.293088 0.004016
vt 0.177992 0.501319
vt 0.152191 0.560603
vt 0.146386 0.560339
vt 0.150287 0.561828
vt 0.025888 0.347151
vt 0.023685 0.349986
vt 0.030397 0.350478
vt 0.023612 0.344689
vt 0.023276 0.346655
vt 0.277711 0.007127
vt 0.275263 0.011309
vt 0.177487 0.481267
vt 0.174429 0.469589
vt 0.164539 0.474877
vt 0.065335 0.029248
vt 0.072280 0.486398
vt 0.067811 0.487242
vt 0.070629 0.477845
vt 0.067160 0.478636
vt 0.066278 0.493508
vt 0.077736 0.487972
vt 0.068697 0.468545
vt 0.072559 0.464803
vt 0.068595 0.462656
vt 0.085415 0.486950
vt 0.316614 0.004847
vt 0.300576 0.004145
vt 0.079140 0.461298
vt 0.074206 0.459276
vt 0.084920 0.494376
vt 0.089303 0.451930
vt 0.330255 0.010977
vt 0.323165 0.006513
vt 0.059672 0.480296
vt 0.065612 0.471501
vt 0.062087 0.483591
vt 0.068900 0.016289
vt 0.309591 0.002609
vt 0.316960 0.002592
vt 0.328265 0.007419
vt 0.332213 0.011484
vt 0.330270 0.007818
vt 0.082210 0.447522
vt 0.081919 0.441304
vt 0.076058 0.455231
vt 0.073538 0.455365
vt 0.064502 0.466962
vt 0.066632 0.459728
vt 0.375256 0.226267
vt 0.372422 0.185559
vt 0.371577 0.197099
vt 0.373091 0.207206
vt 0.353700 0.219134
vt 0.290611 0.080967
vt 0.286249 0.102805
vt 0.249699 0.030980
vt 0.210473 0.515290
vt 0.215087 0.513166
vt 0.208605 0.512178
vt 0.204689 0.519421
vt 0.202944 0.515492
vt 0.236946 0.031330
vt 0.244822 0.030408
vt 0.240340 0.028218
vt 0.243175 0.027609
vt 0.261779 0.038193
vt 0.265871 0.041065
vt 0.218332 0.510912
vt 0.213895 0.510185
vt 0.213091 0.517465
vt 0.200460 0.526144
vt 0.207766 0.522328
vt 0.197859 0.524354
vt 0.201406 0.521963
vt 0.198419 0.521415
vt 0.197216 0.517267
vt 0.183421 0.512544
vt 0.186664 0.515841
vt 0.192698 0.511841
vt 0.207967 0.030293
vt 0.213764 0.042902
vt 0.172683 0.538768
vt 0.180622 0.536003
vt 0.168160 0.538364
vt 0.216301 0.010990
vt 0.224110 0.013099
vt 0.217382 0.009040
vt 0.204727 0.014084
vt 0.214024 0.015570
vt 0.206264 0.012428
vt 0.162659 0.540133
vt 0.154533 0.541429
vt 0.195414 0.012156
vt 0.197078 0.010539
vt 0.189935 0.009240
vt 0.356157 0.042143
vt 0.364870 0.039495
vt 0.357011 0.042999
vt 0.171425 0.534620
vt 0.176036 0.532568
vt 0.170318 0.533397
vt 0.166726 0.535886
vt 0.165500 0.534576
vt 0.348871 0.047217
vt 0.352941 0.046029
vt 0.183877 0.519669
vt 0.160744 0.537875
vt 0.157041 0.538507
vt 0.156723 0.540179
vt 0.152399 0.541779
vt 0.150818 0.540945
vt 0.166275 0.005604
vt 0.174046 0.004951
vt 0.168938 0.003227
vt 0.162597 0.515659
vt 0.152185 0.536759
vt 0.145555 0.538125
vt 0.161881 0.003867
vt 0.164316 0.002163
vt 0.185071 0.536124
vt 0.194637 0.531981
vt 0.231933 0.014318
vt 0.227405 0.012320
vt 0.378493 0.035387
vt 0.369044 0.039626
vt 0.352820 0.039611
vt 0.360246 0.040504
vt 0.357480 0.041897
vt 0.206291 0.006368
vt 0.205322 0.005274
vt 0.344530 0.048344
vt 0.350683 0.042166
vt 0.159633 0.005446
vt 0.344756 0.050236
vt 0.151915 0.004936
vt 0.159011 0.001746
vt 0.153962 0.002048
vt 0.135439 0.545124
vt 0.140784 0.543998
vt 0.137341 0.541489
vt 0.162696 0.512652
vt 0.158300 0.516937
vt 0.193386 0.526403
vt 0.193583 0.523354
vt 0.209768 0.018175
vt 0.222232 0.017654
vt 0.141636 0.005436
vt 0.343441 0.042676
vt 0.305069 0.034120
vt 0.303998 0.043019
vt 0.322358 0.054445
vt 0.318546 0.061604
vt 0.310007 0.057741
vt 0.320705 0.058251
vt 0.316692 0.054715
vt 0.285230 0.017778
vt 0.290457 0.020310
vt 0.282102 0.038327
vt 0.046721 0.352607
vt 0.052231 0.352034
vt 0.044496 0.348614
vt 0.299983 0.053758
vt 0.304965 0.056351
vt 0.313696 0.062821
vt 0.307182 0.059917
vt 0.336676 0.052677
vt 0.338625 0.052574
vt 0.013360 0.355428
vt 0.008396 0.356660
vt 0.014185 0.354659
vt 0.338039 0.047021
vt 0.103477 0.000922
vt 0.092948 0.003486
vt 0.088234 0.009000
vt 0.090182 0.004538
vt 0.087156 0.007150
vt 0.267371 0.017095
vt 0.286343 0.021838
vt 0.268264 0.018619
vt 0.261001 0.013442
vt 0.260847 0.032238
vt 0.257294 0.031566
vt 0.263442 0.034450
vt 0.259206 0.033546
vt 0.255417 0.027868
vt 0.250413 0.025985
vt 0.260908 0.015531
vt 0.256974 0.009483
vt 0.074244 0.451605
vt 0.072060 0.452227
vt 0.074951 0.449395
vt 0.258156 0.014930
vt 0.250880 0.005785
vt 0.251863 0.004875
vt 0.264296 0.031993
vt 0.251380 0.012906
vt 0.011673 0.098204
vt 0.015120 0.091732
vt 0.016212 0.101324
vt 0.017566 0.090520
vt 0.018759 0.100733
vt 0.015495 0.079185
vt 0.020299 0.079609
vt 0.016016 0.082790
vt 0.019022 0.427190
vt 0.019143 0.429273
vt 0.015702 0.431210
vt 0.197635 0.368619
vt 0.195121 0.368454
vt 0.197816 0.370072
vt 0.017580 0.424706
vt 0.020265 0.425341
vt 0.014760 0.426777
vt 0.051508 0.028386
vt 0.054715 0.027576
vt 0.051888 0.030397
vt 0.079034 0.443146
vt 0.074266 0.450015
vt 0.073750 0.446141
vt 0.080268 0.437866
vt 0.076145 0.439533
vt 0.077743 0.435010
vt 0.009970 0.092686
vt 0.008801 0.088452
vt 0.012365 0.090654
vt 0.016052 0.403163
vt 0.011401 0.406398
vt 0.023104 0.407533
vt 0.040235 0.412226
vt 0.037799 0.409411
vt 0.023212 0.403767
vt 0.031319 0.405436
vt 0.486321 0.337527
vt 0.484239 0.332156
vt 0.477471 0.331668
vt 0.476184 0.345793
vt 0.471900 0.344407
vt 0.461488 0.344597
vt 0.440383 0.343762
vt 0.480176 0.325661
vt 0.467448 0.347232
vt 0.448408 0.346608
vt 0.440325 0.332468
vt 0.443846 0.325717
vt 0.138289 0.358841
vt 0.480531 0.294161
vt 0.484359 0.273618
vt 0.477883 0.274395
vt 0.016212 0.437609
vt 0.009819 0.437719
vt 0.015966 0.433970
vt 0.473995 0.269288
vt 0.482485 0.270715
vt 0.505810 0.260918
vt 0.474188 0.259253
vt 0.468430 0.265795
vt 0.496137 0.295024
vt 0.502698 0.294985
vt 0.445042 0.273601
vt 0.458980 0.276049
vt 0.143880 0.418458
vt 0.138975 0.421454
vt 0.133026 0.421507
vt 0.462288 0.272348
vt 0.420528 0.386595
vt 0.419504 0.393136
vt 0.425560 0.388808
vt 0.481891 0.262583
vt 0.489447 0.251976
vt 0.486449 0.247391
vt 0.476723 0.248062
vt 0.470553 0.251419
vt 0.473886 0.237908
vt 0.467672 0.242724
vt 0.488550 0.236355
vt 0.380992 0.075361
vt 0.383498 0.073407
vt 0.379661 0.071106
vt 0.481908 0.228645
vt 0.370486 0.081887
vt 0.379136 0.083880
vt 0.491991 0.222238
vt 0.366332 0.082877
vt 0.368276 0.075709
vt 0.350580 0.389357
vt 0.345210 0.388052
vt 0.349358 0.385589
vt 0.415467 0.390915
vt 0.462848 0.245810
vt 0.387455 0.077075
vt 0.390823 0.079117
vt 0.389572 0.075309
vt 0.386574 0.084943
vt 0.369762 0.084953
vt 0.374638 0.084956
vt 0.466799 0.230977
vt 0.472343 0.226434
vt 0.475049 0.218216
vt 0.471076 0.219647
vt 0.358837 0.082315
vt 0.358340 0.077337
vt 0.514242 0.234516
vt 0.508973 0.253554
vt 0.504458 0.256844
vt 0.507708 0.257205
vt 0.497690 0.206041
vt 0.492093 0.202400
vt 0.477181 0.209103
vt 0.477665 0.212530
vt 0.482531 0.208502
vt 0.485994 0.199950
vt 0.480621 0.201243
vt 0.487384 0.195893
vt 0.495293 0.189506
vt 0.490979 0.190557
vt 0.508943 0.185561
vt 0.064847 0.350102
vt 0.057631 0.350580
vt 0.057557 0.348646
vt 0.486696 0.187321
vt 0.495702 0.184184
vt 0.355022 0.083038
vt 0.010962 0.422745
vt 0.016212 0.422545
vt 0.009933 0.427586
vt 0.466083 0.216563
vt 0.464687 0.213815
vt 0.471081 0.173054
vt 0.503542 0.179095
vt 0.519970 0.202514
vt 0.502216 0.167884
vt 0.496216 0.161444
vt 0.506951 0.161414
vt 0.499719 0.158980
vt 0.484819 0.162035
vt 0.487588 0.160354
vt 0.400320 0.092324
vt 0.411720 0.091588
vt 0.398459 0.090904
vt 0.398014 0.094733
vt 0.406670 0.093300
vt 0.394613 0.092287
vt 0.388581 0.094798
vt 0.394897 0.090679
vt 0.496823 0.157717
vt 0.496249 0.159188
vt 0.490272 0.160991
vt 0.380989 0.091374
vt 0.381395 0.094559
vt 0.501501 0.167356
vt 0.496273 0.167192
vt 0.478002 0.160071
vt 0.490015 0.161965
vt 0.491120 0.163617
vt 0.375730 0.094034
vt 0.512796 0.170038
vt 0.515286 0.173863
vt 0.472489 0.164124
vt 0.474360 0.159149
vt 0.469613 0.163060
vt 0.474831 0.160239
vt 0.472386 0.157571
vt 0.371390 0.092784
vt 0.372070 0.091936
vt 0.093403 0.381821
vt 0.099433 0.380668
vt 0.097391 0.382030
vt 0.494959 0.166259
vt 0.497686 0.164631
vt 0.503867 0.169439
vt 0.501651 0.169586
vt 0.507768 0.162551
vt 0.514051 0.162751
vt 0.506393 0.167233
vt 0.414427 0.092686
vt 0.406487 0.095244
vt 0.417454 0.093004
vt 0.510250 0.165279
vt 0.519264 0.162921
vt 0.520941 0.166661
vt 0.383485 0.090328
vt 0.400385 0.099332
vt 0.402418 0.100530
vt 0.398685 0.100927
vt 0.395454 0.101087
vt 0.395184 0.099011
vt 0.051827 0.429792
vt 0.489340 0.171349
vt 0.486493 0.168055
vt 0.489869 0.168201
vt 0.026344 0.089165
vt 0.023599 0.088217
vt 0.025951 0.087470
vt 0.429613 0.053870
vt 0.426950 0.054715
vt 0.427494 0.052002
vt 0.421712 0.051327
vt 0.420688 0.052862
vt 0.407322 0.102098
vt 0.405850 0.103350
vt 0.196853 0.018122
vt 0.197367 0.020265
vt 0.202648 0.018651
vt 0.194372 0.018106
vt 0.485845 0.167447
vt 0.198895 0.017729
vt 0.495814 0.170871
vt 0.487602 0.166921
vt 0.494661 0.172301
vt 0.204612 0.390733
vt 0.211275 0.393136
vt 0.214806 0.391994
vt 0.476959 0.157878
vt 0.476897 0.159446
vt 0.127668 0.420377
vt 0.120431 0.419876
vt 0.125766 0.421507
vt 0.486784 0.162681
vt 0.472222 0.158024
vt 0.051382 0.358180
vt 0.056741 0.360713
vt 0.055348 0.358890
vt 0.368128 0.090911
vt 0.370642 0.090765
vt 0.393714 0.100439
vt 0.392644 0.099699
vt 0.470782 0.159026
vt 0.466852 0.154378
vt 0.468953 0.157533
vt 0.187656 0.420419
vt 0.188462 0.419736
vt 0.186579 0.420274
vt 0.183011 0.423533
vt 0.223453 0.024318
vt 0.226965 0.021507
vt 0.221250 0.023658
vt 0.499795 0.173579
vt 0.496856 0.170498
vt 0.012159 0.002970
vt 0.005043 0.005014
vt 0.010578 0.002496
vt 0.002054 0.004146
vt 0.007105 0.002551
vt 0.492286 0.173173
vt 0.494789 0.173587
vt 0.493509 0.167547
vt 0.497414 0.165600
vt 0.497231 0.172613
vt 0.492388 0.185856
vt 0.483332 0.187482
vt 0.452328 0.167220
vt 0.448076 0.172438
vt 0.495020 0.179042
vt 0.496379 0.181346
vt 0.442582 0.162656
vt 0.432859 0.162377
vt 0.487438 0.195476
vt 0.449512 0.224223
vt 0.424535 0.216374
vt 0.427120 0.331142
vt 0.433604 0.340020
vt 0.431944 0.330273
vt 0.427217 0.332681
vt 0.430413 0.339628
vt 0.023672 0.081456
vt 0.026344 0.085112
vt 0.023924 0.082806
vt 0.024786 0.435692
vt 0.027363 0.433019
vt 0.024396 0.432788
vt 0.171771 0.443798
vt 0.174541 0.440698
vt 0.171705 0.440581
vt 0.414318 0.350335
vt 0.409980 0.347804
vt 0.414668 0.356805
vt 0.405940 0.350562
vt 0.407383 0.360866
vt 0.402460 0.357181
vt 0.103074 0.345634
vt 0.105377 0.344915
vt 0.104449 0.346527
vt 0.412513 0.347149
vt 0.405451 0.343088
vt 0.402573 0.346411
vt 0.426862 0.324961
vt 0.426673 0.328213
vt 0.014106 0.004146
vt 0.016212 0.003295
vt 0.011990 0.007773
vt 0.182383 0.367369
vt 0.180439 0.369552
vt 0.153981 0.372872
vt 0.506715 0.721724
vt 0.222739 0.774114
vt 0.508645 0.720314
vt 0.004939 0.039693
vt 0.006667 0.036799
vt 0.002434 0.040530
vt 0.421074 0.319218
vt 0.009122 0.011187
vt 0.012176 0.011754
vt 0.009900 0.016066
vt 0.006693 0.015227
vt 0.003900 0.015909
vt 0.010351 0.379483
vt 0.012159 0.380977
vt 0.010661 0.377146
vt 0.383678 0.042082
vt 0.381138 0.044498
vt 0.385259 0.044191
vt 0.419777 0.315560
vt 0.005045 0.020265
vt 0.007909 0.019762
vt 0.378838 0.047849
vt 0.379540 0.052444
vt 0.428190 0.303212
vt 0.413694 0.312997
vt 0.416015 0.315816
vt 0.410440 0.313469
vt 0.434287 0.342960
vt 0.029296 0.435172
vt 0.029970 0.432335
vt 0.399920 0.362232
vt 0.417913 0.358943
vt 0.395089 0.357428
vt 0.386277 0.058245
vt 0.388354 0.048491
vt 0.373550 0.053850
vt 0.374736 0.051349
vt 0.375366 0.061540
vt 0.424883 0.300116
vt 0.419646 0.290672
vt 0.364359 0.060213
vt 0.368306 0.057854
vt 0.365953 0.057511
vt 0.370350 0.063995
vt 0.423307 0.286606
vt 0.427669 0.282955
vt 0.358911 0.059287
vt 0.364465 0.065298
vt 0.366026 0.067993
vt 0.355012 0.060425
vt 0.354852 0.059131
vt 0.351478 0.058576
vt 0.360559 0.068708
vt 0.356117 0.066064
vt 0.436804 0.274641
vt 0.432176 0.277027
vt 0.348726 0.060047
vt 0.357239 0.070649
vt 0.356769 0.068224
vt 0.360970 0.070927
vt 0.363515 0.069673
vt 0.438437 0.270886
vt 0.341340 0.058582
vt 0.344505 0.057365
vt 0.347481 0.068007
vt 0.351002 0.065179
vt 0.345380 0.064379
vt 0.352103 0.068231
vt 0.420712 0.281795
vt 0.419759 0.288318
vt 0.423256 0.284606
vt 0.416271 0.291846
vt 0.133747 0.356660
vt 0.127643 0.351095
vt 0.132038 0.352187
vt 0.328848 0.066119
vt 0.337714 0.057063
vt 0.338934 0.067220
vt 0.336874 0.064953
vt 0.343241 0.070433
vt 0.343192 0.067595
vt 0.426725 0.280809
vt 0.200621 0.419069
vt 0.188802 0.423533
vt 0.192521 0.418105
vt 0.412880 0.301196
vt 0.412609 0.303214
vt 0.378139 0.064198
vt 0.381270 0.058463
vt 0.371311 0.070364
vt 0.375075 0.068167
vt 0.370236 0.068395
vt 0.367357 0.070045
vt 0.410733 0.295424
vt 0.409648 0.302284
vt 0.414321 0.296759
vt 0.407130 0.292891
vt 0.404330 0.282343
vt 0.410986 0.275683
vt 0.427477 0.271331
vt 0.430252 0.274117
vt 0.339359 0.070001
vt 0.435051 0.268869
vt 0.332206 0.068643
vt 0.444592 0.265600
vt 0.455412 0.266651
vt 0.323311 0.068484
vt 0.320664 0.066064
vt 0.438601 0.256976
vt 0.440628 0.259869
vt 0.443991 0.257508
vt 0.437075 0.263827
vt 0.413139 0.257786
vt 0.414049 0.266682
vt 0.427289 0.258504
vt 0.387164 0.089165
vt 0.393763 0.087077
vt 0.442819 0.247734
vt 0.447884 0.249894
vt 0.441972 0.242713
vt 0.419222 0.252886
vt 0.456569 0.239556
vt 0.454923 0.245824
vt 0.458601 0.242315
vt 0.451612 0.243398
vt 0.451346 0.249169
vt 0.447608 0.243867
vt 0.421728 0.246333
vt 0.452860 0.237331
vt 0.459410 0.234756
vt 0.425787 0.240554
vt 0.448907 0.224818
vt 0.438816 0.230915
vt 0.432619 0.233083
vt 0.428570 0.241920
vt 0.394938 0.082009
vt 0.401242 0.082570
vt 0.396257 0.080304
vt 0.328143 0.061558
vt 0.332864 0.070719
vt 0.335475 0.069546
vt 0.419144 0.274726
vt 0.406323 0.269475
vt 0.423687 0.247860
vt 0.376722 0.376327
vt 0.379263 0.374687
vt 0.375881 0.373716
vt 0.165143 0.405562
vt 0.170224 0.406825
vt 0.163898 0.407196
vt 0.432979 0.234025
vt 0.429523 0.235514
vt 0.444048 0.224505
vt 0.439535 0.223840
vt 0.463101 0.233719
vt 0.462369 0.238585
vt 0.379926 0.086929
vt 0.447727 0.218278
vt 0.455050 0.216991
vt 0.448139 0.210511
vt 0.441512 0.219958
vt 0.447397 0.215197
vt 0.447002 0.215069
vt 0.440564 0.222825
vt 0.443453 0.216960
vt 0.363016 0.376638
vt 0.367444 0.375726
vt 0.364283 0.374474
vt 0.177701 0.001021
vt 0.179861 0.002102
vt 0.173447 0.001604
vt 0.445603 0.227046
vt 0.442833 0.229183
vt 0.445049 0.224845
vt 0.359085 0.376710
vt 0.358584 0.374609
vt 0.455163 0.201468
vt 0.450926 0.206737
vt 0.453250 0.209344
vt 0.453478 0.213510
vt 0.450191 0.215731
vt 0.093170 0.425852
vt 0.097227 0.424757
vt 0.094107 0.423731
vt 0.097946 0.426843
vt 0.101324 0.425324
vt 0.447655 0.223003
vt 0.444787 0.226863
vt 0.446937 0.225192
vt 0.366166 0.402797
vt 0.370218 0.401352
vt 0.365695 0.400659
vt 0.371056 0.403605
vt 0.374898 0.403440
vt 0.449834 0.214166
vt 0.450789 0.216583
vt 0.453405 0.214349
vt 0.446781 0.220538
vt 0.450550 0.218912
vt 0.361118 0.399896
vt 0.456076 0.204963
vt 0.453299 0.210221
vt 0.455854 0.210327
vt 0.352214 0.398665
vt 0.343060 0.397389
vt 0.457637 0.198594
vt 0.458440 0.203526
vt 0.080646 0.344495
vt 0.082142 0.345186
vt 0.079459 0.345899
vt 0.439388 0.229492
vt 0.436110 0.228279
vt 0.370411 0.377007
vt 0.373429 0.375298
vt 0.370100 0.374208
vt 0.433963 0.231104
vt 0.432783 0.236136
vt 0.438415 0.232992
vt 0.462240 0.192313
vt 0.460386 0.195366
vt 0.462479 0.193477
vt 0.339242 0.397361
vt 0.335667 0.404440
vt 0.332023 0.400008
vt 0.169332 0.361958
vt 0.178330 0.364863
vt 0.171838 0.366296
vt 0.455011 0.185054
vt 0.466882 0.176370
vt 0.464904 0.182686
vt 0.467359 0.181204
vt 0.162510 0.363131
vt 0.164941 0.366313
vt 0.458812 0.175781
vt 0.453492 0.182305
vt 0.161210 0.366792
vt 0.452684 0.173531
vt 0.465699 0.169940
vt 0.467121 0.172833
vt 0.262068 0.395954
vt 0.253510 0.396606
vt 0.256838 0.398843
vt 0.253214 0.396869
vt 0.456258 0.167413
vt 0.246461 0.393617
vt 0.249040 0.398597
vt 0.247674 0.401242
vt 0.454205 0.160450
vt 0.334260 0.398551
vt 0.342429 0.405295
vt 0.345185 0.404329
vt 0.463472 0.189165
vt 0.464937 0.188477
vt 0.462134 0.184020
vt 0.459357 0.192679
vt 0.241259 0.398407
vt 0.246916 0.395690
vt 0.242522 0.394165
vt 0.466549 0.162369
vt 0.467279 0.164712
vt 0.468386 0.167117
vt 0.468744 0.170322
vt 0.469312 0.174651
vt 0.450720 0.153296
vt 0.449932 0.145181
vt 0.235903 0.398732
vt 0.239343 0.396044
vt 0.233861 0.397324
vt 0.453526 0.147670
vt 0.450330 0.139737
vt 0.461076 0.149141
vt 0.231953 0.399560
vt 0.462925 0.149765
vt 0.001866 0.028354
vt 0.004053 0.028371
vt 0.003276 0.027810
vt 0.458337 0.145922
vt 0.458339 0.146985
vt 0.116579 0.362739
vt 0.119562 0.362418
vt 0.115351 0.362259
vt 0.454851 0.144552
vt 0.449008 0.136837
vt 0.450781 0.139132
vt 0.461967 0.152969
vt 0.399651 0.085313
vt 0.409348 0.087138
vt 0.405128 0.084918
vt 0.220773 0.400920
vt 0.445642 0.135231
vt 0.438873 0.127166
vt 0.428427 0.124446
vt 0.152295 0.416955
vt 0.155245 0.415868
vt 0.153345 0.415104
vt 0.439072 0.126344
vt 0.447944 0.136488
vt 0.435087 0.123870
vt 0.444427 0.135528
vt 0.356114 0.379357
vt 0.360713 0.379048
vt 0.359106 0.378309
vt 0.446553 0.133847
vt 0.453147 0.140545
vt 0.450296 0.142330
vt 0.457829 0.149984
vt 0.180598 0.423480
vt 0.036475 0.060794
vt 0.034203 0.058548
vt 0.036541 0.059523
vt 0.448896 0.152010
vt 0.426276 0.120330
vt 0.420741 0.142244
vt 0.412004 0.129005
vt 0.411768 0.122204
vt 0.144425 0.416062
vt 0.151042 0.414204
vt 0.143919 0.414048
vt 0.418800 0.115654
vt 0.413999 0.183135
vt 0.010831 0.052324
vt 0.017658 0.063058
vt 0.027668 0.062204
vt 0.383831 0.349445
vt 0.381243 0.351939
vt 0.385391 0.353524
vt 0.229025 0.385998
vt 0.222934 0.388438
vt 0.229905 0.382448
vt 0.226692 0.381306
vt 0.016598 0.065306
vt 0.025979 0.066716
vt 0.019611 0.074363
vt 0.005284 0.054592
vt 0.420228 0.069974
vt 0.418246 0.064324
vt 0.014716 0.068552
vt 0.416345 0.071829
vt 0.416917 0.068645
vt 0.006355 0.067610
vt 0.015315 0.077006
vt 0.417741 0.075251
vt 0.006234 0.072492
vt 0.377547 0.330681
vt 0.379306 0.333880
vt 0.387981 0.062105
vt 0.389083 0.060308
vt 0.423277 0.075408
vt 0.419519 0.077006
vt 0.387757 0.326134
vt 0.390689 0.324949
vt 0.385781 0.323144
vt 0.374506 0.328994
vt 0.391485 0.359181
vt 0.390495 0.364766
vt 0.216132 0.384487
vt 0.222750 0.378488
vt 0.211670 0.382436
vt 0.368291 0.356962
vt 0.375976 0.354203
vt 0.368857 0.338012
vt 0.362689 0.344496
vt 0.374386 0.320215
vt 0.385543 0.063841
vt 0.383814 0.062071
vt 0.399762 0.317302
vt 0.024025 0.014365
vt 0.021889 0.020265
vt 0.024318 0.018454
vt 0.392240 0.352945
vt 0.389657 0.357812
vt 0.395007 0.351697
vt 0.028669 0.040529
vt 0.025258 0.038511
vt 0.028049 0.036488
vt 0.396775 0.313943
vt 0.390570 0.315139
vt 0.377741 0.314612
vt 0.379528 0.321425
vt 0.401836 0.306359
vt 0.404589 0.309985
vt 0.388236 0.304534
vt 0.383028 0.311990
vt 0.378882 0.308628
vt 0.375039 0.310099
vt 0.366468 0.312785
vt 0.361941 0.317859
vt 0.366731 0.317874
vt 0.393818 0.311104
vt 0.399184 0.300021
vt 0.384777 0.301021
vt 0.375108 0.305722
vt 0.371405 0.310952
vt 0.026506 0.030516
vt 0.019534 0.034772
vt 0.024618 0.029765
vt 0.029000 0.026493
vt 0.230958 0.422775
vt 0.233460 0.423533
vt 0.231519 0.421378
vt 0.235071 0.422261
vt 0.019607 0.368673
vt 0.017923 0.368819
vt 0.020265 0.367810
vt 0.039585 0.024932
vt 0.035861 0.025960
vt 0.039908 0.021665
vt 0.032816 0.419664
vt 0.029476 0.418519
vt 0.032427 0.417939
vt 0.390975 0.298007
vt 0.389452 0.297988
vt 0.391360 0.295149
vt 0.034187 0.420845
vt 0.037009 0.418648
vt 0.036477 0.036950
vt 0.031980 0.034901
vt 0.093308 0.343410
vt 0.097271 0.343600
vt 0.093519 0.344501
vt 0.024147 0.419446
vt 0.020490 0.417995
vt 0.022034 0.416579
vt 0.025422 0.420694
vt 0.374608 0.303076
vt 0.385375 0.300143
vt 0.387209 0.293670
vt 0.382179 0.304050
vt 0.386763 0.301881
vt 0.389909 0.299277
vt 0.404810 0.288265
vt 0.406339 0.306860
vt 0.409708 0.306833
vt 0.400579 0.313557
vt 0.406464 0.311220
vt 0.405758 0.279181
vt 0.399757 0.284165
vt 0.404465 0.276837
vt 0.396002 0.288279
vt 0.394471 0.294274
vt 0.398177 0.290214
vt 0.393587 0.284290
vt 0.370506 0.294662
vt 0.407355 0.270994
vt 0.400088 0.275503
vt 0.407771 0.264355
vt 0.408547 0.274691
vt 0.408632 0.276640
vt 0.399790 0.284833
vt 0.414059 0.264208
vt 0.414941 0.267793
vt 0.411280 0.270229
vt 0.411504 0.272552
vt 0.402620 0.274479
vt 0.403780 0.278333
vt 0.407441 0.274963
vt 0.379963 0.280205
vt 0.396300 0.376501
vt 0.400032 0.374148
vt 0.395745 0.373575
vt 0.400822 0.376862
vt 0.404094 0.374882
vt 0.411606 0.263619
vt 0.411463 0.268492
vt 0.392173 0.378633
vt 0.392217 0.375902
vt 0.415113 0.265276
vt 0.419034 0.254144
vt 0.397406 0.259321
vt 0.390155 0.263426
vt 0.391112 0.259301
vt 0.384962 0.265848
vt 0.383112 0.261566
vt 0.378147 0.267008
vt 0.419150 0.258762
vt 0.422776 0.255476
vt 0.421594 0.241598
vt 0.394288 0.255343
vt 0.388215 0.256822
vt 0.387196 0.254699
vt 0.426514 0.377062
vt 0.429613 0.376091
vt 0.425989 0.374856
vt 0.370189 0.272328
vt 0.374401 0.264218
vt 0.379098 0.260416
vt 0.374028 0.257261
vt 0.380767 0.255064
vt 0.391763 0.254113
vt 0.395608 0.249235
vt 0.426005 0.245057
vt 0.426841 0.249121
vt 0.382400 0.378580
vt 0.386375 0.376481
vt 0.382482 0.375813
vt 0.385699 0.373563
vt 0.381335 0.373279
vt 0.389922 0.374048
vt 0.425420 0.253459
vt 0.420870 0.255795
vt 0.423525 0.251295
vt 0.422614 0.257683
vt 0.418295 0.260327
vt 0.417354 0.255875
vt 0.410974 0.239621
vt 0.420000 0.232080
vt 0.410013 0.233161
vt 0.406630 0.237803
vt 0.401537 0.242501
vt 0.391009 0.236814
vt 0.379058 0.247389
vt 0.380877 0.235093
vt 0.216674 0.006079
vt 0.216833 0.002348
vt 0.212983 0.001050
vt 0.419229 0.222108
vt 0.418309 0.226767
vt 0.389865 0.225653
vt 0.397806 0.233382
vt 0.209514 0.001453
vt 0.208327 0.003975
vt 0.411575 0.221542
vt 0.400664 0.219692
vt 0.402480 0.223942
vt 0.422784 0.214638
vt 0.423206 0.217353
vt 0.424521 0.211764
vt 0.416799 0.217675
vt 0.420565 0.217132
vt 0.416239 0.221283
vt 0.407586 0.213018
vt 0.396056 0.216771
vt 0.417706 0.212027
vt 0.376701 0.210883
vt 0.376974 0.214763
vt 0.430452 0.245807
vt 0.398394 0.245924
vt 0.402581 0.245382
vt 0.423164 0.201189
vt 0.434480 0.239784
vt 0.398781 0.180516
vt 0.388464 0.152870
vt 0.410082 0.145897
vt 0.413542 0.134530
vt 0.406558 0.146827
vt 0.368775 0.118423
vt 0.373704 0.141616
vt 0.408852 0.111764
vt 0.417497 0.115892
vt 0.412803 0.112309
vt 0.130964 0.415869
vt 0.133985 0.414962
vt 0.128083 0.414482
vt 0.125558 0.416216
vt 0.399733 0.107440
vt 0.403479 0.108054
vt 0.402193 0.107390
vt 0.408910 0.111290
vt 0.117595 0.416016
vt 0.121595 0.415654
vt 0.119473 0.415085
vt 0.150526 0.379223
vt 0.164145 0.378927
vt 0.157500 0.377712
vt 0.385286 0.101519
vt 0.373999 0.096515
vt 0.149849 0.375850
vt 0.375196 0.098725
vt 0.384422 0.102112
vt 0.373217 0.099545
vt 0.367766 0.095288
vt 0.138376 0.417423
vt 0.138547 0.415899
vt 0.430475 0.122574
vt 0.422107 0.116845
vt 0.366179 0.093791
vt 0.124376 0.377616
vt 0.126637 0.373345
vt 0.137866 0.414029
vt 0.361888 0.102681
vt 0.356936 0.098438
vt 0.357103 0.095245
vt 0.363125 0.096880
vt 0.351312 0.092825
vt 0.358077 0.092735
vt 0.348181 0.089622
vt 0.114132 0.375771
vt 0.344595 0.092371
vt 0.359578 0.362468
vt 0.363723 0.361072
vt 0.360233 0.360285
vt 0.357478 0.363398
vt 0.357253 0.359024
vt 0.339190 0.368426
vt 0.344373 0.357568
vt 0.326471 0.379504
vt 0.347683 0.355122
vt 0.334358 0.363713
vt 0.330189 0.364031
vt 0.321408 0.364457
vt 0.355467 0.336762
vt 0.331392 0.357021
vt 0.325966 0.355770
vt 0.338209 0.347347
vt 0.362064 0.363111
vt 0.320455 0.354620
vt 0.325064 0.348769
vt 0.343401 0.338406
vt 0.351363 0.332955
vt 0.086868 0.340886
vt 0.081067 0.339863
vt 0.087070 0.342474
vt 0.091191 0.341877
vt 0.325461 0.342396
vt 0.330513 0.339596
vt 0.355165 0.323084
vt 0.354088 0.327743
vt 0.359249 0.321025
vt 0.011745 0.419997
vt 0.009573 0.419193
vt 0.012239 0.417835
vt 0.349335 0.324173
vt 0.340478 0.318777
vt 0.350918 0.317231
vt 0.361592 0.306977
vt 0.365728 0.309128
vt 0.357828 0.301573
vt 0.338481 0.307552
vt 0.370226 0.299742
vt 0.362777 0.314983
vt 0.373953 0.309436
vt 0.015383 0.420589
vt 0.017802 0.419079
vt 0.367195 0.262146
vt 0.320115 0.263929
vt 0.314176 0.272546
vt 0.312672 0.283341
vt 0.313802 0.268537
vt 0.325009 0.253891
vt 0.351468 0.235542
vt 0.351273 0.241299
vt 0.357397 0.219283
vt 0.349556 0.226726
vt 0.357701 0.216043
vt 0.369561 0.207597
vt 0.362776 0.210143
vt 0.363476 0.202342
vt 0.378373 0.198707
vt 0.328970 0.124643
vt 0.336232 0.115374
vt 0.353379 0.117131
vt 0.334543 0.106897
vt 0.328142 0.097535
vt 0.358658 0.092015
vt 0.326217 0.090102
vt 0.359632 0.089775
vt 0.316995 0.087247
vt 0.117727 0.380977
vt 0.125583 0.379802
vt 0.118084 0.379488
vt 0.113070 0.380390
vt 0.113796 0.378973
vt 0.039433 0.385030
vt 0.044574 0.384207
vt 0.038095 0.383709
vt 0.332999 0.077566
vt 0.319355 0.076569
vt 0.307099 0.079656
vt 0.310792 0.082556
vt 0.241719 0.013150
vt 0.241982 0.011579
vt 0.247230 0.013099
vt 0.244491 0.014185
vt 0.312206 0.085408
vt 0.308192 0.082509
vt 0.311707 0.072639
vt 0.304012 0.076563
vt 0.323115 0.072722
vt 0.057119 0.002026
vt 0.066874 0.001969
vt 0.063509 0.001690
vt 0.344821 0.083983
vt 0.352381 0.088758
vt 0.345504 0.087399
vt 0.355704 0.088440
vt 0.364464 0.093082
vt 0.130318 0.378446
vt 0.124307 0.378003
vt 0.132719 0.379740
vt 0.321162 0.081991
vt 0.330941 0.084380
vt 0.336144 0.084284
vt 0.302050 0.062227
vt 0.289717 0.059941
vt 0.295636 0.076064
vt 0.339451 0.081263
vt 0.322682 0.072456
vt 0.136931 0.012159
vt 0.141853 0.011828
vt 0.139972 0.011109
vt 0.294091 0.058962
vt 0.106983 0.376020
vt 0.103931 0.377554
vt 0.315208 0.381269
vt 0.295351 0.385927
vt 0.169123 0.402639
vt 0.174365 0.402756
vt 0.170001 0.404667
vt 0.303694 0.381966
vt 0.295144 0.380560
vt 0.291461 0.383022
vt 0.309306 0.374633
vt 0.227857 0.409348
vt 0.233045 0.407310
vt 0.224013 0.407999
vt 0.309326 0.364091
vt 0.307709 0.371314
vt 0.288788 0.373333
vt 0.289449 0.352989
vt 0.310901 0.395050
vt 0.323688 0.393096
vt 0.186436 0.405295
vt 0.258003 0.380433
vt 0.277160 0.356112
vt 0.318503 0.368945
vt 0.319906 0.379062
vt 0.320803 0.383391
vt 0.314097 0.333465
vt 0.297691 0.348213
vt 0.269248 0.348476
vt 0.283177 0.347121
vt 0.286706 0.333816
vt 0.280416 0.320852
vt 0.309199 0.298556
vt 0.300207 0.358856
vt 0.274754 0.311317
vt 0.306344 0.293282
vt 0.298574 0.306480
vt 0.288440 0.305475
vt 0.277481 0.297098
vt 0.298793 0.291343
vt 0.291840 0.287948
vt 0.283019 0.294275
vt 0.282518 0.276277
vt 0.306922 0.277977
vt 0.271370 0.273008
vt 0.272503 0.261874
vt 0.305414 0.270261
vt 0.287444 0.258000
vt 0.259909 0.188533
vt 0.260524 0.141797
vt 0.297530 0.077735
vt 0.302477 0.082040
vt 0.306726 0.081821
vt 0.301633 0.076926
vt 0.028681 0.024318
vt 0.032424 0.022096
vt 0.027682 0.022725
vt 0.296513 0.070895
vt 0.301497 0.075868
vt 0.018962 0.393587
vt 0.022291 0.397189
vt 0.018056 0.393357
vt 0.203264 0.401242
vt 0.208727 0.398932
vt 0.204160 0.400365
vt 0.290741 0.064029
vt 0.288870 0.059234
vt 0.300591 0.075638
vt 0.304298 0.079238
vt 0.283633 0.053142
vt 0.288704 0.057354
vt 0.284262 0.052484
vt 0.277600 0.049981
vt 0.270820 0.051834
vt 0.270619 0.049907
vt 0.258807 0.048330
vt 0.288354 0.054926
vt 0.294539 0.059624
vt 0.293189 0.054480
vt 0.273283 0.047127
vt 0.275468 0.045881
vt 0.429194 0.022841
vt 0.418325 0.016001
vt 0.432847 0.016208
vt 0.425594 0.014840
vt 0.283114 0.047716
vt 0.047657 0.028352
vt 0.049817 0.024967
vt 0.040734 0.027401
vt 0.038812 0.034450
vt 0.269455 0.045604
vt 0.270822 0.044108
vt 0.433666 0.019559
vt 0.432713 0.022747
vt 0.253309 0.501556
vt 0.247448 0.502031
vt 0.037020 0.380747
vt 0.042440 0.380977
vt 0.038795 0.378822
vt 0.283337 0.047485
vt 0.286362 0.049706
vt 0.282915 0.049551
vt 0.232464 0.511781
vt 0.240537 0.503691
vt 0.231487 0.509339
vt 0.232108 0.506055
vt 0.227303 0.518661
vt 0.221357 0.518711
vt 0.032002 0.376617
vt 0.036968 0.376584
vt 0.032212 0.374390
vt 0.274807 0.044568
vt 0.232814 0.504047
vt 0.222008 0.511767
vt 0.221891 0.508501
vt 0.408930 0.019268
vt 0.424344 0.024158
vt 0.412597 0.026885
vt 0.424538 0.026342
vt 0.419754 0.028426
vt 0.022750 0.374664
vt 0.027467 0.374489
vt 0.024722 0.372448
vt 0.211760 0.523815
vt 0.217380 0.515864
vt 0.295642 0.055913
vt 0.296668 0.059104
vt 0.404728 0.340448
vt 0.408341 0.338924
vt 0.406779 0.338064
vt 0.297922 0.058933
vt 0.030397 0.077042
vt 0.026629 0.077894
vt 0.030048 0.079033
vt 0.068900 0.009948
vt 0.065086 0.010806
vt 0.068089 0.012159
vt 0.249934 0.373137
vt 0.231822 0.373128
vt 0.239143 0.374072
vt 0.230999 0.371733
vt 0.006079 0.042421
vt 0.002263 0.043164
vt 0.004954 0.044582
vt 0.032424 0.072821
vt 0.028568 0.073618
vt 0.029941 0.074980
vt 0.199026 0.363873
vt 0.201560 0.365978
vt 0.207198 0.366472
vt 0.283707 0.002026
vt 0.273255 0.000902
vt 0.279919 0.001794
vt 0.219023 0.369276
vt 0.224002 0.366235
vt 0.250630 0.378309
vt 0.255237 0.378489
vt 0.044582 0.034280
vt 0.040837 0.035194
vt 0.043603 0.036477
vt 0.202116 0.360905
vt 0.194474 0.183876
vt 0.217272 0.132595
vt 0.210599 0.103398
vt 0.225964 0.040257
vt 0.220596 0.041063
vt 0.254138 0.045996
vt 0.236377 0.047296
vt 0.204198 0.039768
vt 0.208228 0.035865
vt 0.377061 0.017126
vt 0.381111 0.019714
vt 0.192858 0.033382
vt 0.205590 0.033732
vt 0.353596 0.018142
vt 0.010498 0.369818
vt 0.016444 0.370777
vt 0.014130 0.369094
vt 0.405056 0.031358
vt 0.398458 0.034022
vt 0.237355 0.019612
vt 0.246493 0.020435
vt 0.241476 0.018515
vt 0.251283 0.021125
vt 0.247360 0.018721
vt 0.200192 0.531861
vt 0.414976 0.030302
vt 0.016078 0.374602
vt 0.018116 0.372739
vt 0.164813 0.352432
vt 0.184523 0.356159
vt 0.166724 0.355222
vt 0.169593 0.357503
vt 0.157292 0.354507
vt 0.154612 0.352260
vt 0.146420 0.349525
vt 0.191292 0.363233
vt 0.190907 0.361170
vt 0.182741 0.358452
vt 0.133210 0.260456
vt 0.176057 0.258286
vt 0.145157 0.100723
vt 0.172693 0.073593
vt 0.141711 0.032586
vt 0.177863 0.027675
vt 0.145893 0.024024
vt 0.163411 0.025180
vt 0.168812 0.024402
vt 0.132695 0.020181
vt 0.324601 0.017828
vt 0.332611 0.016071
vt 0.145208 0.018486
vt 0.121694 0.015234
vt 0.143616 0.015957
vt 0.291701 0.015473
vt 0.308268 0.015522
vt 0.403269 0.381124
vt 0.333609 0.073615
vt 0.100901 0.334966
vt 0.095719 0.339133
vt 0.102302 0.432248
vt 0.164971 0.422158
vt 0.067550 0.330686
vt 0.136639 0.346717
vt 0.120182 0.345303
vt 0.107711 0.092117
vt 0.114432 0.073935
vt 0.092459 0.060289
vt 0.079444 0.017264
vt 0.067043 0.027065
vt 0.068204 0.024710
vt 0.071592 0.023023
vt 0.046878 0.326682
vt 0.059794 0.328070
vt 0.029284 0.321284
vt 0.028941 0.319092
vt 0.040514 0.316453
vt 0.005547 0.311750
vt 0.022318 0.316279
vt 0.005833 0.315203
vt 0.015391 0.315951
vt 0.002800 0.310273
vt 0.001543 0.186614
vt 0.001896 0.172324
vt 0.029717 0.110813
vt 0.023616 0.113906
vt 0.221394 0.565469
vt 0.214374 0.560768
vt 0.225676 0.563252
vt 0.036105 0.092040
vt 0.210469 0.557157
vt 0.208245 0.563123
vt 0.254436 0.563387
vt 0.262606 0.565495
vt 0.251257 0.565550
vt 0.237158 0.562719
vt 0.239581 0.559894
vt 0.221311 0.558858
vt 0.205184 0.555676
vt 0.202139 0.552968
vt 0.200509 0.561072
vt 0.203668 0.565291
vt 0.016505 0.113386
vt 0.030072 0.096824
vt 0.021155 0.102413
vt 0.020340 0.106496
vt 0.023900 0.102694
vt 0.024921 0.094312
vt 0.028055 0.091780
vt 0.187474 0.557020
vt 0.189916 0.557646
vt 0.187116 0.559282
vt 0.032078 0.083512
vt 0.029058 0.084449
vt 0.178927 0.563150
vt 0.184595 0.565153
vt 0.179952 0.566454
vt 0.177565 0.559151
vt 0.184302 0.561624
vt 0.182033 0.557644
vt 0.037877 0.080393
vt 0.048877 0.073123
vt 0.169035 0.563024
vt 0.174732 0.564925
vt 0.171116 0.566730
vt 0.173257 0.560986
vt 0.172495 0.557928
vt 0.016734 0.531421
vt 0.013194 0.536184
vt 0.013912 0.530752
vt 0.033116 0.075041
vt 0.036301 0.072468
vt 0.164001 0.561259
vt 0.165324 0.565122
vt 0.168465 0.559438
vt 0.024470 0.519249
vt 0.021350 0.527449
vt 0.018029 0.525118
vt 0.020061 0.532996
vt 0.034337 0.514229
vt 0.037301 0.065862
vt 0.040287 0.066613
vt 0.160036 0.563226
vt 0.161631 0.566629
vt 0.158781 0.559509
vt 0.164662 0.558533
vt 0.193135 0.561612
vt 0.197916 0.563504
vt 0.195816 0.556600
vt 0.188788 0.555750
vt 0.029980 0.508279
vt 0.024105 0.514136
vt 0.155486 0.558586
vt 0.154339 0.560751
vt 0.156144 0.564848
vt 0.041186 0.059077
vt 0.044258 0.063720
vt 0.051369 0.058719
vt 0.139703 0.559407
vt 0.144331 0.562574
vt 0.140368 0.563928
vt 0.032441 0.499729
vt 0.034885 0.501590
vt 0.038772 0.506111
vt 0.038844 0.491398
vt 0.031148 0.496047
vt 0.033212 0.491510
vt 0.039525 0.498261
vt 0.044284 0.500905
vt 0.042383 0.504287
vt 0.054323 0.038700
vt 0.053431 0.042271
vt 0.057495 0.038710
vt 0.040235 0.507703
vt 0.128245 0.560160
vt 0.130258 0.561642
vt 0.127462 0.563644
vt 0.048801 0.494268
vt 0.045901 0.501028
vt 0.146264 0.438914
vt 0.149055 0.440724
vt 0.145574 0.441845
vt 0.029467 0.047204
vt 0.025217 0.048442
vt 0.027155 0.051789
vt 0.044217 0.484798
vt 0.052006 0.485831
vt 0.049540 0.490342
vt 0.068753 0.431094
vt 0.063174 0.431639
vt 0.068900 0.425790
vt 0.276604 0.012819
vt 0.272726 0.014842
vt 0.275552 0.014351
vt 0.035498 0.051605
vt 0.032186 0.051031
vt 0.033380 0.054272
vt 0.043449 0.481900
vt 0.050850 0.482489
vt 0.055716 0.493213
vt 0.048979 0.499343
vt 0.057450 0.499736
vt 0.051758 0.499649
vt 0.064703 0.497182
vt 0.048509 0.477930
vt 0.053201 0.476081
vt 0.063662 0.499119
vt 0.149360 0.565105
vt 0.144918 0.566008
vt 0.156900 0.560275
vt 0.407785 0.034047
vt 0.406726 0.034773
vt 0.410389 0.036477
vt 0.413401 0.033463
vt 0.084604 0.439704
vt 0.085339 0.433993
vt 0.086982 0.439745
vt 0.088909 0.436046
vt 0.272331 0.009486
vt 0.285112 0.008064
vt 0.068361 0.498419
vt 0.059643 0.468707
vt 0.057416 0.475841
vt 0.055776 0.468812
vt 0.189157 0.369391
vt 0.189898 0.371799
vt 0.038503 0.051523
vt 0.036952 0.055316
vt 0.064454 0.027888
vt 0.063055 0.030162
vt 0.061638 0.036055
vt 0.041960 0.005860
vt 0.044582 0.007401
vt 0.041046 0.008106
vt 0.058957 0.033698
vt 0.053801 0.047233
vt 0.138120 0.357667
vt 0.491448 0.335030
vt 0.064706 0.004928
vt 0.073233 0.003386
vt 0.323658 0.003844
vt 0.308304 0.403805
vt 0.309242 0.404800
vt 0.303971 0.393036
vt 0.495496 0.184909
vt 0.273249 0.391541
vt 0.269621 0.392487
vt 0.027101 0.011701
vt 0.026905 0.012159
vt 0.028371 0.012054
vt 0.015892 0.010132
vt 0.020265 0.008201
vt 0.016418 0.009193
vt 0.470588 0.165669
vt 0.104083 0.380014
vt 0.105302 0.380554
vt 0.103648 0.381817
vt 0.505206 0.169361
vt 0.522134 0.168719
vt 0.176292 0.380977
vt 0.178418 0.379739
vt 0.173214 0.380232
vt 0.183104 0.380279
vt 0.196768 0.376179
vt 0.008428 0.410043
vt 0.009408 0.409598
vt 0.010132 0.415428
vt 0.019774 0.013576
vt 0.036477 0.002669
vt 0.019564 0.012689
vt 0.352607 0.386218
vt 0.351867 0.387057
vt 0.351484 0.384870
vt 0.071295 0.380301
vt 0.081171 0.379983
vt 0.087238 0.380063
vt 0.093147 0.378244
vt 0.067645 0.021103
vt 0.056780 0.032636
vt 0.048708 0.037428
vt 0.035858 0.041574
vt 0.027692 0.043563
vt 0.020462 0.044582
vt 0.016947 0.043987
vt 0.012358 0.043870
vt 0.012352 0.043056
vt 0.030350 0.434543
vt 0.093218 0.347329
vt 0.088564 0.350429
vt 0.091854 0.347533
vt 0.070613 0.356660
vt 0.068043 0.355673
vt 0.075099 0.355281
vt 0.102583 0.447851
vt 0.385146 0.356154
vt 0.381816 0.356352
vt 0.220317 0.377297
vt 0.233045 0.378088
vt 0.195358 0.006960
vt 0.199380 0.009146
vt 0.196915 0.006827
vt 0.238144 0.393242
vt 0.225253 0.393871
vt 0.235814 0.392596
vt 0.338194 0.387676
vt 0.351085 0.378630
vt 0.227160 0.392651
vt 0.314972 0.395451
vt 0.001500 0.303827
vt 0.001908 0.311796
vt 0.461449 0.363125
vt 0.498513 0.363971
vt 0.408950 0.363144
vt 0.471695 0.364766
vt 0.293839 0.567413
vt 0.004072 0.150407
vt 0.007478 0.139552
vt 0.017106 0.033179
vt 0.002283 0.052688
vt 0.040530 0.004072
vt 0.086181 0.433504
vt 0.271808 0.009199
vt 0.081605 0.009611
vt 0.075658 0.013106
vt 0.078789 0.434618
vt 0.002128 0.095186
vt 0.005510 0.100502
vt 0.003928 0.095935
vt 0.008800 0.350218
vt 0.009331 0.354633
vt 0.010132 0.354224
vt 0.163339 0.008435
vt 0.016367 0.336913
vt 0.026356 0.342214
vt 0.020120 0.337950
vt 0.085112 0.344501
vt 0.237718 0.380110
vt 0.237538 0.380977
vt 0.234237 0.380869
vt 0.241151 0.379722
vt 0.133552 0.545175
vt 0.131299 0.548667
vt 0.381740 0.342134
vt 0.389083 0.348554
vt 0.385901 0.346627
vt 0.149922 0.529245
vt 0.162093 0.512040
vt 0.160672 0.515029
vt 0.200827 0.023002
vt 0.208794 0.025737
vt 0.204166 0.027017
vt 0.127878 0.411451
vt 0.228073 0.068594
vt 0.218859 0.409250
vt 0.203211 0.410037
vt 0.205907 0.408414
vt 0.271933 0.136442
vt 0.184392 0.496965
vt 0.198948 0.496721
vt 0.214105 0.491467
vt 0.292801 0.007742
vt 0.295049 0.009201
vt 0.045150 0.009453
vt 0.307318 0.001848
vt 0.409687 0.236049
vt 0.385799 0.261873
vt 0.253224 0.033611
vt 0.184614 0.514262
vt 0.063141 0.340448
vt 0.056591 0.339159
vt 0.222822 0.026080
vt 0.217419 0.027577
vt 0.178407 0.529778
vt 0.127292 0.409645
vt 0.029829 0.331980
vt 0.122762 0.410478
vt 0.114859 0.421558
vt 0.110597 0.418529
vt 0.119041 0.421470
vt 0.123615 0.423533
vt 0.159233 0.521908
vt 0.134983 0.408116
vt 0.139771 0.407592
vt 0.157123 0.520310
vt 0.208311 0.028230
vt 0.206228 0.025742
vt 0.204087 0.026200
vt 0.100705 0.420329
vt 0.058074 0.341404
vt 0.051639 0.348081
vt 0.061486 0.347222
vt 0.049720 0.383220
vt 0.044239 0.411091
vt 0.028371 0.338421
vt 0.055796 0.350514
vt 0.056741 0.352607
vt 0.054949 0.351207
vt 0.068964 0.347407
vt 0.054827 0.348020
vt 0.103349 0.001035
vt 0.188496 0.448307
vt 0.371472 0.399216
vt 0.015877 0.378909
vt 0.014421 0.377732
vt 0.015693 0.385210
vt 0.411274 0.084748
vt 0.410429 0.075677
vt 0.407471 0.081278
vt 0.409447 0.085112
vt 0.174531 0.020084
vt 0.407868 0.073694
vt 0.402413 0.068540
vt 0.476916 0.327766
vt 0.158034 0.008278
vt 0.156996 0.013630
vt 0.046609 0.042383
vt 0.041283 0.044608
vt 0.045326 0.048635
vt 0.062821 0.423169
vt 0.030790 0.352701
vt 0.475085 0.228192
vt 0.507182 0.256488
vt 0.017581 0.364126
vt 0.019888 0.355500
vt 0.009868 0.358881
vt 0.009960 0.363560
vt 0.466941 0.177473
vt 0.346681 0.006029
vt 0.348554 0.006079
vt 0.346175 0.004229
vt 0.011967 0.330316
vt 0.014185 0.329011
vt 0.011358 0.328453
vt 0.355842 0.016212
vt 0.356660 0.015407
vt 0.353823 0.016169
vt 0.502840 0.169691
vt 0.064703 0.333468
vt 0.059304 0.332575
vt 0.061962 0.333183
vt 0.064855 0.334368
vt 0.486986 0.167354
vt 0.066874 0.333672
vt 0.202648 0.411938
vt 0.058729 0.333276
vt 0.488295 0.169597
vt 0.160092 0.441494
vt 0.318157 0.014185
vt 0.472245 0.158378
vt 0.379455 0.370059
vt 0.383544 0.369014
vt 0.172634 0.375429
vt 0.501656 0.174918
vt 0.498336 0.174615
vt 0.005564 0.004237
vt 0.415524 0.323522
vt 0.050662 0.419577
vt 0.418447 0.324324
vt 0.065232 0.380977
vt 0.422767 0.395163
vt 0.403529 0.319439
vt 0.415252 0.040530
vt 0.417454 0.032682
vt 0.412452 0.037511
vt 0.265809 0.012159
vt 0.266098 0.010039
vt 0.267495 0.008940
vt 0.429226 0.028763
vt 0.421365 0.109430
vt 0.421507 0.103092
vt 0.420002 0.103580
vt 0.435692 0.059553
vt 0.432730 0.053371
vt 0.434011 0.060794
vt 0.093838 0.358626
vt 0.082284 0.361230
vt 0.092839 0.372807
vt 0.431572 0.274916
vt 0.438394 0.268359
vt 0.424720 0.282120
vt 0.391890 0.072925
vt 0.396768 0.074139
vt 0.394431 0.070637
vt 0.109430 0.441772
vt 0.108851 0.435474
vt 0.105814 0.437193
vt 0.064782 0.369984
vt 0.068759 0.372872
vt 0.411001 0.303750
vt 0.411070 0.300816
vt 0.408339 0.304708
vt 0.408583 0.298580
vt 0.396205 0.079033
vt 0.399216 0.077427
vt 0.064853 0.372597
vt 0.448666 0.251819
vt 0.450129 0.248140
vt 0.050175 0.363924
vt 0.441856 0.258888
vt 0.453590 0.244942
vt 0.113908 0.372872
vt 0.429743 0.387057
vt 0.413646 0.254464
vt 0.365405 0.370845
vt 0.415703 0.252015
vt 0.463755 0.236392
vt 0.441499 0.217712
vt 0.451290 0.203860
vt 0.456428 0.198103
vt 0.458829 0.192543
vt 0.002812 0.076777
vt 0.246042 0.003823
vt 0.458913 0.199135
vt 0.460533 0.194732
vt 0.464408 0.180126
vt 0.137119 0.354633
vt 0.141337 0.353955
vt 0.143880 0.354532
vt 0.247230 0.006992
vt 0.462149 0.184121
vt 0.460009 0.189234
vt 0.462798 0.179176
vt 0.460793 0.167098
vt 0.462374 0.167484
vt 0.468851 0.177116
vt 0.465093 0.176348
vt 0.454558 0.168976
vt 0.143379 0.364922
vt 0.459420 0.165061
vt 0.454348 0.162460
vt 0.226142 0.002472
vt 0.455403 0.158955
vt 0.220856 0.007341
vt 0.147933 0.002026
vt 0.143822 0.000839
vt 0.142660 0.001326
vt 0.364740 0.054059
vt 0.360585 0.054789
vt 0.371211 0.354692
vt 0.391735 0.039800
vt 0.390289 0.342033
vt 0.368819 0.047969
vt 0.398252 0.316043
vt 0.398463 0.318439
vt 0.393824 0.325967
vt 0.109859 0.366634
vt 0.113483 0.359933
vt 0.389917 0.296129
vt 0.389989 0.293402
vt 0.381217 0.301884
vt 0.016212 0.023382
vt 0.015337 0.021253
vt 0.011292 0.023780
vt 0.015313 0.024318
vt 0.261450 0.385206
vt 0.258489 0.387424
vt 0.256470 0.386924
vt 0.268141 0.389083
vt 0.419038 0.335820
vt 0.421507 0.341174
vt 0.257357 0.388483
vt 0.401438 0.271635
vt 0.405115 0.310028
vt 0.405748 0.277042
vt 0.397203 0.289327
vt 0.058044 0.023166
vt 0.060794 0.023704
vt 0.058039 0.024318
vt 0.054136 0.023606
vt 0.408263 0.274797
vt 0.409961 0.270801
vt 0.412530 0.268967
vt 0.394925 0.266345
vt 0.126837 0.358686
vt 0.126619 0.357395
vt 0.129694 0.357938
vt 0.429613 0.365618
vt 0.039733 0.434482
vt 0.042556 0.435093
vt 0.040684 0.435692
vt 0.036931 0.435308
vt 0.395229 0.281528
vt 0.033957 0.434753
vt 0.046919 0.040530
vt 0.048891 0.039528
vt 0.052688 0.039765
vt 0.372525 0.368945
vt 0.374898 0.369614
vt 0.289872 0.014185
vt 0.287966 0.013305
vt 0.291812 0.013635
vt 0.236869 0.417281
vt 0.239017 0.414811
vt 0.243177 0.416586
vt 0.223700 0.417085
vt 0.357491 0.093912
vt 0.350311 0.091897
vt 0.347201 0.053884
vt 0.031678 0.370859
vt 0.040530 0.372872
vt 0.033970 0.372759
vt 0.031329 0.371524
vt 0.365671 0.315153
vt 0.316075 0.076469
vt 0.319849 0.079019
vt 0.337858 0.078278
vt 0.359609 0.408852
vt 0.280879 0.405270
vt 0.287760 0.405986
vt 0.333230 0.076176
vt 0.333112 0.080999
vt 0.340820 0.087204
vt 0.336150 0.077372
vt 0.332922 0.076305
vt 0.327910 0.074771
vt 0.321052 0.073442
vt 0.322235 0.071142
vt 0.319741 0.070568
vt 0.284279 0.396381
vt 0.289786 0.398862
vt 0.308604 0.065752
vt 0.313199 0.067019
vt 0.314722 0.069335
vt 0.315028 0.068151
vt 0.279097 0.397906
vt 0.213635 0.417288
vt 0.157748 0.359137
vt 0.156372 0.359897
vt 0.159059 0.360713
vt 0.162118 0.359795
vt 0.159701 0.358617
vt 0.323449 0.072003
vt 0.319493 0.069994
vt 0.301913 0.061282
vt 0.306601 0.063691
vt 0.409005 0.365269
vt 0.405336 0.364294
vt 0.410074 0.366201
vt 0.413401 0.366792
vt 0.205953 0.417454
vt 0.214966 0.415084
vt 0.304203 0.391409
vt 0.291984 0.388982
vt 0.280580 0.387676
vt 0.379824 0.067588
vt 0.262812 0.381574
vt 0.256409 0.381910
vt 0.214182 0.394275
vt 0.318327 0.393238
vt 0.238727 0.382930
vt 0.243549 0.381149
vt 0.247230 0.382942
vt 0.289108 0.051626
vt 0.210753 0.378304
vt 0.286470 0.055174
vt 0.281918 0.048741
vt 0.231234 0.386377
vt 0.232294 0.383952
vt 0.206532 0.379875
vt 0.089202 0.344530
vt 0.091191 0.344523
vt 0.089259 0.346527
vt 0.438668 0.367224
vt 0.041615 0.049111
vt 0.042556 0.050662
vt 0.038093 0.048485
vt 0.220513 0.523292
vt 0.276500 0.044841
vt 0.182208 0.395673
vt 0.185555 0.394855
vt 0.377713 0.362439
vt 0.377681 0.361168
vt 0.383052 0.362381
vt 0.385030 0.364538
vt 0.381979 0.364766
vt 0.208727 0.422094
vt 0.202028 0.423533
vt 0.199044 0.422142
vt 0.208332 0.420000
vt 0.230907 0.375055
vt 0.327441 0.058768
vt 0.323978 0.057092
vt 0.332649 0.054979
vt 0.334368 0.056762
vt 0.014049 0.103158
vt 0.018238 0.104373
vt 0.014389 0.105377
vt 0.246888 0.379386
vt 0.158381 0.381955
vt 0.170681 0.383738
vt 0.207385 0.032413
vt 0.156363 0.403215
vt 0.160539 0.402915
vt 0.127232 0.382932
vt 0.155273 0.404312
vt 0.296627 0.013219
vt 0.292323 0.011029
vt 0.299641 0.012788
vt 0.303971 0.014185
vt 0.166548 0.358654
vt 0.174399 0.359162
vt 0.370678 0.360013
vt 0.156708 0.355865
vt 0.177107 0.361548
vt 0.086140 0.382716
vt 0.159073 0.018028
vt 0.360851 0.387057
vt 0.012689 0.319205
vt 0.113844 0.343511
vt 0.158065 0.416603
vt 0.003042 0.315948
vt 0.222825 0.563599
vt 0.209305 0.562025
vt 0.014703 0.121684
vt 0.240741 0.560789
vt 0.206110 0.563994
vt 0.019256 0.110585
vt 0.189500 0.564752
vt 0.135665 0.534204
vt 0.199041 0.564695
vt 0.157460 0.563859
vt 0.158819 0.558968
vt 0.157361 0.560880
vt 0.135144 0.516056
vt 0.158093 0.560657
vt 0.040023 0.061986
vt 0.143093 0.563533
vt 0.144228 0.561776
vt 0.140329 0.559968
vt 0.138361 0.561791
vt 0.046794 0.052810
vt 0.048044 0.049347
vt 0.142936 0.558744
vt 0.052321 0.043151
vt 0.136360 0.557709
vt 0.133683 0.559473
vt 0.136866 0.563577
vt 0.131391 0.561478
vt 0.022872 0.352022
vt 0.025615 0.352607
vt 0.130037 0.563369
vt 0.129338 0.560541
vt 0.125852 0.561973
vt 0.056875 0.037369
vt 0.060602 0.033660
vt 0.131464 0.558246
vt 0.010069 0.338421
vt 0.008205 0.336766
vt 0.008561 0.335415
vt 0.012159 0.337917
vt 0.021094 0.350716
vt 0.166343 0.486790
vt 0.293927 0.399216
vt 0.297892 0.395796
vt 0.290688 0.397300
vt 0.160635 0.480169
vt 0.043835 0.055577
vt 0.149029 0.563464
vt 0.043813 0.011862
vt 0.035312 0.012159
vt 0.375241 0.044260
vt 0.372398 0.046604
vt 0.370995 0.045187
vt 0.375891 0.045216
vt 0.374473 0.048635
vt 0.273019 0.011767
vt 0.166799 0.471992
vt 0.288165 0.004825
vt 0.071853 0.426333
vt 0.076766 0.429613
vt 0.079033 0.428772
vt 0.065004 0.030468
vt 0.062291 0.463166
vt 0.105236 0.484336
vt 0.105377 0.487326
vt 0.071252 0.455397
vt 0.202719 0.510767
vt 0.199201 0.513469
vt 0.254474 0.032566
vt 0.233845 0.027024
vt 0.222878 0.020265
vt 0.226965 0.019452
vt 0.190976 0.522075
vt 0.219509 0.027962
vt 0.228604 0.025569
vt 0.209899 0.035733
vt 0.224448 0.010812
vt 0.199637 0.015442
vt 0.189692 0.530211
vt 0.177832 0.533689
vt 0.207685 0.008391
vt 0.208804 0.010605
vt 0.180040 0.529129
vt 0.180844 0.531827
vt 0.185222 0.528801
vt 0.180527 0.525300
vt 0.178311 0.009002
vt 0.363030 0.040714
vt 0.163774 0.537380
vt 0.181786 0.006548
vt 0.168278 0.006562
vt 0.173414 0.008247
vt 0.151881 0.531759
vt 0.171564 0.003162
vt 0.143473 0.541183
vt 0.145745 0.542947
vt 0.137969 0.547560
vt 0.140440 0.547675
vt 0.147896 0.543509
vt 0.237004 0.014952
vt 0.233605 0.016284
vt 0.239794 0.016627
vt 0.226339 0.016083
vt 0.232247 0.013185
vt 0.374035 0.040129
vt 0.377780 0.038675
vt 0.365786 0.041216
vt 0.217602 0.013485
vt 0.349952 0.047897
vt 0.142809 0.536719
vt 0.147006 0.532775
vt 0.175086 0.511010
vt 0.149343 0.530364
vt 0.188719 0.528279
vt 0.054715 0.417454
vt 0.050878 0.416994
vt 0.034199 0.413138
vt 0.324236 0.060269
vt 0.311009 0.053011
vt 0.032938 0.344310
vt 0.032649 0.346444
vt 0.052688 0.351649
vt 0.145065 0.005860
vt 0.012034 0.431639
vt 0.010087 0.431400
vt 0.251275 0.025184
vt 0.254171 0.020817
vt 0.255976 0.020377
vt 0.081252 0.445638
vt 0.019457 0.089233
vt 0.018550 0.083380
vt 0.022133 0.079711
vt 0.022103 0.076446
vt 0.026344 0.075367
vt 0.014898 0.086426
vt 0.074016 0.441856
vt 0.069662 0.453546
vt 0.118131 0.009870
vt 0.073494 0.451729
vt 0.072981 0.454063
vt 0.053367 0.029533
vt 0.073153 0.447953
vt 0.010971 0.081428
vt 0.009528 0.084754
vt 0.014185 0.109430
vt 0.007290 0.104711
vt 0.011381 0.109056
vt 0.009315 0.403350
vt 0.015181 0.401101
vt 0.158065 0.369406
vt 0.157492 0.365947
vt 0.471764 0.278399
vt 0.506287 0.259065
vt 0.502792 0.259191
vt 0.476977 0.228904
vt 0.345988 0.391122
vt 0.341229 0.393136
vt 0.339999 0.390252
vt 0.368490 0.397189
vt 0.368819 0.393231
vt 0.359997 0.395748
vt 0.467698 0.233298
vt 0.522072 0.173420
vt 0.505942 0.159529
vt 0.490329 0.159603
vt 0.406128 0.089935
vt 0.500165 0.157517
vt 0.376297 0.091263
vt 0.373584 0.092325
vt 0.372444 0.093325
vt 0.468809 0.175264
vt 0.101843 0.383004
vt 0.487705 0.162702
vt 0.493463 0.161056
vt 0.492623 0.172761
vt 0.483123 0.162199
vt 0.425820 0.050870
vt 0.023654 0.086716
vt 0.001168 0.006079
vt 0.400826 0.365739
vt 0.396770 0.365323
vt 0.467771 0.157354
vt 0.050066 0.357265
vt 0.009006 0.002056
vt 0.007740 0.005625
vt 0.025995 0.430713
vt 0.028573 0.429748
vt 0.421507 0.356661
vt 0.416926 0.349848
vt 0.176303 0.443343
vt 0.007683 0.034190
vt 0.010329 0.036172
vt 0.014185 0.030325
vt 0.275986 0.386728
vt 0.277627 0.389083
vt 0.273426 0.385799
vt 0.010676 0.030915
vt 0.117705 0.428959
vt 0.118580 0.431639
vt 0.121589 0.431196
vt 0.121279 0.428308
vt 0.422533 0.325536
vt 0.422843 0.326971
vt 0.009523 0.009116
vt 0.014627 0.008776
vt 0.012141 0.006294
vt 0.008058 0.033737
vt 0.350589 0.079289
vt 0.349953 0.081059
vt 0.353484 0.080851
vt 0.354633 0.078178
vt 0.012384 0.016875
vt 0.406983 0.341563
vt 0.003978 0.015823
vt 0.002265 0.019415
vt 0.429075 0.359943
vt 0.431639 0.358628
vt 0.030397 0.429703
vt 0.340635 0.055434
vt 0.427941 0.280837
vt 0.419445 0.291452
vt 0.349745 0.069639
vt 0.343055 0.054737
vt 0.353508 0.070213
vt 0.426112 0.283862
vt 0.429642 0.279240
vt 0.422779 0.287674
vt 0.125309 0.352790
vt 0.412748 0.301512
vt 0.433354 0.273694
vt 0.443643 0.262556
vt 0.450411 0.252835
vt 0.447317 0.255070
vt 0.326434 0.069287
vt 0.418648 0.265893
vt 0.453842 0.249517
vt 0.383655 0.088108
vt 0.329232 0.070207
vt 0.448506 0.257658
vt 0.010218 0.050662
vt 0.008519 0.047671
vt 0.012159 0.048346
vt 0.440217 0.263449
vt 0.428833 0.245803
vt 0.428388 0.249096
vt 0.433465 0.240459
vt 0.432969 0.243641
vt 0.431273 0.247023
vt 0.433507 0.237069
vt 0.166569 0.407322
vt 0.434370 0.229276
vt 0.465511 0.237108
vt 0.182859 0.004053
vt 0.183349 0.001888
vt 0.186436 0.003294
vt 0.444906 0.221620
vt 0.442132 0.232044
vt 0.438406 0.234773
vt 0.366596 0.373341
vt 0.449607 0.219127
vt 0.448120 0.222805
vt 0.360843 0.373481
vt 0.099231 0.423776
vt 0.452197 0.216762
vt 0.095397 0.427586
vt 0.458003 0.201030
vt 0.457574 0.204411
vt 0.455724 0.208987
vt 0.373199 0.404708
vt 0.460753 0.195645
vt 0.460525 0.198484
vt 0.356934 0.399026
vt 0.355236 0.399867
vt 0.357824 0.401756
vt 0.360234 0.403507
vt 0.350194 0.403760
vt 0.362528 0.404598
vt 0.352074 0.404756
vt 0.460185 0.199296
vt 0.438061 0.223890
vt 0.085112 0.346527
vt 0.437725 0.237860
vt 0.372254 0.373043
vt 0.372648 0.378461
vt 0.366294 0.378666
vt 0.437410 0.238172
vt 0.442569 0.230776
vt 0.434232 0.223331
vt 0.348539 0.404770
vt 0.338145 0.405207
vt 0.465372 0.182350
vt 0.467179 0.183415
vt 0.469023 0.178822
vt 0.271548 0.397426
vt 0.463860 0.164538
vt 0.248051 0.396118
vt 0.329658 0.401718
vt 0.325588 0.401429
vt 0.332153 0.405203
vt 0.434297 0.378951
vt 0.435692 0.378254
vt 0.431614 0.372944
vt 0.431873 0.375167
vt 0.454739 0.154184
vt 0.235027 0.400783
vt 0.001334 0.133736
vt 0.004053 0.133977
vt 0.000869 0.135774
vt 0.465296 0.151920
vt 0.456865 0.152435
vt 0.115509 0.346527
vt 0.114362 0.345604
vt 0.112078 0.345415
vt 0.357976 0.380977
vt 0.147759 0.417264
vt 0.155365 0.413136
vt 0.158065 0.414050
vt 0.424517 0.117925
vt 0.427972 0.119257
vt 0.469731 0.157776
vt 0.038503 0.059206
vt 0.032232 0.067124
vt 0.030444 0.065322
vt 0.028342 0.070838
vt 0.033042 0.062906
vt 0.001628 0.071122
vt 0.018365 0.047074
vt 0.034450 0.064810
vt 0.216103 0.378251
vt 0.216396 0.388214
vt 0.423603 0.056820
vt 0.381097 0.302687
vt 0.004949 0.087138
vt 0.002722 0.086314
vt 0.004429 0.084764
vt 0.006079 0.085461
vt 0.034014 0.024075
vt 0.360661 0.085114
vt 0.366281 0.086996
vt 0.365042 0.085776
vt 0.050937 0.331069
vt 0.053830 0.332342
vt 0.054715 0.331755
vt 0.387929 0.300000
vt 0.033781 0.028456
vt 0.372872 0.087138
vt 0.034400 0.417434
vt 0.031714 0.030767
vt 0.044582 0.018632
vt 0.231400 0.021749
vt 0.230806 0.023218
vt 0.232797 0.024318
vt 0.237098 0.023226
vt 0.220416 0.422723
vt 0.039655 0.420911
vt 0.036510 0.421507
vt 0.042556 0.420395
vt 0.024272 0.034162
vt 0.021578 0.036762
vt 0.017071 0.038503
vt 0.035495 0.031146
vt 0.025701 0.416620
vt 0.028396 0.421203
vt 0.381295 0.306228
vt 0.378715 0.308685
vt 0.396447 0.290485
vt 0.394575 0.293931
vt 0.404163 0.282500
vt 0.401393 0.284710
vt 0.009042 0.324236
vt 0.010903 0.319932
vt 0.012159 0.322799
vt 0.416950 0.373617
vt 0.414120 0.375105
vt 0.416053 0.376930
vt 0.420111 0.374678
vt 0.417979 0.378456
vt 0.422454 0.376361
vt 0.391746 0.294517
vt 0.411421 0.373675
vt 0.408880 0.375121
vt 0.410659 0.377091
vt 0.411701 0.378951
vt 0.402715 0.283813
vt 0.406333 0.373538
vt 0.406096 0.376777
vt 0.402031 0.373031
vt 0.408147 0.378302
vt 0.398365 0.378107
vt 0.406673 0.278419
vt 0.417744 0.263505
vt 0.401909 0.378808
vt 0.414254 0.268582
vt 0.410264 0.273857
vt 0.391994 0.372701
vt 0.417856 0.264060
vt 0.387716 0.378363
vt 0.421874 0.258771
vt 0.399639 0.288315
vt 0.405616 0.267141
vt 0.421996 0.373821
vt 0.393116 0.296192
vt 0.426175 0.252716
vt 0.378047 0.378228
vt 0.427585 0.225077
vt 0.429533 0.248970
vt 0.420974 0.228715
vt 0.433800 0.242950
vt 0.412431 0.217339
vt 0.133735 0.417454
vt 0.119779 0.417138
vt 0.129081 0.417448
vt 0.397277 0.105394
vt 0.158528 0.379953
vt 0.161666 0.379693
vt 0.161536 0.377564
vt 0.388141 0.102281
vt 0.141246 0.379565
vt 0.413867 0.112685
vt 0.121623 0.373466
vt 0.349697 0.330318
vt 0.208014 0.386944
vt 0.210432 0.389083
vt 0.320295 0.343485
vt 0.358853 0.320453
vt 0.363225 0.316830
vt 0.369997 0.314294
vt 0.372530 0.312144
vt 0.019673 0.420951
vt 0.015798 0.415616
vt 0.014115 0.416477
vt 0.120934 0.377330
vt 0.341616 0.081068
vt 0.350590 0.085035
vt 0.046609 0.382558
vt 0.215841 0.021928
vt 0.218859 0.024318
vt 0.214584 0.023899
vt 0.358356 0.088688
vt 0.339730 0.087749
vt 0.178173 0.404774
vt 0.022291 0.436401
vt 0.021551 0.434692
vt 0.018078 0.435888
vt 0.018773 0.437719
vt 0.287595 0.386175
vt 0.280617 0.383629
vt 0.280526 0.385923
vt 0.272963 0.383990
vt 0.292947 0.338352
vt 0.292247 0.322786
vt 0.284213 0.238098
vt 0.297135 0.071556
vt 0.208438 0.400186
vt 0.212827 0.021784
vt 0.210339 0.023625
vt 0.207344 0.023154
vt 0.277650 0.046226
vt 0.052688 0.025515
vt 0.274551 0.044391
vt 0.270294 0.048292
vt 0.231105 0.517166
vt 0.237523 0.510460
vt 0.166819 0.441584
vt 0.166370 0.445666
vt 0.168594 0.445825
vt 0.170224 0.440809
vt 0.032312 0.378706
vt 0.042556 0.378943
vt 0.033250 0.380446
vt 0.243948 0.502431
vt 0.216479 0.524460
vt 0.218274 0.525459
vt 0.223031 0.523557
vt 0.027528 0.376668
vt 0.029344 0.372422
vt 0.208838 0.528216
vt 0.210785 0.528779
vt 0.289768 0.051392
vt 0.292305 0.054852
vt 0.410523 0.337242
vt 0.411375 0.338242
vt 0.247211 0.376331
vt 0.246785 0.043510
vt 0.215039 0.036568
vt 0.390432 0.015666
vt 0.362956 0.016018
vt 0.011690 0.372817
vt 0.395094 0.035800
vt 0.388797 0.036305
vt 0.247017 0.022291
vt 0.403280 0.033993
vt 0.382312 0.038919
vt 0.245005 0.017278
vt 0.192637 0.534122
vt 0.196200 0.533594
vt 0.021467 0.370638
vt 0.204217 0.531089
vt 0.149080 0.351848
vt 0.136758 0.348813
vt 0.183122 0.360566
vt 0.342864 0.016421
vt 0.157678 0.020045
vt 0.073342 0.020275
vt 0.193172 0.030634
vt 0.190616 0.374824
vt 0.192304 0.373304
vt 0.187458 0.373819
vt 0.196384 0.373348
vt 0.198595 0.371923
vt 0.081744 0.014260
vt 0.022333 0.318473
vt 0.078549 0.016654
vt 0.060284 0.330158
vt 0.003321 0.315311
vt 0.005088 0.150431
vt 0.236322 0.565342
vt 0.208842 0.566346
vt 0.196779 0.565959
vt 0.190931 0.564083
vt 0.190294 0.566742
vt 0.009485 0.543095
vt 0.019754 0.515814
vt 0.022382 0.511968
vt 0.020665 0.517849
vt 0.017679 0.521651
vt 0.017621 0.108837
vt 0.026009 0.507502
vt 0.153821 0.566746
vt 0.150748 0.562436
vt 0.048584 0.054253
vt 0.049111 0.048536
vt 0.045589 0.051356
vt 0.044915 0.054635
vt 0.142861 0.557464
vt 0.146476 0.559995
vt 0.028959 0.497986
vt 0.027267 0.502305
vt 0.050263 0.043732
vt 0.138819 0.566214
vt 0.134015 0.563961
vt 0.135681 0.560990
vt 0.131753 0.565854
vt 0.149959 0.443798
vt 0.131820 0.558012
vt 0.134642 0.555242
vt 0.031171 0.055837
vt 0.038041 0.487828
vt 0.059598 0.427907
vt 0.039495 0.483739
vt 0.036900 0.045706
vt 0.049775 0.474072
vt 0.149119 0.558243
vt 0.024393 0.505869
vt 0.290479 0.006358
vt 0.291865 0.004558
vt 0.089165 0.439587
vt 0.184059 0.372828
vt 0.050187 0.022291
vt 0.147528 0.356251
vt 0.186153 0.374898
vt 0.035081 0.056741
vt 0.070985 0.352478
vt 0.066377 0.352607
vt 0.074980 0.351143
vt 0.074034 0.351953
vt 0.487640 0.339859
vt 0.305526 0.001767
vt 0.291900 0.405295
vt 0.290713 0.404232
vt 0.298265 0.404323
vt 0.299773 0.405249
vt 0.267369 0.393136
vt 0.266039 0.393088
vt 0.270232 0.390931
vt 0.265683 0.392394
vt 0.201629 0.370673
vt 0.502340 0.175454
vt 0.107403 0.379392
vt 0.410497 0.092287
vt 0.009224 0.022842
vt 0.008725 0.022163
vt 0.002977 0.025621
vt 0.003303 0.026344
vt 0.518723 0.219231
vt 0.514717 0.235934
vt 0.509734 0.253989
vt 0.032418 0.003792
vt 0.002209 0.031072
vt 0.001200 0.032424
vt 0.019865 0.025182
vt 0.020265 0.024129
vt 0.508353 0.257081
vt 0.506808 0.260833
vt 0.506110 0.258453
vt 0.506985 0.258778
vt 0.507367 0.268673
vt 0.506444 0.278894
vt 0.073020 0.354810
vt 0.089012 0.348715
vt 0.429691 0.340242
vt 0.061145 0.354459
vt 0.060593 0.353470
vt 0.058475 0.354857
vt 0.058217 0.354039
vt 0.388998 0.351800
vt 0.389750 0.352319
vt 0.388596 0.354258
vt 0.243071 0.390612
vt 0.244870 0.390454
vt 0.373079 0.358515
vt 0.212233 0.381405
vt 0.209979 0.385297
vt 0.249257 0.385562
vt 0.188085 0.001617
vt 0.202648 0.009351
vt 0.202065 0.010132
vt 0.221893 0.392998
vt 0.212414 0.396110
vt 0.303776 0.395297
vt 0.302251 0.396176
vt 0.189310 0.405295
vt 0.002359 0.315560
vt 0.048635 0.358686
vt 0.044768 0.355862
vt 0.045242 0.355161
vt 0.037343 0.353027
vt 0.037459 0.352190
vt 0.215710 0.475270
vt 0.007146 0.137465
vt 0.376924 0.041728
vt 0.001830 0.088162
vt 0.000967 0.088117
vt 0.001093 0.091381
vt 0.001971 0.091155
vt 0.407020 0.063218
vt 0.409883 0.062890
vt 0.008946 0.103028
vt 0.010086 0.332016
vt 0.306876 0.060403
vt 0.082338 0.356731
vt 0.079863 0.358394
vt 0.076807 0.358686
vt 0.091191 0.352369
vt 0.124723 0.553666
vt 0.164145 0.439467
vt 0.162649 0.447851
vt 0.162048 0.447453
vt 0.163508 0.439712
vt 0.123466 0.413401
s 1
usemtl Laptop
f 874/1069/831 875/1070/832 1989/1071/1944
f 1981/1072/1936 1984/1073/1939 1983/1074/1938
f 1984/1073/1939 1987/1075/1942 1983/1074/1938
f 1983/1074/1938 1988/1076/1943 1986/1077/1941
f 1987/1075/1942 1992/1078/1947 1988/1076/1943
f 878/1079/835 1989/1080/1944 1992/1078/1947
f 1986/1077/1941 1994/1081/1949 2002/1082/1957
f 2002/1082/1957 1994/1081/1949 881/1083/838
f 1992/1078/1947 654/1084/611 2000/1085/1955
f 1997/1086/1952 1982/1087/1937 1974/1088/1929
f 1999/1089/1954 879/1090/836 1997/1086/1952
f 1999/1089/1954 613/1091/570 614/1092/571
f 1994/1081/1949 2000/1085/1955 2001/1093/1956
f 2001/1093/1956 1792/1094/1747 655/1095/612
f 759/1096/716 2002/1082/1957 760/1097/717
f 2003/1098/1958 1985/1099/1940 759/1096/716
f 2125/1100/2080 2003/1098/1958 911/1101/868
f 2006/1102/1961 884/1103/841 2007/1104/1962
f 2007/1104/1962 2014/1105/1969 2013/1106/1968
f 2009/1107/1964 2016/1108/1971 2024/1109/1979
f 2009/1107/1964 2024/1109/1979 2008/1110/1963
f 619/1111/576 2008/1110/1963 2025/1112/1980
f 2026/1113/1981 885/1114/842 2028/1115/1983
f 885/1114/842 886/1116/843 2030/1117/1985
f 2027/1118/1982 2029/1119/1984 886/1116/843
f 2030/1117/1985 1806/1120/1761 2032/1121/1987
f 1920/1122/1875 2026/1113/1981 666/1123/623
f 4507/1124/4452 2027/1118/1982 885/1114/842
f 4507/1124/4452 800/1125/757 2027/1118/1982
f 799/1126/756 2603/1127/2558 2029/1119/1984
f 2029/1119/1984 2034/1128/1989 887/1129/844
f 2028/1115/1983 2030/1117/1985 2022/1130/1977
f 2033/1131/1988 2041/1132/1996 887/1129/844
f 1935/1133/1890 1934/1134/1889 2603/1127/2558
f 833/1135/790 2035/1136/1990 2033/1131/1988
f 2035/1136/1990 2037/1137/1992 2033/1131/1988
f 2035/1136/1990 2038/1138/1993 2037/1137/1992
f 2038/1138/1993 1847/1139/1802 2039/1140/1994
f 2037/1137/1992 2039/1140/1994 2041/1132/1996
f 2040/1141/1995 711/1142/668 2041/1132/1996
f 832/1143/789 2036/1144/1991 2035/1136/1990
f 1847/1139/1802 711/1142/668 2040/1141/1995
f 2041/1132/1996 1804/1145/1759 1805/1146/1760
f 890/1147/847 2050/1148/2005 891/1149/848
f 891/1149/848 2050/1148/2005 1848/1150/1803
f 891/1149/848 1848/1150/1803 711/1142/668
f 1848/1150/1803 1803/1151/1758 1804/1145/1759
f 1847/1139/1802 889/1152/846 711/1142/668
f 897/1153/854 898/1154/855 896/1155/853
f 898/1154/855 899/1156/856 2065/1157/2020
f 2069/1158/2024 2068/1159/2023 900/1160/857
f 2089/1161/2044 904/1162/861 2088/1163/2043
f 2089/1161/2044 906/1164/863 904/1162/861
f 2092/1165/2047 2091/1166/2046 904/1162/861
f 2100/1167/2055 745/1168/702 2083/1169/2038
f 746/1170/703 906/1164/863 2089/1161/2044
f 2119/1171/2074 749/1172/706 2094/1173/2049
f 1878/1174/1833 4499/1175/4444 749/1172/706
f 2084/1176/2039 2085/1177/2040 2062/1178/2017
f 2084/1179/2039 2062/1180/2017 738/1181/695
f 912/1182/869 2106/1183/2061 745/1184/702
f 913/1185/870 911/1186/868 2108/1187/2063
f 746/1170/703 2112/1188/2067 747/1189/704
f 2113/1190/2068 2116/1191/2071 2112/1188/2067
f 2124/1192/2079 2100/1167/2055 1881/1193/1836
f 2106/1183/2061 746/1170/703 1877/1194/1832
f 1807/1195/1762 2131/1196/2086 2143/1197/2098
f 2136/1198/2091 2135/1199/2090 2133/1200/2088
f 2137/1201/2092 921/1202/878 2144/1203/2099
f 920/1204/877 2139/1205/2094 763/1206/720
f 636/1207/593 2141/1208/2096 2130/1209/2085
f 1772/1210/1727 2143/1197/2098 2142/1211/2097
f 1772/1210/1727 1807/1195/1762 2143/1197/2098
f 667/1212/624 668/1213/625 2136/1198/2091
f 669/1214/626 782/1215/739 2139/1205/2094
f 921/1202/878 765/1216/722 2144/1203/2099
f 612/1217/569 2132/1218/2087 611/1219/568
f 2156/1220/2111 2162/1221/2117 2163/1222/2118
f 2146/1223/2101 2148/1224/2103 2156/1220/2111
f 763/1206/720 922/1225/879 2150/1226/2105
f 923/1227/880 2151/1228/2106 924/1229/881
f 2155/1230/2110 633/1231/590 634/1232/591
f 2154/1233/2109 925/1234/882 1885/1235/1840
f 2163/1222/2118 1771/1236/1726 600/1237/557
f 2144/1203/2099 2156/1220/2111 2140/1238/2095
f 2146/1223/2101 2156/1220/2111 2144/1203/2099
f 2330/1239/2285 1808/1240/1763 922/1225/879
f 2160/1241/2115 768/1242/725 1886/1243/1841
f 2152/1244/2107 634/1232/591 2161/1245/2116
f 2172/1246/2127 671/1247/628 2165/1248/2120
f 927/1249/884 928/1250/885 926/1251/883
f 1890/1252/1845 770/1253/727 929/1254/886
f 1886/1255/1841 926/1256/883 1770/1257/1725
f 768/1242/725 1885/1235/1840 927/1249/884
f 767/1258/724 2173/1259/2128 2172/1260/2127
f 2158/1261/2113 4510/1262/4455 2173/1263/2128
f 2183/1264/2138 1768/1265/1723 629/1266/586
f 2178/1267/2133 2184/1268/2139 2189/1269/2144
f 2190/1270/2145 2191/1271/2146 2192/1272/2147
f 930/1273/887 2177/1274/2132 769/1275/726
f 930/1273/887 1889/1276/1844 2177/1274/2132
f 2199/1277/2154 1893/1278/1848 772/1279/729
f 2201/1280/2156 2203/1281/2158 2222/1282/2177
f 2202/1283/2157 2205/1284/2160 2204/1285/2159
f 2206/1286/2161 2210/1287/2165 938/1288/895
f 2203/1281/2158 2212/1289/2167 2221/1290/2176
f 2208/1291/2163 2214/1292/2169 2211/1293/2166
f 2212/1289/2167 940/1294/897 2220/1295/2175
f 2214/1292/2169 2213/1296/2168 2211/1293/2166
f 2215/1297/2170 2239/1298/2194 938/1288/895
f 1893/1278/1848 1892/1299/1847 2202/1283/2157
f 2217/1300/2172 2205/1284/2160 771/1301/728
f 939/1302/896 2214/1303/2169 1895/1304/1850
f 940/1294/897 1897/1305/1852 625/1306/582
f 2203/1281/2158 627/1307/584 2222/1282/2177
f 2239/1308/2194 1895/1309/1850 943/1310/900
f 942/1311/899 945/1312/902 944/1313/901
f 2223/1314/2178 2233/1315/2188 943/1316/900
f 2228/1317/2183 2234/1318/2189 946/1319/903
f 2232/1320/2187 947/1321/904 1899/1322/1854
f 1895/1323/1850 1896/1324/1851 941/1325/898
f 1894/1326/1849 943/1327/900 2239/1328/2194
f 1819/1329/1774 773/1330/730 2236/1331/2191
f 774/1332/731 775/1333/732 2235/1334/2190
f 4458/1335/4405 2232/1320/2187 622/1336/579
f 942/1311/899 2241/1337/2196 1767/1338/1722
f 2243/1339/2198 775/1333/732 2246/1340/2201
f 775/1333/732 2247/1341/2202 2249/1342/2204
f 950/1343/907 2254/1344/2209 2245/1345/2200
f 2256/1346/2211 2252/1347/2207 2259/1348/2214
f 2252/1347/2207 2258/1349/2213 2259/1348/2214
f 1899/1322/1854 1766/1350/1721 1900/1351/1855
f 1899/1322/1854 2242/1352/2197 1766/1350/1721
f 773/1330/730 1821/1353/1776 2247/1341/2202
f 4456/1354/4403 2261/1355/2216 1764/1356/1719
f 620/1357/577 2251/1358/2206 2261/1355/2216
f 2275/1359/2230 2265/1360/2220 2274/1361/2229
f 2274/1361/2229 952/1362/909 619/1111/576
f 2268/1363/2223 953/1364/910 952/1362/909
f 777/1365/734 2266/1366/2221 778/1367/735
f 2259/1348/2214 776/1368/733 2264/1369/2219
f 780/1370/737 2005/1371/1960 2008/1110/1963
f 2282/1372/2237 2284/1373/2239 2278/1374/2233
f 2284/1373/2239 2291/1375/2246 669/1214/626
f 2282/1372/2237 2291/1375/2246 2284/1373/2239
f 2289/1376/2244 959/1377/916 4509/1378/4454
f 2293/1379/2248 955/1380/912 1807/1195/1762
f 3599/1381/3551 955/1382/912 639/1383/596
f 641/1384/598 2294/1385/2249 2277/1386/2232
f 2294/1385/2249 2280/1387/2235 2277/1386/2232
f 2280/1387/2235 1823/1388/1778 2295/1389/2250
f 2287/1390/2242 1824/1391/1779 2288/1392/2243
f 959/1377/916 2292/1393/2247 2296/1394/2251
f 2291/1375/2246 781/1395/738 1905/1396/1860
f 955/1380/912 2131/1196/2086 1807/1195/1762
f 781/1397/738 2300/1398/2255 2299/1399/2254
f 961/1400/918 2302/1401/2257 2308/1402/2263
f 962/1403/919 2308/1402/2263 2310/1404/2265
f 2314/1405/2269 2315/1406/2270 2319/1407/2274
f 1903/1408/1858 1824/1391/1779 681/1409/638
f 1903/1408/1858 681/1409/638 960/1410/917
f 977/1411/934 2338/1412/2293 979/1413/936
f 986/1414/943 2354/1415/2309 1912/1416/1867
f 986/1414/943 985/1417/942 2354/1415/2309
f 2353/1418/2308 787/1419/744 1910/1420/1865
f 2358/1421/2313 1912/1416/1867 1811/1422/1766
f 786/1423/743 988/1424/945 2367/1425/2322
f 2366/1426/2321 2368/1427/2323 2395/1428/2350
f 1911/1429/1866 2367/1425/2322 2373/1430/2328
f 2370/1431/2325 2376/1432/2331 2375/1433/2330
f 2373/1430/2328 989/1434/946 2376/1432/2331
f 989/1434/946 2377/1435/2332 2383/1436/2338
f 2377/1435/2332 2385/1437/2340 2389/1438/2344
f 2385/1437/2340 1829/1439/1784 788/1440/745
f 1912/1416/1867 2390/1441/2345 1811/1422/1766
f 687/1442/644 688/1443/645 2377/1435/2332
f 2377/1435/2332 688/1443/645 2385/1437/2340
f 688/1443/645 1829/1439/1784 2385/1437/2340
f 1829/1439/1784 1830/1444/1785 2402/1445/2357
f 2387/1446/2342 791/1447/748 2419/1448/2374
f 2419/1449/2374 791/1450/748 2399/1451/2354
f 789/1452/746 788/1440/745 2400/1453/2355
f 788/1440/745 992/1454/949 2406/1455/2361
f 2399/1456/2354 2404/1457/2359 2403/1458/2358
f 2406/1459/2361 992/1460/949 2407/1461/2362
f 2408/1462/2363 2410/1463/2365 2423/1464/2378
f 2415/1465/2370 2417/1466/2372 2423/1464/2378
f 2402/1445/2357 4511/1467/4456 994/1468/951
f 994/1468/951 4511/1467/4456 2418/1469/2373
f 2422/1470/2377 2423/1471/2378 1818/1472/1773
f 2210/1287/2165 2423/1471/2378 2422/1470/2377
f 1817/1473/1772 2424/1474/2379 937/1475/894
f 2426/1476/2381 2436/1477/2391 2437/1478/2392
f 2425/1479/2380 2426/1480/2381 1916/1481/1871
f 792/1482/749 2428/1483/2383 1914/1484/1869
f 996/1485/953 997/1486/954 2428/1483/2383
f 2431/1487/2386 2432/1488/2387 2430/1489/2385
f 1832/1490/1787 1000/1491/957 999/1492/956
f 2579/1493/2534 793/1494/750 1000/1491/957
f 2430/1495/2385 2448/1496/2403 2433/1497/2388
f 2433/1498/2388 1917/1499/1872 1819/1500/1774
f 2436/1501/2391 1819/1502/1774 2236/1503/2191
f 2436/1504/2391 2236/1505/2191 2437/1506/2392
f 2438/1507/2393 2439/1508/2394 1820/1509/1775
f 2440/1510/2395 2439/1508/2394 2438/1507/2393
f 2442/1511/2397 2441/1512/2396 2440/1510/2395
f 2441/1512/2396 2446/1513/2401 2445/1514/2400
f 2441/1512/2396 1002/1515/959 2446/1513/2401
f 2446/1513/2401 796/1516/753 797/1517/754
f 2442/1511/2397 690/1518/647 691/1519/648
f 691/1519/648 1002/1515/959 2442/1511/2397
f 2447/1520/2402 1919/1521/1874 676/1522/633
f 2447/1520/2402 1918/1523/1873 1919/1521/1874
f 1821/1353/1776 2439/1508/2394 2443/1524/2398
f 1821/1353/1776 2443/1524/2398 2247/1341/2202
f 2449/1525/2404 1003/1526/960 2450/1527/2405
f 2449/1525/2404 2450/1527/2405 2452/1528/2407
f 2449/1525/2404 2452/1528/2407 2457/1529/2412
f 2450/1527/2405 2453/1530/2408 2452/1528/2407
f 2452/1528/2407 2453/1530/2408 2455/1531/2410
f 2453/1530/2408 693/1532/650 799/1126/756
f 693/1532/650 2607/1533/2562 799/1126/756
f 2453/1530/2408 799/1126/756 800/1125/757
f 2467/1534/2422 2479/1535/2434 2470/1536/2425
f 1008/1537/965 1009/1538/966 2471/1539/2426
f 1010/1540/967 1011/1541/968 2475/1542/2430
f 4479/1543/4426 2478/1544/2433 645/1545/602
f 2480/1546/2435 1835/1547/1790 2483/1548/2438
f 1922/1549/1877 802/1550/759 2471/1551/2426
f 2482/1552/2437 2487/1553/2442 1014/1554/971
f 1018/1555/975 2498/1556/2453 2504/1557/2459
f 2483/1548/2438 698/1558/655 1015/1559/972
f 1022/1560/979 2513/1561/2468 1023/1562/980
f 2518/1563/2473 1837/1564/1792 2524/1565/2479
f 2529/1566/2484 1928/1567/1883 806/1568/763
f 2542/1569/2497 1033/1570/990 2547/1571/2502
f 1032/1572/989 2547/1571/2502 2546/1573/2501
f 2547/1571/2502 1036/1574/993 2546/1573/2501
f 2544/1575/2499 2549/1576/2504 2548/1577/2503
f 1036/1574/993 2548/1577/2503 2552/1578/2507
f 2553/1579/2508 2557/1580/2512 2552/1578/2507
f 821/1581/778 1940/1582/1895 2544/1575/2499
f 2556/1583/2511 705/1584/662 810/1585/767
f 810/1585/767 811/1586/768 2554/1587/2509
f 2558/1588/2513 2559/1589/2514 2569/1590/2524
f 811/1586/768 1037/1591/994 2559/1589/2514
f 2560/1592/2515 1838/1593/1793 2562/1594/2517
f 2561/1595/2516 1037/1591/994 811/1586/768
f 2560/1592/2515 2563/1596/2518 2561/1595/2516
f 2566/1597/2521 2565/1598/2520 2569/1590/2524
f 2565/1598/2520 1831/1599/1786 2569/1590/2524
f 1038/1600/995 2566/1597/2521 1037/1591/994
f 1038/1600/995 2564/1601/2519 813/1602/770
f 1039/1603/996 1840/1604/1795 2567/1605/2522
f 811/1586/768 2559/1589/2514 2554/1587/2509
f 2560/1592/2515 2561/1595/2516 811/1586/768
f 810/1585/767 1838/1593/1793 2560/1592/2515
f 1839/1606/1794 706/1607/663 2562/1594/2517
f 2565/1598/2520 814/1608/771 689/1609/646
f 1831/1599/1786 2565/1598/2520 2421/1610/2376
f 2580/1611/2535 2568/1612/2523 2572/1613/2527
f 2568/1612/2523 2570/1614/2525 2572/1613/2527
f 2575/1615/2530 2579/1493/2534 2571/1616/2526
f 1842/1617/1797 2573/1618/2528 812/1619/769
f 2596/1620/2551 2584/1621/2539 2579/1493/2534
f 1832/1490/1787 2579/1493/2534 1000/1491/957
f 2596/1620/2551 2585/1622/2540 2584/1621/2539
f 2590/1623/2545 2593/1624/2548 816/1625/773
f 2582/1626/2537 2583/1627/2538 2578/1628/2533
f 2681/1629/2636 2694/1630/2649 2583/1627/2538
f 2591/1631/2546 2605/1632/2560 2597/1633/2552
f 690/1518/647 2588/1634/2543 691/1519/648
f 2584/1621/2539 2588/1634/2543 690/1518/647
f 2604/1635/2559 2599/1636/2554 1044/1637/1001
f 1043/1638/1000 1845/1639/1800 2600/1640/2555
f 2599/1636/2554 1935/1133/1890 1044/1637/1001
f 2599/1636/2554 2601/1641/2556 1045/1642/1002
f 2601/1641/2556 710/1643/667 1045/1642/1002
f 2607/1533/2562 2602/1644/2557 2603/1127/2558
f 816/1625/773 2604/1635/2559 1833/1645/1788
f 2593/1624/2548 2597/1633/2552 2604/1635/2559
f 1045/1642/1002 1934/1134/1889 1935/1133/1890
f 2607/1533/2562 2603/1127/2558 799/1126/756
f 1046/1646/1003 2613/1647/2568 2624/1648/2579
f 2611/1649/2566 2614/1650/2569 1049/1651/1006
f 2612/1652/2567 2611/1649/2566 2615/1653/2570
f 2617/1654/2572 1049/1651/1006 2620/1655/2575
f 2619/1656/2574 2620/1655/2575 2622/1657/2577
f 2620/1655/2575 2623/1658/2578 2622/1657/2577
f 1780/1659/1735 646/1660/603 2624/1648/2579
f 647/1661/604 1781/1662/1736 1047/1663/1004
f 2616/1664/2571 2626/1665/2581 2618/1666/2573
f 2480/1546/2435 2627/1667/2582 1835/1547/1790
f 696/1668/653 2620/1655/2575 2619/1656/2574
f 1054/1669/1011 2632/1670/2587 1055/1671/1012
f 2629/1672/2584 2630/1673/2585 2635/1674/2590
f 2630/1673/2585 1053/1675/1010 2633/1676/2588
f 1053/1675/1010 2634/1677/2589 2633/1676/2588
f 1055/1671/1012 2632/1670/2587 2636/1678/2591
f 2630/1673/2585 2633/1676/2588 2635/1674/2590
f 2633/1676/2588 2638/1679/2593 2640/1680/2595
f 2639/1681/2594 717/1682/674 818/1683/775
f 1835/1547/1790 817/1684/774 697/1685/654
f 2631/1686/2586 1851/1687/1806 2628/1688/2583
f 716/1689/673 2756/1690/2711 717/1682/674
f 701/1691/658 1056/1692/1013 1836/1693/1791
f 2494/1694/2449 2636/1678/2591 803/1695/760
f 697/1685/654 817/1684/774 698/1558/655
f 2646/1696/2601 2653/1697/2608 2651/1698/2606
f 2650/1699/2605 2649/1700/2604 2652/1701/2607
f 819/1702/776 2641/1703/2596 1057/1704/1014
f 717/1682/674 605/1705/562 2646/1696/2601
f 2648/1706/2603 2655/1707/2610 1939/1708/1894
f 1058/1709/1015 2652/1701/2607 821/1581/778
f 2655/1707/2610 2658/1710/2613 2659/1711/2614
f 2658/1710/2613 2656/1712/2611 2664/1713/2619
f 2662/1714/2617 2666/1715/2621 1061/1716/1018
f 2655/1707/2610 1938/1717/1893 2656/1712/2611
f 820/1718/777 719/1719/676 2666/1715/2621
f 2666/1715/2621 1856/1720/1811 2667/1721/2622
f 1061/1716/1018 2667/1721/2622 822/1722/779
f 1940/1582/1895 2659/1711/2614 2544/1575/2499
f 2670/1723/2625 2671/1724/2626 2669/1725/2624
f 2668/1726/2623 2671/1724/2626 2672/1727/2627
f 720/1728/677 2669/1725/2624 1856/1720/1811
f 2672/1727/2627 2673/1729/2628 1841/1730/1796
f 706/1607/663 2672/1727/2627 1840/1604/1795
f 1942/1731/1897 2674/1732/2629 2673/1729/2628
f 2794/1733/2749 2674/1732/2629 1942/1731/1897
f 1063/1734/1020 2676/1735/2631 1842/1617/1797
f 2674/1732/2629 2677/1736/2632 2673/1729/2628
f 2677/1736/2632 2676/1735/2631 1063/1734/1020
f 2670/1723/2625 2796/1737/2751 2794/1733/2749
f 1095/1738/1052 721/1739/678 2678/1740/2633
f 2679/1741/2634 825/1742/782 2675/1743/2630
f 1945/1744/1900 825/1742/782 2679/1741/2634
f 825/1742/782 2582/1626/2537 2675/1743/2630
f 1063/1734/1020 1842/1617/1797 1841/1730/1796
f 823/1745/780 1064/1746/1021 1943/1747/1898
f 825/1742/782 2682/1748/2637 2681/1629/2636
f 2687/1749/2642 708/1750/665 2694/1630/2649
f 2711/1751/2666 2714/1752/2669 709/1753/666
f 2712/1754/2667 1072/1755/1029 2711/1751/2666
f 724/1756/681 1071/1757/1028 1070/1758/1027
f 1862/1759/1817 2713/1760/2668 1071/1757/1028
f 710/1643/667 709/1753/666 1846/1761/1801
f 709/1753/666 2714/1752/2669 1846/1761/1801
f 2723/1762/2678 1074/1763/1031 2725/1764/2680
f 1074/1765/1031 2726/1766/2681 1073/1767/1030
f 2727/1768/2682 1077/1769/1034 1076/1770/1033
f 2730/1771/2685 2743/1772/2698 2732/1773/2687
f 2736/1774/2691 2731/1775/2686 2738/1776/2693
f 2733/1777/2688 2741/1778/2696 2737/1779/2692
f 2744/1780/2699 1868/1781/1823 2741/1778/2696
f 1785/1782/1740 2724/1783/2679 1784/1784/1739
f 712/1785/669 2746/1786/2701 1850/1787/1805
f 1852/1788/1807 2747/1789/2702 2766/1790/2721
f 1079/1791/1036 2748/1792/2703 2755/1793/2710
f 2755/1793/2710 2758/1794/2713 2759/1795/2714
f 2757/1796/2712 1081/1797/1038 1085/1798/1042
f 1948/1799/1903 2740/1800/2695 2747/1789/2702
f 2760/1801/2715 730/1802/687 2763/1803/2718
f 2764/1804/2719 2763/1803/2718 2767/1805/2722
f 1084/1806/1041 2759/1795/2714 2761/1807/2716
f 2781/1808/2736 2767/1805/2722 2772/1809/2727
f 1088/1810/1045 2768/1811/2723 2778/1812/2733
f 2770/1813/2725 1087/1814/1044 2774/1815/2729
f 2767/1805/2722 1088/1810/1045 2777/1816/2732
f 1089/1817/1046 2772/1809/2727 2776/1818/2731
f 2772/1809/2727 2777/1816/2732 2776/1818/2731
f 1088/1810/1045 2778/1812/2733 2780/1819/2735
f 1949/1820/1904 837/1821/794 1087/1814/1044
f 2776/1818/2731 839/1822/796 840/1823/797
f 2779/1824/2734 840/1823/797 2787/1825/2742
f 1854/1826/1809 1853/1827/1808 1855/1828/1810
f 2653/1697/2608 2782/1829/2737 718/1830/675
f 839/1822/796 2783/1831/2738 2785/1832/2740
f 840/1823/797 2785/1832/2740 2786/1833/2741
f 2784/1834/2739 1869/1835/1824 1092/1836/1049
f 719/1719/676 2787/1825/2742 1856/1720/1811
f 2788/1837/2743 2790/1838/2745 720/1728/677
f 1856/1720/1811 2791/1839/2746 720/1728/677
f 2792/1840/2747 2793/1841/2748 2789/1842/2744
f 2796/1737/2751 1095/1738/1052 2794/1733/2749
f 1095/1738/1052 2798/1843/2753 721/1739/678
f 2797/1844/2752 1097/1845/1054 606/1846/563
f 2800/1847/2755 2802/1848/2757 2797/1844/2752
f 2799/1849/2754 1098/1850/1055 2801/1851/2756
f 2802/1848/2757 2808/1852/2763 1097/1845/1054
f 2800/1847/2755 2801/1851/2756 2803/1853/2758
f 1098/1850/1055 1870/1854/1825 2804/1855/2759
f 2806/1856/2761 2807/1857/2762 2802/1858/2757
f 2803/1853/2758 2806/1859/2761 2802/1848/2757
f 842/1860/799 2809/1861/2764 2806/1859/2761
f 606/1846/563 2690/1862/2645 823/1745/780
f 2812/1863/2767 2816/1864/2771 2811/1865/2766
f 2816/1864/2771 1101/1866/1058 2815/1867/2770
f 2821/1868/2776 1103/1869/1060 2820/1870/2775
f 2822/1871/2777 1103/1869/1060 2821/1868/2776
f 2826/1872/2781 1106/1873/1063 2828/1874/2783
f 2829/1875/2784 2810/1876/2765 2809/1861/2764
f 2830/1877/2785 1871/1878/1826 2812/1879/2767
f 1106/1880/1063 2042/1881/1997 2828/1882/2783
f 2828/1882/2783 1951/1883/1906 1105/1884/1062
f 2833/1885/2788 1951/1883/1906 2055/1886/2010
f 2836/1887/2791 1108/1888/1065 2835/1889/2790
f 2838/1890/2793 2846/1891/2801 1952/1892/1907
f 2838/1890/2793 1952/1892/1907 727/1893/684
f 726/1894/683 2834/1895/2789 1868/1781/1823
f 2847/1896/2802 2849/1897/2804 2848/1898/2803
f 2849/1897/2804 2904/1899/2859 2848/1898/2803
f 2851/1900/2806 2847/1896/2802 732/1901/689
f 1952/1892/1907 2847/1896/2802 2852/1902/2807
f 2850/1903/2805 740/1904/697 2849/1897/2804
f 740/1904/697 2901/1905/2856 2849/1897/2804
f 2848/1898/2803 2853/1906/2808 2854/1907/2809
f 732/1901/689 2848/1898/2803 2857/1908/2812
f 2851/1900/2806 732/1901/689 731/1909/688
f 729/1910/686 2852/1902/2807 730/1802/687
f 2854/1907/2809 2855/1911/2810 1110/1912/1067
f 2855/1911/2810 2853/1906/2808 845/1913/802
f 2853/1906/2808 2913/1914/2868 845/1913/802
f 1110/1912/1067 2855/1911/2810 1111/1915/1068
f 2857/1908/2812 2854/1907/2809 2856/1916/2811
f 1111/1915/1068 1112/1917/1069 1953/1918/1908
f 2858/1919/2813 1953/1918/1908 2860/1920/2815
f 1869/1835/1824 2858/1919/2813 2860/1920/2815
f 1110/1912/1067 1111/1915/1068 2858/1919/2813
f 2856/1916/2811 1110/1912/1067 1869/1835/1824
f 1953/1918/1908 734/1921/691 2792/1840/2747
f 1953/1918/1908 2861/1922/2816 1955/1923/1910
f 2862/1924/2817 2864/1925/2819 2863/1926/2818
f 1953/1918/1908 2792/1840/2747 2860/1920/2815
f 1112/1917/1069 2861/1922/2816 1953/1918/1908
f 2864/1925/2819 2920/1927/2875 1113/1928/1070
f 734/1921/691 846/1929/803 847/1930/804
f 2793/1841/2748 734/1921/691 847/1930/804
f 1955/1923/1910 1954/1931/1909 2866/1932/2821
f 1954/1931/1909 1114/1933/1071 2866/1932/2821
f 846/1929/803 2866/1932/2821 1096/1934/1053
f 2866/1932/2821 1114/1933/1071 2870/1935/2825
f 1114/1933/1071 2869/1936/2824 2868/1937/2823
f 2871/1938/2826 2872/1939/2827 2873/1940/2828
f 1961/1941/1916 1956/1942/1911 2871/1938/2826
f 1876/1943/1831 1956/1942/1911 1961/1941/1916
f 1876/1943/1831 855/1944/812 1956/1942/1911
f 2879/1945/2834 2892/1946/2847 2878/1947/2833
f 2876/1948/2831 2888/1949/2843 2877/1950/2832
f 2883/1951/2838 744/1952/701 2882/1953/2837
f 1956/1942/1911 855/1944/812 742/1954/699
f 742/1954/699 2933/1955/2888 2876/1948/2831
f 857/1956/814 610/1957/567 744/1952/701
f 1879/1958/1834 1130/1959/1087 2904/1899/2859
f 2904/1899/2859 2956/1960/2911 2913/1914/2868
f 2913/1914/2868 2909/1961/2864 2908/1962/2863
f 2908/1962/2863 2910/1963/2865 2912/1964/2867
f 2909/1961/2864 2955/1965/2910 2911/1966/2866
f 2911/1966/2866 754/1967/711 851/1968/808
f 754/1967/711 2915/1969/2870 2916/1970/2871
f 2913/1914/2868 2908/1962/2863 2912/1964/2867
f 754/1967/711 2959/1971/2914 2915/1969/2870
f 2912/1964/2867 2917/1972/2872 2921/1973/2876
f 2913/1914/2868 2912/1964/2867 2859/1974/2814
f 2916/1970/2871 1960/1975/1915 2918/1976/2873
f 2917/1972/2872 2914/1977/2869 2922/1978/2877
f 2914/1977/2869 852/1979/809 2922/1978/2877
f 2918/1976/2873 2924/1980/2879 2923/1981/2878
f 852/1979/809 1121/1982/1078 2925/1983/2880
f 2919/1984/2874 2923/1981/2878 1121/1982/1078
f 1121/1982/1078 2923/1981/2878 2926/1985/2881
f 2920/1927/2875 2922/1978/2877 741/1986/698
f 4512/1987/4457 2929/1988/2884 2928/1989/2883
f 755/1990/712 853/1991/810 4513/1992/4458
f 2931/1993/2886 4513/1992/4458 854/1994/811
f 853/1991/810 1964/1995/1919 2932/1996/2887
f 853/1991/810 2934/1997/2889 854/1994/811
f 853/1991/810 2936/1998/2891 2934/1997/2889
f 2934/1997/2889 1122/1999/1079 2942/2000/2897
f 2936/1998/2891 757/2001/714 1122/1999/1079
f 2939/2002/2894 1962/2003/1917 2938/2004/2893
f 1125/2005/1082 2945/2006/2900 1124/2007/1081
f 752/2008/709 753/2009/710 2905/2010/2860
f 2952/2011/2907 2950/2012/2905 1128/2013/1085
f 761/2014/718 1129/2015/1086 2951/2016/2906
f 762/2017/719 2981/2018/2934 1130/1959/1087
f 2954/2019/2909 2900/2020/2855 750/2021/707
f 2956/1960/2911 2957/2022/2912 2955/1965/2910
f 2958/2023/2913 2957/2022/2912 2959/1971/2914
f 2957/2022/2912 864/2024/821 2959/1971/2914
f 2959/1971/2914 755/1990/712 1880/2025/1835
f 2959/1971/2914 2987/2026/2940 2960/2027/2915
f 2960/2027/2915 1131/2028/1088 858/2029/815
f 1131/2028/1088 1132/2030/1089 1133/2031/1090
f 1133/2031/1090 1134/2032/1091 1964/1995/1919
f 2961/2033/2916 2962/2034/2917 859/2035/816
f 1880/2025/1835 755/1990/712 2927/2036/2882
f 2962/2034/2917 3003/2037/2956 1135/2038/1092
f 1134/2032/1091 2961/2033/2916 2932/1996/2887
f 859/2035/816 2965/2039/2920 1136/2040/1093
f 2964/2041/2919 2968/2042/2923 2965/2039/2920
f 1137/2043/1094 2967/2044/2922 757/2001/714
f 757/2001/714 2967/2044/2922 2941/2045/2896
f 2961/2033/2916 859/2035/816 2963/2046/2918
f 2968/2042/2923 1882/2047/1837 2966/2048/2921
f 756/2049/713 1137/2043/1094 757/2001/714
f 863/2050/820 2980/2051/2933 762/2017/719
f 2984/2052/2937 2982/2053/2935 863/2050/820
f 2981/2018/2934 2983/2054/2936 1130/1959/1087
f 2983/2054/2936 1787/2055/1742 1967/2056/1922
f 866/2057/823 1143/2058/1099 1144/2059/1100
f 866/2057/823 1969/2060/1924 2987/2026/2940
f 649/2061/606 1788/2062/1743 865/2063/822
f 2995/2064/2948 2992/2065/2945 3002/2066/2955
f 1150/2067/1106 3002/2066/2955 1155/2068/1111
f 1150/2067/1106 1155/2068/1111 3009/2069/2962
f 2992/2070/2945 3012/2071/2965 1151/2072/1107
f 650/2073/607 3043/2074/2996 3012/2075/2965
f 3002/2066/2955 867/2076/824 3022/2077/2975
f 3003/2037/2956 870/2078/827 2968/2042/2923
f 3017/2079/2970 3018/2080/2971 3021/2081/2974
f 3018/2080/2971 3022/2077/2975 3023/2082/2976
f 3026/2083/2979 3019/2084/2972 3030/2085/2983
f 1162/2086/1118 3030/2085/2983 1169/2087/1125
f 1167/2088/1123 3031/2089/2984 1171/2090/1127
f 1170/2091/1126 1171/2092/1127 3039/2093/2992
f 872/2094/829 1975/2095/1930 3039/2093/2992
f 1155/2068/1111 3022/2077/2975 3018/2080/2971
f 3042/2096/2995 3046/2097/2999 3041/2098/2994
f 1461/2099/1417 3260/2100/3212 1460/2101/1416
f 3258/2102/3210 3264/2103/3216 3248/2104/3200
f 1462/2105/1418 3262/2106/3214 3259/2107/3211
f 3265/2108/3217 3270/2109/3222 3266/2110/3218
f 3258/2102/3210 3268/2111/3220 3264/2103/3216
f 3271/2112/3223 3273/2113/3225 3260/2100/3212
f 3273/2113/3225 3274/2114/3226 3268/2115/3220
f 3277/2116/3229 1208/2117/1164 3248/2118/3200
f 3272/2119/3224 3076/2120/3028 3273/2113/3225
f 1344/2121/1300 3285/2122/3237 3281/2123/3233
f 3281/2123/3233 3282/2124/3234 3566/2125/3518
f 1343/2126/1299 1216/2127/1172 1342/2128/1298
f 3282/2124/3234 1465/2129/1421 1343/2126/1299
f 3285/2122/3237 1464/2130/1420 3281/2123/3233
f 3283/2131/3235 3287/2132/3239 1465/2129/1421
f 3286/2133/3238 1183/2134/1139 3287/2132/3239
f 3285/2122/3237 3287/2132/3239 3283/2131/3235
f 3566/2125/3518 3282/2124/3234 1343/2126/1299
f 1342/2128/1298 1216/2127/1172 3182/2135/3134
f 3284/2136/3236 3287/2132/3239 3295/2137/3247
f 3286/2133/3238 4450/2138/4397 1183/2134/1139
f 4451/2139/4398 3286/2133/3238 1463/2140/1419
f 4452/2141/4399 1463/2140/1419 4453/2142/4400
f 3052/2143/3005 3288/2144/3240 3168/2145/3120
f 3288/2144/3240 1463/2140/1419 1344/2121/1300
f 3182/2135/3134 3289/2146/3241 1374/2147/1330
f 1467/2148/1423 3298/2149/3250 3297/2150/3249
f 1215/2151/1171 3085/2152/3037 3298/2149/3250
f 3287/2132/3239 1215/2151/1171 3295/2137/3247
f 3297/2150/3249 3298/2149/3250 3296/2153/3248
f 3298/2149/3250 3303/2154/3255 1245/2155/1201
f 3301/2156/3253 3128/2157/3080 1429/2158/1385
f 3302/2159/3254 3303/2154/3255 3128/2157/3080
f 1245/2155/1201 3299/2160/3251 3206/2161/3158
f 3303/2154/3255 1214/2162/1170 3316/2163/3268
f 1469/2164/1425 3312/2165/3264 1470/2166/1426
f 1470/2166/1426 3318/2167/3270 1427/2168/1383
f 3312/2165/3264 3315/2169/3267 1470/2166/1426
f 1470/2166/1426 3310/2170/3262 3304/2171/3256
f 3315/2169/3267 3316/2163/3268 3310/2170/3262
f 3310/2170/3262 3317/2172/3269 3313/2173/3265
f 3312/2165/3264 1469/2164/1425 1428/2174/1384
f 3128/2157/3080 3314/2175/3266 3312/2165/3264
f 1429/2158/1385 3128/2157/3080 3312/2165/3264
f 3333/2176/3285 3331/2177/3283 3330/2178/3282
f 3334/2179/3286 3333/2180/3285 3330/2181/3282
f 3333/2176/3285 3351/2182/3303 3331/2177/3283
f 3335/2183/3287 3351/2184/3303 3333/2185/3285
f 3355/2186/3307 4502/2187/4447 3354/2188/3306
f 3356/2189/3308 3083/2190/3035 3342/2191/3294
f 3360/2192/3312 3359/2193/3311 3232/2194/3184
f 1484/2195/1440 1483/2196/1439 3359/2193/3311
f 3366/2197/3318 3364/2198/3316 3362/2199/3314
f 3369/2200/3321 1307/2201/1263 1485/2202/1441
f 1483/2196/1439 3231/2203/3183 3359/2193/3311
f 1306/2204/1262 3414/2205/3366 1483/2206/1439
f 3351/2207/3303 3360/2208/3312 1296/2209/1252
f 1306/2204/1262 1452/2210/1408 3414/2205/3366
f 1487/2211/1443 3392/2212/3344 3391/2213/3343
f 3398/2214/3350 1489/2215/1445 1307/2216/1263
f 1452/2210/1408 3380/2217/3332 4327/2218/4278
f 4327/2218/4278 3380/2217/3332 3236/2219/3188
f 3389/2220/3341 3407/2221/3359 3406/2222/3358
f 3386/2223/3338 3413/2224/3365 3361/2225/3313
f 3421/2226/3373 1491/2227/1447 3431/2228/3383
f 3418/2229/3370 3423/2230/3375 3421/2226/3373
f 3425/2231/3377 3423/2230/3375 3424/2232/3376
f 3427/2233/3379 1492/2234/1448 3432/2235/3384
f 3427/2233/3379 3424/2232/3376 1492/2234/1448
f 3428/2236/3380 3430/2237/3382 3426/2238/3378
f 1493/2239/1449 3427/2233/3379 1325/2240/1281
f 1493/2239/1449 1324/2241/1280 3425/2231/3377
f 3430/2237/3382 3587/2242/3539 3426/2238/3378
f 1348/2243/1304 3605/2244/3557 3430/2237/3382
f 3429/2245/3381 1323/2246/1279 3428/2236/3380
f 1181/2247/1137 3432/2235/3384 3433/2248/3385
f 4436/2249/4383 3433/2250/3385 3417/2251/3369
f 4436/2249/4383 3417/2251/3369 3049/2252/3002
f 1495/2253/1451 3436/2254/3388 3434/2255/3386
f 3435/2256/3387 3438/2257/3390 1494/2258/1450
f 3436/2254/3388 3437/2259/3389 3434/2255/3386
f 1190/2260/1146 3063/2261/3016 3442/2262/3394
f 1190/2260/1146 3438/2257/3390 3435/2256/3387
f 3461/2263/3413 3455/2264/3407 1498/2265/1454
f 3446/2266/3398 3452/2267/3404 1327/2268/1283
f 1503/2269/1459 3470/2270/3422 3487/2271/3439
f 1504/2272/1460 4520/2273/4465 1503/2269/1459
f 3481/2274/3433 3476/2275/3428 3474/2276/3426
f 3465/2277/3417 3466/2278/3418 3463/2279/3415
f 1331/2280/1287 3483/2281/3435 1330/2282/1286
f 1502/2283/1458 3476/2275/3428 1224/2284/1180
f 3476/2275/3428 3709/2285/3661 1224/2284/1180
f 3476/2275/3428 3484/2286/3436 3709/2285/3661
f 3511/2287/3463 3095/2288/3047 1332/2289/1288
f 1187/2290/1143 1334/2291/1290 3486/2292/3438
f 4466/2293/4413 3487/2271/3439 3061/2294/3014
f 1506/2295/1462 3489/2296/3441 3491/2297/3443
f 3489/2296/3441 3500/2298/3452 3490/2299/3442
f 3489/2296/3441 3504/2300/3456 3500/2298/3452
f 3485/2301/3437 3491/2297/3443 1332/2289/1288
f 1336/2302/1292 3508/2303/3460 3506/2304/3458
f 1337/2305/1293 3496/2306/3448 3503/2307/3455
f 3523/2308/3475 3520/2309/3472 3518/2310/3470
f 3533/2311/3485 3524/2312/3476 3528/2313/3480
f 3524/2314/3476 3529/2315/3481 3523/2308/3475
f 3534/2316/3486 3530/2317/3482 3529/2318/3481
f 1337/2305/1293 3517/2319/3469 3496/2306/3448
f 3517/2319/3469 1336/2302/1292 3506/2304/3458
f 3540/2320/3492 1227/2321/1183 3099/2322/3051
f 3537/2323/3489 3544/2324/3496 3536/2325/3488
f 3547/2326/3499 3544/2324/3496 1517/2327/1473
f 3548/2328/3500 3545/2329/3497 3544/2324/3496
f 3553/2330/3505 3548/2328/3500 3547/2326/3499
f 1518/2331/1474 3550/2332/3502 3548/2328/3500
f 3551/2333/3503 3557/2334/3509 3553/2330/3505
f 3553/2330/3505 3557/2334/3509 1518/2331/1474
f 3557/2334/3509 1522/2335/1478 3554/2336/3506
f 1521/2337/1477 1522/2335/1478 3557/2334/3509
f 3546/2338/3498 3549/2339/3501 1339/2340/1295
f 3549/2339/3501 3100/2341/3052 1339/2340/1295
f 3555/2342/3507 3102/2343/3054 3101/2344/3053
f 1341/2345/1297 1340/2346/1296 1521/2337/1477
f 3168/2145/3120 1344/2121/1300 3563/2347/3515
f 1523/2348/1479 1343/2126/1299 3565/2349/3517
f 1184/2350/1140 3567/2351/3519 1519/2352/1475
f 1340/2346/1296 3102/2343/3054 1522/2335/1478
f 3561/2353/3513 1230/2354/1186 3781/2355/3733
f 3566/2125/3518 1343/2126/1299 1523/2348/1479
f 1344/2121/1300 3281/2123/3233 3564/2356/3516
f 1528/2357/1484 1530/2358/1486 3588/2359/3540
f 1346/2360/1302 1345/2361/1301 3592/2362/3544
f 1348/2243/1304 1347/2363/1303 1530/2358/1486
f 3607/2364/3559 1535/2365/1491 1531/2366/1487
f 3594/2367/3546 1532/2368/1488 3595/2369/3547
f 3088/2370/3040 3174/2371/3126 3173/2372/3125
f 3437/2259/3389 3635/2373/3587 3606/2374/3558
f 3646/2375/3598 1545/2376/1501 3649/2377/3601
f 1547/2378/1503 3655/2379/3607 3652/2380/3604
f 3089/2381/3041 1219/2382/1175 3174/2371/3126
f 1547/2378/1503 3092/2383/3044 3655/2379/3607
f 3698/2384/3650 1358/2385/1314 3696/2386/3648
f 3711/2387/3663 1361/2388/1317 3707/2389/3659
f 3709/2285/3661 1562/2390/1518 1557/2391/1513
f 3094/2392/3046 1224/2284/1180 3682/2393/3634
f 1223/2394/1179 3094/2392/3046 3671/2395/3623
f 1568/2396/1524 3723/2397/3675 3716/2398/3668
f 1569/2399/1525 3724/2400/3676 1570/2401/1526
f 3728/2402/3680 3723/2403/3675 3727/2404/3679
f 3720/2405/3672 1565/2406/1521 1359/2407/1315
f 1358/2385/1314 3731/2408/3683 1238/2409/1194
f 1566/2410/1522 3732/2411/3684 3731/2408/3683
f 3729/2412/3681 1239/2413/1195 1571/2414/1527
f 3742/2415/3694 1364/2416/1320 3180/2417/3132
f 3740/2418/3692 3735/2419/3687 1364/2416/1320
f 3752/2420/3704 3747/2421/3699 1576/2422/1532
f 3751/2423/3703 3747/2421/3699 3752/2420/3704
f 1175/2424/1131 3180/2417/3132 1365/2425/1321
f 3114/2426/3066 3113/2427/3065 3744/2428/3696
f 3745/2429/3697 3114/2426/3066 3744/2428/3696
f 1227/2321/1183 3758/2430/3710 3099/2322/3051
f 3763/2431/3715 3761/2432/3713 3760/2433/3712
f 3764/2434/3716 3762/2435/3714 3761/2432/3713
f 3766/2436/3718 3763/2431/3715 3773/2437/3725
f 3769/2438/3721 1369/2439/1325 1244/2440/1200
f 1371/2441/1327 1370/2442/1326 3769/2438/3721
f 1583/2443/1539 1372/2444/1328 3767/2445/3719
f 3772/2446/3724 1372/2444/1328 1583/2443/1539
f 3102/2343/3054 3772/2446/3724 3101/2344/3053
f 1370/2442/1326 3775/2447/3727 1369/2439/1325
f 3775/2447/3727 3777/2448/3729 3953/2449/3905
f 3776/2450/3728 3779/2451/3731 3775/2447/3727
f 1230/2354/1186 1374/2147/1330 3778/2452/3730
f 3778/2452/3730 1584/2453/1540 3779/2451/3731
f 1584/2453/1540 1373/2454/1329 3779/2451/3731
f 1374/2147/1330 3290/2455/3242 1584/2453/1540
f 3772/2446/3724 3774/2456/3726 1372/2444/1328
f 1372/2444/1328 1370/2442/1326 1371/2441/1327
f 1370/2442/1326 1369/2439/1325 3769/2438/3721
f 3777/2448/3729 3116/2457/3068 3953/2449/3905
f 1373/2454/1329 1466/2458/1422 1468/2459/1424
f 1586/2460/1542 1589/2461/1545 3791/2462/3743
f 3793/2463/3745 3796/2464/3748 3789/2465/3741
f 3796/2464/3748 1248/2466/1204 3807/2467/3759
f 3795/2468/3747 3800/2469/3752 1590/2470/1546
f 1198/2471/1154 4525/2472/4470 3064/2473/3017
f 3064/2473/3017 4525/2472/4470 1199/2474/1155
f 3811/2475/3763 3184/2476/3136 3804/2477/3756
f 1377/2478/1333 3811/2475/3763 3802/2479/3754
f 3603/2480/3555 3810/2481/3762 1588/2482/1544
f 1594/2483/1550 3832/2484/3784 3827/2485/3779
f 3106/2486/3058 1381/2487/1337 3832/2484/3784
f 3811/2475/3763 3812/2488/3764 3184/2476/3136
f 1375/2489/1331 4004/2490/3956 3985/2491/3937
f 3864/2492/3816 3861/2493/3813 3856/2494/3808
f 1386/2495/1342 3877/2496/3829 3864/2492/3816
f 3893/2497/3845 1615/2498/1571 3894/2499/3846
f 1383/2500/1339 3890/2501/3842 3190/2502/3142
f 3122/2503/3074 1661/2504/1617 3901/2505/3853
f 3910/2506/3862 3122/2503/3074 1388/2507/1344
f 1238/2409/1194 3731/2408/3683 3896/2508/3848
f 3913/2509/3865 3909/2510/3861 3920/2511/3872
f 3921/2512/3873 3911/2513/3863 1258/2514/1214
f 1625/2515/1581 1624/2516/1580 3910/2506/3862
f 1624/2516/1580 3912/2517/3864 3921/2512/3873
f 3912/2517/3864 3915/2518/3867 3911/2513/3863
f 3919/2519/3871 1625/2515/1581 3909/2510/3861
f 3919/2519/3871 1390/2520/1346 3918/2521/3870
f 3916/2522/3868 3924/2523/3876 3919/2519/3871
f 3923/2524/3875 3925/2525/3877 1626/2526/1582
f 1626/2526/1582 3922/2527/3874 3917/2528/3869
f 3909/2510/3861 3910/2506/3862 3920/2511/3872
f 1624/2516/1580 3921/2512/3873 3910/2506/3862
f 3917/2528/3869 3922/2527/3874 1260/2529/1216
f 3733/2530/3685 3916/2522/3868 1239/2413/1195
f 3916/2522/3868 3913/2509/3865 1239/2413/1195
f 3927/2531/3879 1391/2532/1347 3113/2427/3065
f 3930/2533/3882 3929/2534/3881 3926/2535/3878
f 3929/2534/3881 1261/2536/1217 1627/2537/1583
f 1392/2538/1348 3931/2539/3883 3949/2540/3901
f 3949/2540/3901 3931/2539/3883 1628/2541/1584
f 1634/2542/1590 4035/2543/3987 1392/2538/1348
f 3942/2544/3894 1635/2545/1591 3940/2546/3892
f 3939/2547/3891 3946/2548/3898 3942/2544/3894
f 3944/2549/3896 3945/2550/3897 3943/2551/3895
f 1394/2552/1350 1263/2553/1219 1638/2554/1594
f 3947/2555/3899 3196/2556/3148 1639/2557/1595
f 1243/2558/1199 1395/2559/1351 3939/2547/3891
f 3771/2560/3723 3939/2547/3891 3936/2561/3888
f 3957/2562/3909 3953/2449/3905 3952/2563/3904
f 3953/2449/3905 3956/2564/3908 3952/2563/3904
f 3952/2563/3904 3956/2564/3908 1640/2565/1596
f 3196/2556/3148 3955/2566/3907 3961/2567/3913
f 3954/2568/3906 1641/2569/1597 3955/2566/3907
f 3956/2564/3908 3197/2570/3149 3954/2568/3906
f 1244/2440/1200 3957/2562/3909 1395/2559/1351
f 3952/2563/3904 1640/2565/1596 3947/2555/3899
f 3966/2571/3918 3970/2572/3922 3964/2573/3916
f 1642/2574/1598 3967/2575/3919 3981/2576/3933
f 3981/2576/3933 3967/2575/3919 3982/2577/3934
f 1247/2578/1203 3986/2579/3938 3971/2580/3923
f 3978/2581/3930 3980/2582/3932 3976/2583/3928
f 3067/2584/3020 3964/2573/3916 3068/2585/3021
f 1201/2586/1157 3965/2587/3917 3981/2576/3933
f 4001/2588/3953 1648/2589/1604 1397/2590/1353
f 3999/2591/3951 3997/2592/3949 3994/2593/3946
f 3994/2593/3946 3997/2592/3949 3129/2594/3081
f 3999/2591/3951 1270/2595/1226 3997/2592/3949
f 1652/2596/1608 1400/2597/1356 4000/2598/3952
f 4006/2599/3958 4009/2600/3961 1655/2601/1611
f 4007/2602/3959 1656/2603/1612 4013/2604/3965
f 4008/2605/3960 4009/2600/3961 4006/2599/3958
f 4005/2606/3957 4011/2607/3963 4007/2602/3959
f 4011/2607/3963 1656/2603/1612 4007/2602/3959
f 1658/2608/1614 4010/2609/3962 4009/2600/3961
f 1658/2608/1614 1402/2610/1358 4011/2607/3963
f 1402/2610/1358 3202/2611/3154 4011/2607/3963
f 1656/2603/1612 4012/2612/3964 4014/2613/3966
f 1656/2603/1612 4014/2613/3966 3130/2614/3082
f 1403/2615/1359 1402/2610/1358 1658/2608/1614
f 1254/2616/1210 4008/2605/3960 1654/2617/1610
f 4018/2618/3970 4019/2619/3971 1659/2620/1615
f 4019/2619/3971 4141/2621/4093 1660/2622/1616
f 4021/2623/3973 1664/2624/1620 4141/2621/4093
f 1659/2620/1615 1660/2622/1616 3201/2625/3153
f 1404/2626/1360 1664/2624/1620 4021/2623/3973
f 1667/2627/1623 1664/2624/1620 4025/2628/3977
f 1667/2627/1623 1668/2629/1624 1664/2624/1620
f 4144/2630/4096 1668/2629/1624 1667/2627/1623
f 1668/2629/1624 4143/2631/4095 4140/2632/4092
f 3203/2633/3155 4026/2634/3978 4144/2630/4096
f 3123/2635/3075 3203/2633/3155 1260/2529/1216
f 1259/2636/1215 1666/2637/1622 1405/2638/1361
f 1669/2639/1625 4026/2634/3978 4027/2640/3979
f 4030/2641/3982 1669/2639/1625 4027/2640/3979
f 4031/2642/3983 4030/2641/3982 4028/2643/3980
f 4035/2543/3987 4036/2644/3988 4048/2645/4000
f 4037/2646/3989 1671/2647/1627 4036/2644/3988
f 4040/2648/3992 4037/2646/3989 4036/2644/3988
f 1672/2649/1628 4045/2650/3997 4044/2651/3996
f 4049/2652/4001 4050/2653/4002 3205/2654/3157
f 3133/2655/3085 1406/2656/1362 3204/2657/3156
f 3133/2655/3085 4164/2658/4116 1406/2656/1362
f 4035/2543/3987 4048/2645/4000 3124/2659/3076
f 4063/2660/4015 4062/2661/4014 1674/2662/1630
f 4065/2663/4017 4063/2660/4015 4060/2664/4012
f 4064/2665/4016 1277/2666/1233 4063/2660/4015
f 4066/2667/4018 1675/2668/1631 1676/2669/1632
f 4074/2670/4026 1245/2155/1201 4068/2671/4020
f 4072/2672/4024 1275/2673/1231 4071/2674/4023
f 4066/2667/4018 4069/2675/4021 3138/2676/3090
f 1264/2677/1220 1245/2155/1201 4074/2670/4026
f 3127/2678/3079 4074/2670/4026 4075/2679/4027
f 4078/2680/4030 4076/2681/4028 4093/2682/4045
f 4085/2683/4037 1684/2684/1640 4084/2685/4036
f 4095/2686/4047 1283/2687/1239 4091/2688/4043
f 3207/2689/3159 4092/2690/4044 4089/2691/4041
f 1268/2692/1224 4097/2693/4049 4087/2694/4039
f 3982/2577/3934 4098/2695/4050 4093/2696/4045
f 1685/2697/1641 4109/2698/4061 4107/2699/4059
f 4112/2700/4064 3144/2701/3096 4115/2702/4067
f 4116/2703/4068 3212/2704/3164 4103/2705/4055
f 1416/2706/1372 3209/2707/3161 4111/2708/4063
f 1415/2709/1371 4114/2710/4066 4112/2700/4064
f 1413/2711/1369 4099/2712/4051 3207/2689/3159
f 4105/2713/4057 4115/2702/4067 4101/2714/4053
f 3208/2715/3160 4119/2716/4071 1285/2717/1241
f 1270/2595/1226 4116/2703/4068 4106/2718/4058
f 4125/2719/4077 4119/2716/4071 3208/2715/3160
f 4132/2720/4084 4123/2721/4075 4122/2722/4074
f 4128/2723/4080 1419/2724/1375 4131/2725/4083
f 4122/2722/4074 1686/2726/1642 1416/2706/1372
f 4118/2727/4070 1687/2728/1643 1415/2709/1371
f 4134/2729/4086 4135/2730/4087 4130/2731/4082
f 4135/2730/4087 4139/2732/4091 1418/2733/1374
f 1664/2624/1620 4136/2734/4088 4137/2735/4089
f 4140/2632/4092 3215/2736/3167 1692/2737/1648
f 3214/2738/3166 4137/2735/4089 1419/2724/1375
f 4137/2735/4089 4136/2734/4088 1419/2724/1375
f 1691/2739/1647 4219/2740/4170 3145/2741/3097
f 4139/2732/4091 4218/2742/4169 1691/2739/1647
f 4140/2632/4092 4136/2734/4088 1664/2624/1620
f 4141/2621/4093 4137/2735/4089 3214/2738/3166
f 4146/2743/4098 4145/2744/4097 4142/2745/4094
f 4144/2630/4096 1421/2746/1377 4143/2631/4095
f 4140/2632/4092 4143/2631/4095 3215/2736/3167
f 4142/2745/4094 1420/2747/1376 4536/2748/4481
f 1668/2629/1624 4144/2630/4096 4143/2631/4095
f 1693/2749/1649 4147/2750/4099 4026/2634/3978
f 1694/2751/1650 4148/2752/4100 1693/2749/1649
f 4161/2753/4113 1287/2754/1243 1422/2755/1378
f 1179/2756/1135 4026/2634/3978 1421/2746/1377
f 1271/2757/1227 1694/2751/1650 1693/2749/1649
f 4149/2758/4101 4150/2759/4102 1694/2751/1650
f 1695/2760/1651 4161/2753/4113 1422/2755/1378
f 4150/2759/4102 4153/2761/4105 1422/2755/1378
f 4164/2658/4116 4149/2758/4101 1694/2751/1650
f 1696/2762/1652 1289/2763/1245 1288/2764/1244
f 3216/2765/3168 1438/2766/1394 1289/2763/1245
f 3216/2765/3168 4191/2767/4143 1438/2766/1394
f 4165/2768/4117 4160/2769/4112 1423/2770/1379
f 1272/2771/1228 4151/2772/4103 4164/2658/4116
f 4178/2773/4130 4173/2774/4125 4174/2775/4126
f 4190/2776/4142 3217/2777/3169 3135/2778/3087
f 1430/2779/1386 4201/2780/4152 3220/2781/3172
f 1714/2782/1669 1284/2783/1240 1430/2779/1386
f 4208/2784/4159 3155/2785/3107 4210/2786/4161
f 4211/2787/4162 1715/2788/1670 4209/2789/4160
f 1715/2788/1670 1299/2790/1255 3155/2785/3107
f 1431/2791/1387 1714/2782/1669 3220/2781/3172
f 4213/2792/4164 4214/2793/4165 1299/2790/1255
f 4214/2793/4165 4215/2794/4166 1299/2790/1255
f 1715/2788/1670 4213/2792/4164 1299/2790/1255
f 4215/2794/4166 1300/2795/1256 1443/2796/1399
f 3145/2741/3097 4219/2740/4170 4216/2797/4167
f 4215/2794/4166 1433/2798/1389 1300/2795/1256
f 1434/2799/1390 4217/2800/4168 4218/2742/4169
f 1301/2801/1257 3156/2802/3108 4262/2803/4213
f 3146/2804/3098 3147/2805/3099 3221/2806/3173
f 3146/2804/3098 3221/2806/3173 4218/2742/4169
f 4220/2807/4171 3221/2806/3173 3147/2805/3099
f 1432/2808/1388 4227/2809/4178 4222/2810/4173
f 1287/2754/1243 1716/2811/1671 3221/2806/3173
f 4225/2812/4176 4226/2813/4177 4223/2814/4174
f 1716/2811/1671 1717/2815/1672 1437/2816/1393
f 3221/2806/3173 1716/2811/1671 1433/2798/1389
f 4221/2817/4172 4223/2814/4174 4227/2809/4178
f 4227/2809/4178 1303/2818/1259 4273/2819/4224
f 1436/2820/1392 3228/2821/3180 1303/2818/1259
f 1438/2766/1394 4270/2822/4221 4228/2823/4179
f 1289/2763/1245 1438/2766/1394 4228/2823/4179
f 3222/2824/3174 4281/2825/4232 4270/2822/4221
f 3222/2824/3174 4231/2826/4182 1448/2827/1404
f 1723/2828/1678 4291/2829/4242 4238/2830/4189
f 1290/2831/1246 3222/2824/3174 1438/2766/1394
f 3222/2824/3174 1448/2827/1404 4281/2825/4232
f 4231/2826/4182 1304/2832/1260 3230/2833/3182
f 4242/2834/4193 3152/2835/3104 4291/2829/4242
f 3155/2785/3107 4254/2836/4205 4210/2786/4161
f 3155/2785/3107 4258/2837/4209 4257/2838/4208
f 3158/2839/3110 1310/2840/1266 1726/2841/1681
f 1299/2790/1255 3224/2842/3176 4258/2837/4209
f 1299/2790/1255 1443/2796/1399 3224/2842/3176
f 4265/2843/4216 4263/2844/4214 3224/2842/3176
f 3156/2802/3108 4264/2845/4215 4262/2803/4213
f 4265/2843/4216 1444/2846/1400 4263/2844/4214
f 4266/2847/4217 1312/2848/1268 4303/2849/4254
f 1444/2846/1400 4267/2850/4218 4266/2847/4217
f 3156/2802/3108 3225/2851/3177 4264/2845/4215
f 3225/2851/3177 4261/2852/4212 4264/2845/4215
f 1444/2846/1400 1727/2853/1682 4267/2850/4218
f 4261/2852/4212 1446/2854/1402 4265/2843/4216
f 1445/2855/1401 1313/2856/1269 1727/2853/1682
f 3157/2857/3109 3225/2851/3177 3156/2802/3108
f 1446/2854/1402 1729/2858/1684 4268/2859/4219
f 1728/2860/1683 4269/2861/4220 1313/2856/1269
f 1447/2862/1403 4272/2863/4223 1729/2858/1684
f 4273/2819/4224 4270/2822/4221 4261/2852/4212
f 4272/2863/4223 3227/2864/3179 1729/2858/1684
f 3228/2821/3180 4270/2822/4221 4273/2819/4224
f 4271/2865/4222 4275/2866/4226 1447/2862/1403
f 4275/2866/4226 3227/2864/3179 4272/2863/4223
f 3229/2867/3181 4278/2868/4229 4274/2869/4225
f 4278/2868/4229 4276/2870/4227 4274/2869/4225
f 4279/2871/4230 3229/2867/3181 1730/2872/1685
f 4274/2869/4225 4306/2873/4257 4269/2861/4220
f 4276/2870/4227 4309/2874/4260 4306/2873/4257
f 4280/2875/4231 4282/2876/4233 3234/2877/3186
f 4281/2825/4232 1448/2827/1404 4271/2865/4222
f 4283/2878/4234 4278/2868/4229 3230/2833/3182
f 1731/2879/1686 4283/2878/4234 3230/2833/3182
f 4231/2826/4182 3230/2833/3182 4279/2871/4230
f 3230/2833/3182 4278/2868/4229 3229/2867/3181
f 3233/2880/3185 4316/2881/4267 4314/2882/4265
f 3232/2194/3184 3359/2193/3311 4289/2883/4240
f 3232/2194/3184 4289/2883/4240 3152/2835/3104
f 4293/2884/4244 1734/2885/1689 1733/2886/1688
f 1310/2887/1266 4294/2888/4245 4293/2889/4244
f 4296/2890/4247 1736/2891/1691 1735/2892/1690
f 4296/2893/4247 4298/2894/4249 4297/2895/4248
f 4300/2896/4251 4302/2897/4253 4296/2898/4247
f 1449/2899/1405 4299/2900/4250 4258/2837/4209
f 1311/2901/1267 4304/2902/4255 1449/2899/1405
f 4304/2902/4255 1312/2848/1268 1449/2899/1405
f 1313/2856/1269 4306/2873/4257 1312/2848/1268
f 4306/2873/4257 4307/2903/4258 1316/2904/1272
f 4306/2873/4257 1316/2904/1272 1312/2848/1268
f 4307/2903/4258 4311/2905/4262 4305/2906/4256
f 4311/2905/4262 4308/2907/4259 4305/2906/4256
f 4308/2907/4259 1317/2908/1273 4305/2906/4256
f 4313/2909/4264 4308/2907/4259 4311/2905/4262
f 1737/2910/1692 1738/2911/1693 4323/2912/4274
f 4316/2881/4267 4317/2913/4268 4314/2882/4265
f 4317/2913/4268 4315/2914/4266 4314/2882/4265
f 4318/2915/4269 1738/2911/1693 1737/2910/1692
f 1738/2911/1693 1739/2916/1694 4323/2912/4274
f 4317/2913/4268 4318/2915/4269 4315/2914/4266
f 1739/2916/1694 4324/2917/4275 4323/2912/4274
f 4320/2918/4271 1739/2916/1694 1738/2911/1693
f 4317/2913/4268 4319/2919/4270 4318/2915/4269
f 4320/2918/4271 3236/2219/3188 1739/2916/1694
f 1319/2920/1275 1318/2921/1274 4323/2912/4274
f 4323/2912/4274 4324/2917/4275 1319/2920/1275
f 3236/2219/3188 1451/2922/1407 1739/2916/1694
f 4319/2919/4270 3236/2219/3188 4320/2918/4271
f 4340/2923/4287 4334/2924/4282 4333/2925/4281
f 3240/2926/3192 4335/2927/4283 4340/2923/4287
f 1454/2928/1410 4340/2923/4287 4301/2929/4252
f 4342/2930/4289 1454/2928/1410 1449/2899/1405
f 1449/2899/1405 1455/2931/1411 4342/2930/4289
f 1455/2931/1411 3071/2932/3023 4344/2933/4291
f 1742/2934/1697 4345/2935/4292 3071/2932/3023
f 4347/2936/4294 4346/2937/4293 1742/2934/1697
f 4347/2936/4294 4348/2938/4295 1743/2939/1698
f 4353/2940/4300 4349/2941/4296 4350/2942/4297
f 4349/2941/4296 4354/2943/4301 4351/2944/4298
f 4391/2945/4338 1205/2946/1161 4390/2947/4337
f 3249/2948/3201 4425/2949/4372 1758/2950/1713
f 1771/2951/1726 1325/2952/1281 600/2953/557
f 2145/2954/2100 600/1237/557 611/1219/568
f 611/1219/568 4445/2955/4392 612/1217/569
f 1762/2956/1717 4453/2957/4400 4454/2958/4401
f 4453/2957/4400 3288/2959/3240 4454/2958/4401
f 4454/2960/4401 3288/2144/3240 3052/2143/3005
f 1763/2961/1718 3052/2143/3005 2025/1112/1980
f 619/1111/576 4455/2962/4402 1764/1356/1719
f 4456/2963/4403 3053/2964/3006 1184/2350/1140
f 1765/2965/1720 1185/2966/1141 620/2967/577
f 4437/2968/4384 3537/2969/3489 621/2970/578
f 628/2971/585 4464/2972/4411 4465/2973/4412
f 4465/2974/4412 1187/2975/1143 3060/2976/3013
f 4470/2977/4417 3062/2978/3015 3063/2979/3016
f 4472/2980/4419 3451/2981/3403 1771/2951/1726
f 2130/2982/2085 4436/2983/4383 636/2984/593
f 637/2985/594 1191/2986/1147 4473/2987/4420
f 1772/2988/1727 4474/2989/4421 638/2990/595
f 1777/2991/1732 642/2992/599 3065/2993/3018
f 642/2994/599 3064/2473/3017 3065/2995/3018
f 4441/2996/4388 1204/2997/1160 3071/2932/3023
f 1787/2055/1742 4441/2996/4388 1967/2056/1922
f 1967/2056/1922 4441/2996/4388 648/2998/605
f 648/2998/605 3073/2999/3025 649/2061/606
f 1789/3000/1744 4490/3001/4435 1790/3002/1745
f 4490/3001/4435 4489/3003/4434 3074/3004/3026
f 4490/3005/4435 3074/3006/3026 1174/3007/1130
f 1174/3008/1130 1205/3009/1161 4491/3010/4436
f 650/3011/607 4491/3010/4436 4492/3012/4437
f 4491/3013/4436 1206/3014/1162 4492/3015/4437
f 652/3016/609 4428/3017/4375 653/3018/610
f 880/3019/837 4448/3020/4395 4493/3021/4438
f 4494/3022/4439 3076/3023/3028 4495/3024/4440
f 4495/3024/4440 3077/3025/3029 4496/3026/4441
f 655/1095/612 4496/3027/4441 4497/3028/4442
f 4496/3026/4441 3077/3025/3029 4497/3029/4442
f 4497/3029/4442 3077/3025/3029 3162/3030/3114
f 1878/1174/1833 4442/3031/4389 4499/1175/4444
f 661/3032/618 4499/3033/4444 3080/3034/3032
f 1803/3035/1758 4504/3036/4449 4505/3037/4450
f 1805/3038/1760 4443/3039/4390 4444/3040/4391
f 4443/3039/4390 1214/3041/1170 4444/3040/4391
f 1805/1146/1760 4444/3042/4391 4506/3043/4451
f 4444/3042/4391 3085/2152/3037 4506/3043/4451
f 1806/1120/1761 4506/3043/4451 4449/3044/4396
f 876/3045/833 873/3046/830 1981/1072/1936
f 877/3047/834 1981/1072/1936 873/3046/830
f 1980/3048/1935 2003/1098/1958 876/3045/833
f 877/3047/834 1984/1073/1939 1981/1072/1936
f 877/3047/834 878/1079/835 1984/1073/1939
f 1983/1074/1938 1985/1099/1940 1980/3048/1935
f 878/1079/835 1987/1075/1942 1984/1073/1939
f 875/1070/832 1982/1087/1937 1990/3049/1945
f 878/1079/835 1992/1078/1947 1987/1075/1942
f 1983/1074/1938 1987/1075/1942 1988/1076/1943
f 1990/3049/1945 1991/3050/1946 875/1070/832
f 1991/3051/1946 654/1084/611 1989/1080/1944
f 1992/1078/1947 1989/1080/1944 654/1084/611
f 1979/3052/1934 3046/2097/2999 1975/2095/1930
f 873/3046/830 3046/2097/2999 1979/3052/1934
f 1973/3053/1928 1997/3054/1952 871/3055/828
f 1998/3056/1953 1973/3053/1928 1760/3057/1715
f 1999/3058/1954 1998/3056/1953 1760/3057/1715
f 1999/3058/1954 1760/3057/1715 613/3059/570
f 614/1092/571 880/3060/837 879/1090/836
f 880/3060/837 1995/3061/1950 1993/3062/1948
f 1995/3063/1950 654/1084/611 1991/3051/1946
f 654/1084/611 1792/1094/1747 2000/1085/1955
f 2001/1093/1956 2000/1085/1955 1792/1094/1747
f 881/1083/838 1994/1081/1949 2001/1093/1956
f 760/1097/717 2002/1082/1957 881/1083/838
f 1996/3064/1951 2125/1100/2080 1884/3065/1839
f 876/3045/833 2125/1100/2080 1996/3064/1951
f 2008/1110/1963 2005/1371/1960 2009/1107/1964
f 2005/1371/1960 2020/3066/1975 882/3067/839
f 883/3068/840 2014/1105/1969 2007/1104/1962
f 882/3067/839 2011/3069/1966 2009/1107/1964
f 2008/1110/1963 2024/1109/1979 1763/2961/1718
f 884/1103/841 2010/3070/1965 2012/3071/1967
f 2010/3070/1965 2012/3071/1967 2011/3069/1966
f 884/1103/841 2012/3071/1967 2013/1106/1968
f 2011/3069/1966 2016/1108/1971 2009/1107/1964
f 2014/1105/1969 2019/3072/1974 2013/1106/1968
f 616/3073/573 2024/1109/1979 2016/1108/1971
f 2015/3074/1970 2023/3075/1978 2017/3076/1972
f 2013/1106/1968 2019/3072/1974 2023/3075/1978
f 2015/3074/1970 2013/1106/1968 2023/3075/1978
f 2019/3072/1974 1761/3077/1716 2023/3075/1978
f 2005/1371/1960 780/1370/737 2020/3066/1975
f 1901/3078/1856 2021/3079/1976 1902/3080/1857
f 2021/3079/1976 2006/1102/1961 1902/3080/1857
f 1902/3080/1857 2006/1102/1961 779/3081/736
f 666/1123/623 2021/3079/1976 1901/3078/1856
f 883/3068/840 666/1123/623 2022/1130/1977
f 2019/3072/1974 2032/1121/1987 1761/3077/1716
f 1761/3077/1716 615/3082/572 2023/3075/1978
f 617/3083/574 2024/1109/1979 616/3073/573
f 618/3084/575 1762/3085/1717 2024/1109/1979
f 2025/1112/1980 2008/1110/1963 1763/2961/1718
f 800/1125/757 2029/1119/1984 2027/1118/1982
f 885/1114/842 2027/1118/1982 886/1116/843
f 2028/1115/1983 885/1114/842 2030/1117/1985
f 886/1116/843 2029/1119/1984 2031/3086/1986
f 886/1116/843 2031/3086/1986 2030/1117/1985
f 2031/3086/1986 2029/1119/1984 887/1129/844
f 2026/1113/1981 4507/1124/4452 885/1114/842
f 800/1125/757 799/1126/756 2029/1119/1984
f 2603/1127/2558 2034/1128/1989 2029/1119/1984
f 2031/3086/1986 1806/1120/1761 2030/1117/1985
f 2022/1130/1977 2030/1117/1985 2032/1121/1987
f 666/1123/623 2028/1115/1983 2022/1130/1977
f 666/1123/623 2026/1113/1981 2028/1115/1983
f 1934/1134/1889 833/1135/790 2033/1131/1988
f 2603/1127/2558 1934/1134/1889 2034/1128/1989
f 2034/1128/1989 1934/1134/1889 2033/1131/1988
f 2034/1128/1989 2033/1131/1988 887/1129/844
f 1934/1134/1889 1846/1761/1801 833/1135/790
f 887/1129/844 2041/1132/1996 1805/1146/1760
f 2035/1136/1990 2036/1144/1991 2038/1138/1993
f 831/3087/788 1847/1139/1802 2038/1138/1993
f 2037/1137/1992 2038/1138/1993 2039/1140/1994
f 2039/1140/1994 1847/1139/1802 2040/1141/1995
f 2039/1140/1994 2040/1141/1995 2041/1132/1996
f 833/1135/790 832/1143/789 2035/1136/1990
f 832/1143/789 831/3087/788 2036/1144/1991
f 830/3088/787 2055/1886/2010 831/3087/788
f 2721/3089/2676 830/3088/787 831/3087/788
f 2055/1886/2010 1847/1139/1802 831/3087/788
f 2033/1131/1988 2037/1137/1992 2041/1132/1996
f 2055/1886/2010 2042/1881/1997 889/1152/846
f 2042/1881/1997 890/1147/847 889/1152/846
f 2045/3090/2000 2043/3091/1998 1950/3092/1905
f 4508/3093/4453 888/3094/845 2045/3095/2000
f 2045/3096/2000 1950/3092/1905 2046/3097/2001
f 889/1152/846 890/1147/847 891/1149/848
f 890/1147/847 4508/3093/4453 2050/1148/2005
f 4508/3093/4453 2045/3095/2000 2048/3098/2003
f 4508/3093/4453 2049/3099/2004 2050/1148/2005
f 889/1152/846 891/1149/848 711/1142/668
f 892/3100/849 893/3101/850 2049/3099/2004
f 893/3101/850 2054/3102/2009 2049/3099/2004
f 2055/1886/2010 1951/1883/1906 2042/1881/1997
f 888/3103/845 1106/1873/1063 2043/3091/1998
f 2051/3104/2006 1950/3092/1905 1872/3105/1827
f 2044/3106/1999 2051/3107/2006 2052/3108/2007
f 2047/3109/2002 2044/3110/1999 2052/3111/2007
f 2047/3109/2002 2052/3111/2007 1863/3112/1818
f 725/3113/682 2047/3109/2002 1863/3112/1818
f 892/3114/849 2048/3115/2003 2053/3116/2008
f 1802/3117/1757 1803/1151/1758 2054/3102/2009
f 2055/1886/2010 889/1152/846 1847/1139/1802
f 2056/3118/2011 2071/3119/2026 2057/3120/2012
f 2060/3121/2015 2073/3122/2028 2058/3123/2013
f 2058/3124/2013 2073/3125/2028 2074/3126/2029
f 2058/3124/2013 2074/3126/2029 2075/3127/2030
f 2059/3128/2014 2075/3129/2030 738/3130/695
f 2060/3131/2015 2056/3132/2011 2057/3133/2012
f 894/3134/851 2082/3135/2037 2060/3131/2015
f 895/3136/852 2060/3121/2015 2061/3137/2016
f 2059/3138/2014 2064/3139/2019 2061/3137/2016
f 2081/3140/2036 2082/3135/2037 894/3134/851
f 897/3141/854 894/3134/851 2063/3142/2018
f 739/3143/696 2064/3144/2019 1873/3145/1828
f 898/3146/855 2063/3142/2018 2066/3147/2021
f 898/1154/855 897/1153/854 2063/3148/2018
f 2067/3149/2022 2061/3150/2016 2064/3151/2019
f 2064/3151/2019 739/3152/696 2067/3149/2022
f 2065/1157/2020 899/1156/856 2079/3153/2034
f 899/1156/856 898/1154/855 2066/3154/2021
f 900/1160/857 2066/3154/2021 2067/3155/2022
f 900/1160/857 2068/1159/2023 899/1156/856
f 2069/1158/2024 900/1160/857 2067/3155/2022
f 2069/1158/2024 2067/3155/2022 901/3156/858
f 2070/3157/2025 739/3158/696 2076/3159/2031
f 2072/3160/2027 1959/3161/1914 1958/3162/1913
f 2075/3129/2030 2887/3163/2842 610/1957/567
f 738/3130/695 2075/3129/2030 610/1957/567
f 738/1181/695 2062/1180/2017 2059/3164/2014
f 1873/3145/1828 2062/1178/2017 2085/1177/2040
f 1873/3165/1828 2102/3166/2057 739/3167/696
f 2076/3159/2031 739/3158/696 1874/3168/1829
f 2076/3159/2031 663/3169/620 2070/3157/2025
f 2093/3170/2048 1798/3171/1753 663/3169/620
f 3082/3172/3034 2077/3173/2032 664/3174/621
f 665/3175/622 2069/1158/2024 2077/3173/2032
f 2069/1158/2024 665/3175/622 2068/1159/2023
f 2080/3176/2035 1866/3177/1821 2079/3153/2034
f 1865/3178/1820 1864/3179/1819 2065/1157/2020
f 1864/3179/1819 725/3113/682 2081/3180/2036
f 2081/3180/2036 1863/3112/1818 2082/3181/2037
f 2082/3135/2037 1863/3182/1818 2056/3132/2011
f 2086/3183/2041 2084/1176/2039 2103/3184/2058
f 2083/3185/2038 2086/3183/2041 856/3186/813
f 2086/3183/2041 2085/1177/2040 2084/1176/2039
f 902/3187/859 2085/1177/2040 2086/3183/2041
f 2086/3183/2041 2087/3188/2042 902/3187/859
f 1877/1194/1832 2087/3188/2042 2086/3183/2041
f 2083/3185/2038 1877/1194/1832 2086/3183/2041
f 903/3189/860 902/3187/859 2088/1163/2043
f 2088/1163/2043 902/3187/859 2087/3188/2042
f 2089/1161/2044 2087/3188/2042 1877/1194/1832
f 904/1162/861 906/1164/863 2092/1165/2047
f 908/3190/865 2092/1165/2047 906/1164/863
f 2095/3191/2050 2090/3192/2045 907/3193/864
f 907/3194/864 905/3195/862 2091/1166/2046
f 2097/3196/2052 2091/1166/2046 2092/1165/2047
f 2091/3197/2046 2097/3198/2052 2096/3199/2051
f 2098/3200/2053 2092/1165/2047 908/3190/865
f 2097/3196/2052 2092/1165/2047 2098/3200/2053
f 2094/3201/2049 2098/3202/2053 908/3190/865
f 749/1172/706 2098/3203/2053 2094/1173/2049
f 1963/3204/1918 2083/3185/2038 856/3186/813
f 2099/3205/2054 2083/3185/2038 1962/3206/1917
f 2099/3205/2054 2100/3207/2055 2083/3185/2038
f 746/1170/703 2089/1161/2044 1877/1194/1832
f 746/1170/703 747/1189/704 906/1164/863
f 749/3208/706 4499/3209/4444 661/3210/618
f 2098/3211/2053 2101/3212/2056 2097/3198/2052
f 661/3213/618 1795/3214/1750 2098/3215/2053
f 1795/3216/1750 1796/3217/1751 2101/3212/2056
f 2101/3212/2056 1796/3217/1751 1797/3218/1752
f 1798/3171/1753 2093/3170/2048 2095/3219/2050
f 2093/3170/2048 2076/3159/2031 1874/3168/1829
f 2102/3220/2057 1873/3145/1828 903/3189/860
f 1873/3145/1828 2085/1177/2040 902/3187/859
f 910/3221/867 2105/3222/2060 909/3223/866
f 911/3224/868 913/3225/870 860/3226/817
f 2106/1183/2061 2107/3227/2062 746/1170/703
f 2105/3228/2060 2106/1183/2061 912/1182/869
f 2108/3229/2063 911/1101/868 914/3230/871
f 2109/3231/2064 2110/3232/2065 2106/1183/2061
f 2106/1183/2061 2105/3228/2060 2109/3231/2064
f 2107/3227/2062 2106/1183/2061 2110/3232/2065
f 2110/3232/2065 2112/1188/2067 2107/3227/2062
f 746/1170/703 2107/3227/2062 2112/1188/2067
f 2111/3233/2066 2110/3232/2065 2109/3231/2064
f 2108/1187/2063 2111/3233/2066 2105/3228/2060
f 2112/1188/2067 748/3234/705 747/1189/704
f 2113/1190/2068 2112/1188/2067 2110/3232/2065
f 2112/1188/2067 2116/1191/2071 2115/3235/2070
f 2114/3236/2069 2113/1190/2068 2111/3233/2066
f 915/3237/872 2118/3238/2073 2114/3239/2069
f 2118/3238/2073 2117/3240/2072 2114/3239/2069
f 2119/1171/2074 2120/3241/2075 2129/3242/2084
f 2120/3241/2075 2119/1171/2074 2115/3243/2070
f 2122/3244/2077 2123/3245/2078 2117/3240/2072
f 2118/3238/2073 2122/3244/2077 2117/3240/2072
f 910/3221/867 909/3223/866 861/3246/818
f 2124/1192/2079 2967/2044/2922 2104/3247/2059
f 2967/2044/2922 862/3248/819 2104/3247/2059
f 2104/3247/2059 862/3248/819 909/3223/866
f 860/3249/817 910/3221/867 861/3246/818
f 1884/3250/1839 2125/3251/2080 2970/3252/2925
f 2125/3251/2080 911/3224/868 860/3226/817
f 758/3253/715 914/3230/871 911/1101/868
f 759/1096/716 914/3230/871 758/3253/715
f 759/1096/716 2126/3254/2081 914/3230/871
f 760/1097/717 2127/3255/2082 915/3256/872
f 2127/3255/2082 1793/3257/1748 2118/3258/2073
f 1793/3259/1748 656/3260/613 2122/3244/2077
f 657/3261/614 658/3262/615 2128/3263/2083
f 659/3264/616 660/3265/617 2120/3241/2075
f 1878/1174/1833 749/1172/706 2129/3242/2084
f 2129/3242/2084 660/3265/617 1878/1174/1833
f 2119/1171/2074 2129/3242/2084 749/1172/706
f 745/1184/702 2106/1183/2061 1877/1194/1832
f 2130/1209/2085 2132/1218/2087 612/1217/569
f 2143/1197/2098 2131/1196/2086 2133/1200/2088
f 2133/1200/2088 2131/1196/2086 2136/1198/2091
f 611/1219/568 2132/1218/2087 2137/1201/2092
f 2134/3266/2089 2133/1200/2088 2135/1199/2090
f 920/1204/877 918/3267/875 2135/1199/2090
f 2134/3266/2089 2135/1199/2090 918/3267/875
f 2137/1201/2092 2134/3266/2089 921/1202/878
f 2134/3266/2089 918/3267/875 921/1202/878
f 2138/3268/2093 2144/1203/2099 2145/2954/2100
f 920/1204/877 919/3269/876 2139/1205/2094
f 2140/1238/2095 2145/2954/2100 2144/1203/2099
f 920/1204/877 764/3270/721 918/3267/875
f 764/3270/721 765/1216/722 921/1202/878
f 637/3271/594 2142/1211/2097 2141/1208/2096
f 636/1207/593 637/3271/594 2141/1208/2096
f 1807/1195/1762 1772/1210/1727 638/3272/595
f 668/1213/625 669/1214/626 2139/1205/2094
f 764/3270/721 920/1204/877 763/1206/720
f 2140/1238/2095 2163/1222/2118 600/1237/557
f 600/1237/557 2145/2954/2100 2140/1238/2095
f 2138/3268/2093 2145/2954/2100 611/1219/568
f 2156/1220/2111 2148/1224/2103 2162/1221/2117
f 2146/1223/2101 2149/3273/2104 2148/1224/2103
f 2146/1223/2101 2150/1226/2105 2147/3274/2102
f 2148/1224/2103 2149/3273/2104 2152/1244/2107
f 924/3275/881 2152/1244/2107 2149/3273/2104
f 2147/3276/2102 923/1227/880 924/1229/881
f 2155/1230/2110 634/1232/591 2152/1244/2107
f 2154/1233/2109 2153/3277/2108 924/3275/881
f 2151/3278/2106 2157/3279/2112 925/1234/882
f 633/1231/590 2155/1230/2110 2160/1241/2115
f 1885/1235/1840 2159/3280/2114 2154/1233/2109
f 2157/3279/2112 766/3281/723 925/1234/882
f 2140/1238/2095 2156/1220/2111 2163/1222/2118
f 765/1216/722 2146/1223/2101 2144/1203/2099
f 763/1206/720 2146/1223/2101 764/3270/721
f 2330/1239/2285 922/1225/879 782/1215/739
f 923/3282/880 922/1225/879 1808/1240/1763
f 1808/1240/1763 2151/3278/2106 923/3282/880
f 1808/1240/1763 2329/3283/2284 2157/3279/2112
f 2329/3284/2284 670/3285/627 2157/3286/2112
f 2158/1261/2113 2157/3279/2112 670/3287/627
f 925/1234/882 767/3288/724 1885/1235/1840
f 925/1234/882 766/3281/723 767/3288/724
f 768/1242/725 2159/3280/2114 1885/1235/1840
f 2160/1241/2115 2159/3280/2114 768/1242/725
f 633/1231/590 2160/1241/2115 1886/1243/1841
f 2161/1245/2116 634/1232/591 635/3289/592
f 927/1249/884 1885/1235/1840 2165/1248/2120
f 2172/1246/2127 4510/1262/4455 671/1247/628
f 2165/1248/2120 2167/3290/2122 927/1249/884
f 671/1247/628 2167/3290/2122 2165/1248/2120
f 1809/3291/1764 2168/3292/2123 671/1247/628
f 928/1250/885 2175/3293/2130 2164/3294/2119
f 2166/3295/2121 927/1249/884 2167/3290/2122
f 928/1250/885 929/1254/886 2175/3293/2130
f 2169/3296/2124 2166/3295/2121 2167/3290/2122
f 1809/3297/1764 673/3298/630 2168/3299/2123
f 1890/1252/1845 928/1250/885 2166/3295/2121
f 2166/3295/2121 930/1273/887 1890/1252/1845
f 673/3298/630 2174/3300/2129 2170/3301/2125
f 2169/3296/2124 1889/1276/1844 930/1273/887
f 926/1256/883 632/3302/589 1770/1257/1725
f 768/1242/725 927/1249/884 926/1251/883
f 1885/1235/1840 767/3288/724 2165/1248/2120
f 2172/1246/2127 2165/1248/2120 767/3288/724
f 672/3303/629 673/3298/630 1809/3297/1764
f 1810/3304/1765 2174/3305/2129 673/3306/630
f 2358/1421/2313 1887/3307/1842 2174/3305/2129
f 1887/3307/1842 1888/3308/1843 2171/3309/2126
f 930/1273/887 769/1275/726 1890/1252/1845
f 2200/3310/2155 630/3311/587 2176/3312/2131
f 630/3311/587 2200/3310/2155 1769/3313/1724
f 2164/3294/2119 2175/3293/2130 630/3311/587
f 2164/3294/2119 630/3311/587 631/3314/588
f 2200/3310/2155 2176/3312/2131 770/1253/727
f 931/3315/888 770/1253/727 2178/1267/2133
f 2178/1267/2133 769/1275/726 2181/3316/2136
f 2177/3317/2132 1888/3318/1843 2179/3319/2134
f 2196/3320/2151 2179/3321/2134 1888/3308/1843
f 2200/3310/2155 931/3315/888 629/1266/586
f 931/3315/888 2183/1264/2138 629/1266/586
f 2181/3316/2136 2186/3322/2141 2184/1268/2139
f 2178/1267/2133 2181/3316/2136 2184/1268/2139
f 2183/1264/2138 2178/1267/2133 2189/1269/2144
f 2180/3323/2135 2186/3322/2141 2181/3316/2136
f 2187/3324/2142 2186/3322/2141 2180/3323/2135
f 2182/3325/2137 2187/3324/2142 2179/3321/2134
f 2185/3326/2140 2191/1271/2146 2182/3325/2137
f 2188/3327/2143 1768/1265/1723 2183/1264/2138
f 934/3328/891 933/3329/890 2188/3327/2143
f 935/3330/892 2188/3327/2143 2183/1264/2138
f 2191/1271/2146 2190/1270/2145 2187/3324/2142
f 934/3328/891 2188/3327/2143 935/3330/892
f 2183/1264/2138 2189/1269/2144 935/3330/892
f 2184/1268/2139 936/3331/893 2193/3332/2148
f 2192/1272/2147 936/3331/893 2190/1270/2145
f 935/3330/892 2199/1277/2154 934/3328/891
f 2195/3333/2150 935/3330/892 2193/3332/2148
f 770/1253/727 1890/1252/1845 2178/1267/2133
f 769/1275/726 2178/1267/2133 1890/1252/1845
f 1888/3334/1843 2177/3335/2132 1889/3336/1844
f 1812/3337/1767 932/3338/889 2196/3320/2151
f 2191/1271/2146 2185/3326/2140 2197/3339/2152
f 1815/3340/1770 2198/3341/2153 2197/3339/2152
f 2198/3341/2153 2217/1300/2172 2192/1272/2147
f 1891/3342/1846 2217/1300/2172 2198/3341/2153
f 2192/1272/2147 2217/1300/2172 771/1301/728
f 1892/1299/1847 2194/3343/2149 2195/3333/2150
f 2194/3343/2149 1892/1299/1847 1893/1278/1848
f 2199/1277/2154 772/1279/729 628/2971/585
f 628/2971/585 934/3328/891 2199/1277/2154
f 628/2971/585 933/3329/890 934/3328/891
f 933/3329/890 628/2971/585 1768/1265/1723
f 2200/3310/2155 629/1266/586 1769/3313/1724
f 2202/1283/2157 1892/1299/1847 2205/1284/2160
f 2217/1300/2172 2210/1287/2165 2206/1286/2161
f 937/1475/894 2210/1287/2165 2217/1300/2172
f 2207/3344/2162 2208/1291/2163 2205/1284/2160
f 938/1288/895 2209/3345/2164 2207/3344/2162
f 2207/3344/2162 2206/1286/2161 938/1288/895
f 2220/1295/2175 2221/1290/2176 2212/1289/2167
f 2208/1291/2163 2211/1293/2166 2204/1285/2159
f 938/1288/895 2210/1287/2165 2218/3346/2173
f 2215/1297/2170 938/1288/895 2218/3346/2173
f 939/3347/896 938/1288/895 2239/1298/2194
f 2213/1296/2168 2212/1289/2167 2211/1293/2166
f 1896/1324/1851 2213/1296/2168 2214/3348/2169
f 2214/3349/2169 2209/3350/2164 939/3351/896
f 1894/1326/1849 2239/1328/2194 2215/3352/2170
f 2215/3352/2170 2216/3353/2171 1894/1326/1849
f 2202/1283/2157 2201/1280/2156 1893/1278/1848
f 1892/1299/1847 771/1301/728 2205/1284/2160
f 2217/1300/2172 2206/1286/2161 2205/1284/2160
f 1817/1473/1772 937/1475/894 1891/3342/1846
f 2422/1470/2377 2218/3346/2173 2210/1287/2165
f 2216/3354/2171 2215/1297/2170 2422/1470/2377
f 2218/3346/2173 2422/1470/2377 2215/1297/2170
f 1818/1472/1773 604/3355/561 2216/3354/2171
f 1894/1326/1849 2216/3353/2171 604/3356/561
f 2219/3357/2174 940/1294/897 1896/1324/1851
f 4461/3358/4408 2221/1290/2176 2220/1295/2175
f 2221/1290/2176 627/1307/584 2203/1281/2158
f 942/1311/899 1896/1324/1851 941/1325/898
f 2226/3359/2181 2223/3360/2178 2240/3361/2195
f 944/1313/901 2241/1337/2196 942/1311/899
f 2225/3362/2180 945/1312/902 942/1311/899
f 2240/3363/2195 2224/3364/2179 2226/3365/2181
f 945/3366/902 2230/3367/2185 944/3368/901
f 2230/3369/2185 2241/1337/2196 944/1313/901
f 943/1316/900 2233/1315/2188 2228/3370/2183
f 2229/3371/2184 2226/3359/2181 2224/3372/2179
f 2226/3359/2181 2229/3371/2184 2223/3360/2178
f 2231/3373/2186 2223/3360/2178 2229/3371/2184
f 2231/3374/2186 2229/3375/2184 2236/3376/2191
f 2231/3377/2186 2236/3378/2191 948/3379/905
f 949/3380/906 2237/3381/2192 2234/1318/2189
f 947/1321/904 2234/1318/2189 2237/3381/2192
f 2238/3382/2193 2233/3383/2188 2235/1334/2190
f 2238/3382/2193 2228/1317/2183 2233/3383/2188
f 939/1302/896 1895/1304/1850 2239/3384/2194
f 2437/1506/2392 2236/1505/2191 2240/3385/2195
f 2229/3386/2184 2224/3387/2179 2236/1505/2191
f 1898/3388/1853 2237/3381/2192 2238/3382/2193
f 1898/3388/1853 2260/3389/2215 2237/3381/2192
f 2237/3381/2192 2260/3389/2215 2242/1352/2197
f 2237/3381/2192 2242/1352/2197 947/1321/904
f 623/3390/580 624/3391/581 2241/1337/2196
f 1896/1324/1851 942/1311/899 1767/1338/1722
f 2245/1345/2200 2244/3392/2199 2242/1352/2197
f 2260/3389/2215 2245/1345/2200 2242/1352/2197
f 2260/3389/2215 950/1343/907 2245/1345/2200
f 2246/1340/2201 2255/3393/2210 2243/1339/2198
f 775/1333/732 774/1332/731 2247/1341/2202
f 2244/3392/2199 2245/1345/2200 2253/3394/2208
f 2246/1340/2201 2248/3395/2203 2255/3393/2210
f 2247/1341/2202 2250/3396/2205 2249/1342/2204
f 2253/3394/2208 2251/1358/2206 2262/3397/2217
f 2254/1344/2209 2253/3394/2208 2245/1345/2200
f 2255/3393/2210 2254/1344/2209 950/1343/907
f 2252/1347/2207 2249/1342/2204 2250/3396/2205
f 2252/1347/2207 2250/3396/2205 674/3398/631
f 2254/1344/2209 2255/3393/2210 951/3399/908
f 2256/1346/2211 951/3399/908 2255/3393/2210
f 2256/1346/2211 2248/3395/2203 2252/1347/2207
f 2253/3394/2208 2263/3400/2218 2251/1358/2206
f 2254/1344/2209 951/3399/908 2257/3401/2212
f 2257/3401/2212 951/3399/908 777/1365/734
f 2257/3401/2212 777/1365/734 778/1367/735
f 2263/3400/2218 2253/3394/2208 778/1367/735
f 2253/3394/2208 2257/3401/2212 778/1367/735
f 1898/3388/1853 2243/1339/2198 2260/3389/2215
f 773/1330/730 774/1332/731 2236/1331/2191
f 1820/1509/1775 1819/1329/1774 1917/3402/1872
f 773/1330/730 1820/1509/1775 1821/1353/1776
f 2247/1341/2202 2443/1524/2398 2250/3396/2205
f 674/3398/631 675/3403/632 2258/1349/2213
f 2259/1348/2214 2258/1349/2213 776/1368/733
f 2261/1355/2216 4456/1354/4403 1765/3404/1720
f 620/1357/577 2262/3397/2217 2251/1358/2206
f 2244/3392/2199 2262/3397/2217 1766/1350/1721
f 1766/1350/1721 2262/3397/2217 620/1357/577
f 778/1367/735 2275/1359/2230 2263/3400/2218
f 2275/1359/2230 778/1367/735 2265/1360/2220
f 778/1367/735 2266/1366/2221 2265/1360/2220
f 2266/1366/2221 2264/1369/2219 952/1362/909
f 2265/1360/2220 2266/1366/2221 952/1362/909
f 2274/1361/2229 2265/1360/2220 952/1362/909
f 952/1362/909 2264/1369/2219 2268/1363/2223
f 2268/1363/2223 2264/1369/2219 2267/3405/2222
f 2267/3405/2222 2270/3406/2225 2269/3407/2224
f 2270/3406/2225 2268/1363/2223 2269/3407/2224
f 2267/3405/2222 1822/3408/1777 954/3409/911
f 953/1364/910 780/1370/737 952/1362/909
f 2268/1363/2223 2271/3410/2226 953/1364/910
f 953/1364/910 2272/3411/2227 780/1370/737
f 1764/1356/1719 2261/1355/2216 2275/1359/2230
f 777/1365/734 2259/1348/2214 2266/1366/2221
f 2259/1348/2214 2264/1369/2219 2266/1366/2221
f 776/1368/733 1919/1521/1874 677/3412/634
f 1822/3408/1777 1920/1122/1875 954/3409/911
f 2264/1369/2219 677/3412/634 2457/1529/2412
f 2264/1369/2219 2457/1529/2412 1822/3408/1777
f 1920/1122/1875 666/1123/623 954/3409/911
f 954/3409/911 666/1123/623 1901/3078/1856
f 2270/3406/2225 1902/3080/1857 2271/3410/2226
f 2273/3413/2228 1902/3080/1857 2270/3406/2225
f 2273/3413/2228 1901/3078/1856 1902/3080/1857
f 952/1362/909 780/1370/737 2008/1110/1963
f 619/1111/576 952/1362/909 2008/1110/1963
f 2278/3414/2233 955/1382/912 3599/1381/3551
f 2278/3415/2233 3599/3416/3551 2279/3417/2234
f 2279/3418/2234 640/3419/597 2276/3420/2231
f 2279/3418/2234 2276/3420/2231 956/3421/913
f 2283/3422/2238 667/1212/624 955/1380/912
f 2278/1374/2233 2283/3422/2238 955/1380/912
f 2282/3423/2237 2278/3415/2233 2279/3417/2234
f 4509/3424/4454 2279/3418/2234 956/3421/913
f 4509/3425/4454 956/3426/913 2281/3427/2236
f 957/3428/914 2280/1387/2235 2295/1389/2250
f 2283/3422/2238 2284/1373/2239 668/1213/625
f 2295/1389/2250 2287/3429/2242 957/3428/914
f 669/1214/626 668/1213/625 2284/1373/2239
f 2282/1372/2237 958/3430/915 2291/1375/2246
f 2287/3429/2242 2288/3431/2243 2285/3432/2240
f 958/3430/915 2282/1372/2237 959/1377/916
f 2290/3433/2245 2286/3434/2241 2285/3432/2240
f 1807/1195/1762 638/3272/595 4476/3435/4423
f 1807/1195/1762 4476/3435/4423 1773/3436/1728
f 955/1382/912 2293/3437/2248 639/1383/596
f 2276/3438/2231 1774/3439/1729 641/1384/598
f 1774/3440/1729 2276/3420/2231 640/3419/597
f 678/3441/635 2459/3442/2414 2280/1387/2235
f 2459/3442/2414 1823/1388/1778 2280/1387/2235
f 679/3443/636 2295/1389/2250 1823/1388/1778
f 2287/1390/2242 2474/3444/2429 1824/1391/1779
f 2288/1392/2243 1824/1391/1779 1903/1408/1858
f 2288/1392/2243 1903/1408/1858 2321/3445/2276
f 2297/3446/2252 2289/1376/2244 1904/3447/1859
f 781/3448/738 959/3449/916 2296/3450/2251
f 2297/3446/2252 2300/3451/2255 2296/1394/2251
f 961/1400/918 1905/1396/1860 2299/3452/2254
f 2302/1401/2257 961/1400/918 2300/3451/2255
f 2303/3453/2258 2302/1401/2257 2297/3446/2252
f 2301/3454/2256 2303/3455/2258 2297/3456/2252
f 2304/3457/2259 2305/3458/2260 2298/3459/2253
f 961/1400/918 2308/1402/2263 962/1403/919
f 963/3460/920 2308/1402/2263 2302/1401/2257
f 2309/3461/2264 963/3462/920 2302/3463/2257
f 2305/3458/2260 2306/3464/2261 2303/3455/2258
f 2330/1239/2285 962/1403/919 2310/1404/2265
f 2312/3465/2267 2311/3466/2266 2308/3467/2263
f 2309/3461/2264 2312/3465/2267 963/3462/920
f 2313/3468/2268 965/3469/922 2307/3470/2262
f 964/3471/921 2313/3472/2268 2307/3473/2262
f 2313/3468/2268 966/3474/923 965/3469/922
f 2310/1404/2265 2314/3475/2269 2329/3283/2284
f 2315/1406/2270 2314/1405/2269 2311/3466/2266
f 2316/3476/2271 969/3477/926 965/3469/922
f 966/3474/923 2316/3476/2271 965/3469/922
f 2316/3476/2271 970/3478/927 969/3477/926
f 967/3479/924 971/3480/928 966/3481/923
f 970/3478/927 2318/3482/2273 969/3477/926
f 971/3480/928 2327/3483/2282 970/3484/927
f 2325/3485/2280 2326/3486/2281 967/3479/924
f 2296/3487/2251 2300/1398/2255 781/1397/738
f 2322/3488/2277 2304/3457/2259 960/1410/917
f 682/3489/639 2322/3488/2277 960/1410/917
f 2323/3490/2278 964/3471/921 2307/3491/2262
f 2324/3492/2279 967/3479/924 964/3471/921
f 1826/3493/1781 1907/3494/1862 2325/3485/2280
f 1826/3493/1781 1906/3495/1861 1907/3494/1862
f 1906/3495/1861 1826/3493/1781 805/3496/762
f 1907/3494/1862 783/3497/740 2326/3486/2281
f 2326/3486/2281 1908/3498/1863 971/3480/928
f 2327/3483/2282 784/3499/741 2320/3500/2275
f 785/3501/742 670/3287/627 2317/3502/2272
f 785/3501/742 4510/1262/4455 2158/1261/2113
f 2329/3283/2284 2317/3502/2272 670/3287/627
f 973/3503/930 975/3504/932 784/3499/741
f 974/3505/931 976/3506/933 973/3503/930
f 2332/3507/2287 2337/3508/2292 974/3505/931
f 1906/3495/1861 977/1411/934 2332/3507/2287
f 2334/3509/2289 2335/3510/2290 2333/3511/2288
f 2335/3510/2290 2361/3512/2316 2333/3511/2288
f 975/3504/932 2336/3513/2291 972/3514/929
f 976/3506/933 978/3515/935 975/3504/932
f 2337/3508/2292 981/3516/938 976/3506/933
f 2332/3507/2287 979/1413/936 2337/3508/2292
f 2332/3507/2287 977/1411/934 979/1413/936
f 2335/3510/2290 2360/3517/2315 2361/3512/2316
f 2339/3518/2294 982/3519/939 979/1413/936
f 981/3516/938 2337/3508/2292 982/3519/939
f 2337/3508/2292 979/1413/936 982/3519/939
f 2339/3518/2294 2343/3520/2298 982/3519/939
f 2342/3521/2297 2345/3522/2300 2340/3523/2295
f 981/3516/938 2342/3521/2297 978/3515/935
f 981/3516/938 982/3519/939 984/3524/941
f 2343/3520/2298 984/3524/941 982/3519/939
f 2343/3520/2298 985/1417/942 984/3524/941
f 2344/3525/2299 2348/3526/2303 2343/3520/2298
f 983/3527/940 2344/3528/2299 980/3529/937
f 983/3527/940 2346/3530/2301 2344/3528/2299
f 2345/3522/2300 2347/3531/2302 2341/3532/2296
f 2349/3533/2304 2351/3534/2306 2348/3526/2303
f 2346/3535/2301 2349/3536/2304 2344/3537/2299
f 2350/3538/2305 787/1419/744 2346/3539/2301
f 2341/3532/2296 2347/3531/2302 2352/3540/2307
f 2347/3531/2302 986/1414/943 2352/3540/2307
f 2353/1418/2308 2354/1415/2309 985/1417/942
f 985/1417/942 2348/3526/2303 2353/1418/2308
f 2351/3534/2306 2353/1418/2308 2348/3526/2303
f 2355/3541/2310 4510/1262/4455 785/3501/742
f 2328/3542/2283 2331/3543/2286 2319/1407/2274
f 2331/3543/2286 972/3544/929 2319/1407/2274
f 784/3545/741 2331/3543/2286 2328/3542/2283
f 1908/3498/1863 973/3503/930 2327/3483/2282
f 1906/3495/1861 805/3496/762 977/1411/934
f 1828/3546/1783 2338/1412/2293 1827/3547/1782
f 1828/3546/1783 980/3548/937 2338/1412/2293
f 683/3549/640 2356/3550/2311 1828/3551/1783
f 2356/3552/2311 983/3553/940 980/3554/937
f 684/3555/641 2350/3538/2305 983/3556/940
f 684/3555/641 2540/3557/2495 2357/3558/2312
f 1931/3559/1886 1909/3560/1864 685/3561/642
f 1910/1420/1865 1911/1429/1866 2354/1415/2309
f 2359/3562/2314 1810/3304/1765 673/3563/630
f 2341/3532/2296 2359/3562/2314 2360/3564/2315
f 2360/3517/2315 672/3303/629 2361/3512/2316
f 2362/3565/2317 1809/3297/1764 671/3566/628
f 2362/3565/2317 671/3566/628 4510/3567/4455
f 2363/3568/2318 2364/3569/2319 2366/1426/2321
f 1911/1429/1866 1910/1420/1865 2367/1425/2322
f 1910/1420/1865 786/1423/743 2367/1425/2322
f 2369/3570/2324 2368/1427/2323 2366/1426/2321
f 2370/3571/2325 2369/3572/2324 2364/3573/2319
f 687/1442/644 2367/1425/2322 988/1424/945
f 2371/3574/2326 2378/3575/2333 2368/1427/2323
f 2372/3576/2327 2374/3577/2329 2369/3578/2324
f 2370/1431/2325 2372/3579/2327 2369/3570/2324
f 2377/1435/2332 989/1434/946 2373/1430/2328
f 2379/3580/2334 2387/3581/2342 2378/3575/2333
f 2374/3582/2329 2379/3583/2334 2371/3584/2326
f 989/3585/946 2381/3586/2336 2376/3587/2331
f 2381/3588/2336 2375/1433/2330 2376/1432/2331
f 2387/3581/2342 2382/3589/2337 2378/3575/2333
f 991/3590/948 2386/3591/2341 2375/3592/2330
f 2386/3593/2341 2384/3594/2339 2375/1433/2330
f 2383/1436/2338 991/3595/948 2381/3588/2336
f 2387/1446/2342 2392/3596/2347 2382/3597/2337
f 2389/1438/2344 789/1452/746 2383/1436/2338
f 2363/3568/2318 2396/3598/2351 1811/1422/1766
f 2390/1441/2345 2364/3569/2319 2363/3568/2318
f 2390/1441/2345 1911/1429/1866 2364/3569/2319
f 1909/3560/1864 2391/3599/2346 786/1423/743
f 686/3600/643 2365/3601/2320 1909/3560/1864
f 687/1442/644 988/1424/945 2365/3601/2320
f 788/1440/745 1829/1439/1784 2402/1445/2357
f 789/1452/746 2398/3602/2353 790/3603/747
f 2384/3604/2339 791/1447/748 990/3605/947
f 791/1447/748 2384/3604/2339 2397/3606/2352
f 2392/3596/2347 1913/3607/1868 2393/3608/2348
f 2393/3609/2348 1815/3340/1770 1814/3610/1769
f 2382/3589/2337 2393/3609/2348 1814/3610/1769
f 2394/3611/2349 1814/3610/1769 2185/3326/2140
f 2368/1427/2323 2394/3611/2349 2395/1428/2350
f 1813/3612/1768 2363/3568/2318 2366/1426/2321
f 2363/3568/2318 1812/3337/1767 2396/3598/2351
f 2363/3568/2318 1813/3612/1768 1812/3337/1767
f 2401/3613/2356 2399/1451/2354 791/1450/748
f 2401/3614/2356 2397/3606/2352 2420/3615/2375
f 2400/1453/2355 2405/3616/2360 2398/3602/2353
f 2399/1456/2354 2401/3614/2356 2404/1457/2359
f 993/3617/950 2404/1457/2359 2420/3615/2375
f 2407/3618/2362 2411/3619/2366 2405/3616/2360
f 2406/1455/2361 2407/3618/2362 2400/1453/2355
f 993/3620/950 2405/3616/2360 2411/3619/2366
f 994/1468/951 2412/3621/2367 992/1454/949
f 2408/3622/2363 2423/1471/2378 2403/3623/2358
f 2404/3624/2359 2410/1463/2365 2408/1462/2363
f 2415/1465/2370 2423/1464/2378 2410/1463/2365
f 2414/3625/2369 2413/3626/2368 2407/1461/2362
f 2417/3627/2372 1818/1472/1773 2423/1471/2378
f 1915/3628/1870 2409/3629/2364 2413/3626/2368
f 2416/3630/2371 995/3631/952 2414/3625/2369
f 2419/1448/2374 1817/3632/1772 1913/3607/1868
f 2420/3615/2375 2397/3606/2352 2388/3633/2343
f 2388/3633/2343 790/3634/747 2420/3615/2375
f 2398/3635/2353 2420/3615/2375 790/3634/747
f 2402/1445/2357 1830/1444/1785 4511/1467/4456
f 4511/1467/4456 1831/1599/1786 2421/1610/2376
f 2435/3636/2390 2418/1469/2373 2421/1610/2376
f 2425/1479/2380 2417/3627/2372 2415/3637/2370
f 1916/1481/1871 1818/1472/1773 2425/1479/2380
f 2417/3627/2372 2425/1479/2380 1818/1472/1773
f 1916/3638/1871 2437/3639/2392 1818/3640/1773
f 2437/3641/2392 604/3355/561 1818/1472/1773
f 2210/1287/2165 2424/1474/2379 2403/3623/2358
f 2210/1287/2165 2403/3623/2358 2423/1471/2378
f 2424/1474/2379 2210/1287/2165 937/1475/894
f 1916/1481/1871 2426/1480/2381 2437/3641/2392
f 1915/3642/1870 2426/1480/2381 2425/1479/2380
f 792/1482/749 996/1485/953 2428/1483/2383
f 996/1485/953 792/1482/749 2435/3636/2390
f 2427/3643/2382 2429/3644/2384 2426/1480/2381
f 2429/3644/2384 2427/3643/2382 2428/1483/2383
f 997/1486/954 2429/3644/2384 2428/1483/2383
f 2436/1501/2391 2426/1480/2381 998/3645/955
f 2426/3646/2381 2429/3647/2384 998/3648/955
f 996/1485/953 999/1492/956 997/1486/954
f 2431/3649/2386 2429/3644/2384 997/1486/954
f 1000/1491/957 997/1486/954 999/1492/956
f 2433/1497/2388 2436/1501/2391 998/3645/955
f 2432/3650/2387 2431/3649/2386 1000/1491/957
f 2433/1497/2388 998/3645/955 2430/1495/2385
f 2430/1495/2385 2434/3651/2389 795/3652/752
f 2434/3653/2389 2432/3654/2387 794/3655/751
f 1000/1491/957 793/1494/750 794/3656/751
f 2415/3637/2370 1915/3642/1870 2425/1479/2380
f 2427/3657/2382 1915/3628/1870 1914/3658/1869
f 2435/3636/2390 2421/1610/2376 689/1609/646
f 2430/1495/2385 795/3652/752 2448/1496/2403
f 2436/1501/2391 2433/1497/2388 1819/1502/1774
f 2440/1510/2395 2441/1512/2396 2439/1508/2394
f 1001/3659/958 2442/1511/2397 2440/1510/2395
f 2439/1508/2394 2445/1514/2400 2443/1524/2398
f 2445/1514/2400 2439/1508/2394 2441/1512/2396
f 1002/1515/959 2441/1512/2396 2442/1511/2397
f 2443/1524/2398 2445/1514/2400 2444/3660/2399
f 1002/1515/959 692/3661/649 2446/1513/2401
f 675/3403/632 2447/1520/2402 676/1522/633
f 675/3403/632 2444/3660/2399 2447/1520/2402
f 797/1517/754 798/3662/755 2446/1513/2401
f 1820/1509/1775 1917/3402/1872 2448/1496/2403
f 2438/1507/2393 2448/1496/2403 795/3652/752
f 795/3652/752 2440/1510/2395 2438/1507/2393
f 1001/3659/958 794/3656/751 793/1494/750
f 2442/1511/2397 1001/3659/958 690/1518/647
f 691/1519/648 692/3661/649 1002/1515/959
f 692/3661/649 816/1625/773 796/1516/753
f 2446/1513/2401 692/3661/649 796/1516/753
f 675/3403/632 676/1522/633 2258/1349/2213
f 2443/1524/2398 2444/3660/2399 674/3398/631
f 1820/1509/1775 2439/1508/2394 1821/1353/1776
f 677/3412/634 1919/1521/1874 2449/1525/2404
f 2449/1525/2404 1918/1523/1873 1003/1526/960
f 1003/1526/960 2456/3663/2411 2451/3664/2406
f 2456/3663/2411 2608/3665/2563 2451/3664/2406
f 2451/3664/2406 2450/1527/2405 1003/1526/960
f 2450/1527/2405 2451/3664/2406 2453/1530/2408
f 2451/3664/2406 693/1532/650 2453/1530/2408
f 2457/1529/2412 2452/1528/2407 2454/3666/2409
f 2452/1528/2407 2455/1531/2410 2454/3666/2409
f 1918/1523/1873 2449/1525/2404 1919/1521/1874
f 1918/1523/1873 798/3662/755 1003/1526/960
f 2456/3663/2411 798/3662/755 797/1517/754
f 2456/3663/2411 1003/1526/960 798/3662/755
f 797/1517/754 796/1516/753 2456/3663/2411
f 2456/3663/2411 1833/1645/1788 2608/3665/2563
f 2455/1531/2410 2453/1530/2408 800/1125/757
f 1920/1122/1875 2454/3666/2409 2026/1113/1981
f 1822/3408/1777 2457/1529/2412 2454/3666/2409
f 677/3412/634 2449/1525/2404 2457/1529/2412
f 2477/3667/2432 2462/3668/2417 2459/3669/2414
f 2462/3670/2417 1005/3671/962 2459/3442/2414
f 2460/3672/2415 2463/3673/2418 2458/3674/2413
f 1004/3675/961 1006/3676/963 2464/3677/2419
f 2478/1544/2433 695/3678/652 1004/3679/961
f 2463/3673/2418 2462/3668/2417 2477/3667/2432
f 2463/3673/2418 2468/3680/2423 2462/3668/2417
f 2465/3681/2420 2463/3673/2418 2460/3672/2415
f 2465/3681/2420 2461/3682/2416 2466/3683/2421
f 2464/3684/2419 2466/3683/2421 2461/3682/2416
f 1006/3676/963 2467/1534/2422 2464/3677/2419
f 2467/1534/2422 2466/3685/2421 2464/3677/2419
f 1008/3686/965 2462/3668/2417 1009/3687/966
f 2466/3683/2421 2469/3688/2424 2465/3681/2420
f 2466/3685/2421 2467/1534/2422 2470/1536/2425
f 2468/3680/2423 2473/3689/2428 1009/3687/966
f 2468/3680/2423 2469/3688/2424 1010/3690/967
f 2470/1536/2425 1010/1540/967 2466/3685/2421
f 2473/3689/2428 2472/3691/2427 1009/3687/966
f 2472/3692/2427 2471/1539/2426 1009/1538/966
f 2475/1542/2430 801/3693/758 2472/3694/2427
f 1010/1540/967 2475/1542/2430 2473/3695/2428
f 2480/1546/2435 1011/1541/968 2470/1536/2425
f 1775/3696/1730 2476/3697/2431 601/3698/558
f 1776/3699/1731 2476/3697/2431 1775/3696/1730
f 2477/3700/2432 2459/3442/2414 1776/3699/1731
f 1777/3701/1732 2477/3667/2432 642/3702/599
f 1777/3701/1732 643/3703/600 2460/3672/2415
f 644/3704/601 2461/3682/2416 643/3703/600
f 2461/3682/2416 2460/3672/2415 643/3703/600
f 1778/3705/1733 2464/3677/2419 644/3706/601
f 2478/1544/2433 4479/1543/4426 602/3707/559
f 695/3678/652 2478/1544/2433 694/3708/651
f 1834/3709/1789 1007/3710/964 695/3678/652
f 696/1668/653 2619/1656/2574 2479/1535/2434
f 2619/1656/2574 2470/1536/2425 2479/1535/2434
f 2483/1548/2438 1013/3711/970 1011/1541/968
f 1011/1541/968 2480/1546/2435 2483/1548/2438
f 1011/1541/968 1013/3711/970 1921/3712/1876
f 1922/1549/1877 2472/3713/2427 801/3693/758
f 2472/3713/2427 1922/1549/1877 2471/1551/2426
f 680/3714/637 2471/1539/2426 2287/3715/2242
f 1008/1537/965 680/3714/637 679/3716/636
f 1005/3671/962 1823/1388/1778 2459/3442/2414
f 2484/3717/2439 2485/3718/2440 1012/3719/969
f 2485/3718/2440 2507/3720/2462 1012/3719/969
f 1922/1549/1877 2484/3717/2439 802/1550/759
f 1013/3711/970 1015/1559/972 2487/1553/2442
f 2485/3718/2440 2486/3721/2441 2507/3720/2462
f 1013/3711/970 2483/1548/2438 1015/1559/972
f 2484/3717/2439 1922/1549/1877 1016/3722/973
f 2487/1553/2442 1015/1559/972 2489/3723/2444
f 2485/3718/2440 1018/1555/975 2486/3721/2441
f 2484/3717/2439 1018/1555/975 2485/3718/2440
f 2492/3724/2447 2488/3725/2443 1014/1554/971
f 2492/3724/2447 2491/3726/2446 2488/3725/2443
f 1017/3727/974 2492/3724/2447 2489/3723/2444
f 2484/3717/2439 2490/3728/2445 1018/1555/975
f 2493/3729/2448 1019/3730/976 2491/3731/2446
f 2494/1694/2449 2497/3732/2452 1017/3727/974
f 1018/1555/975 2490/3728/2445 2498/1556/2453
f 2499/3733/2454 2495/3734/2450 1019/3735/976
f 2496/3736/2451 2499/3733/2454 1019/3735/976
f 2492/3724/2447 1017/3727/974 2497/3732/2452
f 2501/3737/2456 2504/1557/2459 2498/1556/2453
f 2501/3737/2456 2503/3738/2458 2504/1557/2459
f 1020/3739/977 2497/3732/2452 2502/3740/2457
f 803/1695/760 2502/3740/2457 2497/3732/2452
f 802/3741/759 1012/3742/969 1923/3743/1878
f 801/3693/758 2481/3744/2436 1922/1549/1877
f 1922/1549/1877 2481/3744/2436 2482/1552/2437
f 1013/3711/970 2481/3744/2436 1921/3712/1876
f 2483/1548/2438 697/1685/654 698/1558/655
f 699/3745/656 1015/3746/972 698/3747/655
f 700/3748/657 2494/1694/2449 1015/1559/972
f 1015/3749/972 699/3750/656 700/3751/657
f 2502/3740/2457 2509/3752/2464 2500/3753/2455
f 1925/3754/1880 804/3755/761 2503/3756/2458
f 804/3757/761 1926/3758/1881 2503/3738/2458
f 1826/3493/1781 2504/1557/2459 805/3496/762
f 1018/1555/975 1826/3493/1781 2505/3759/2460
f 2486/3721/2441 2505/3759/2460 2506/3760/2461
f 2486/3721/2441 2506/3760/2461 2507/3720/2462
f 2507/3761/2462 682/3762/639 681/3763/638
f 1021/3764/978 2512/3765/2467 1924/3766/1879
f 1021/3767/978 2514/3768/2469 2512/3769/2467
f 2517/3770/2472 2515/3771/2470 2502/3740/2457
f 1836/1693/1791 2518/1563/2473 2511/3772/2466
f 2513/1561/2468 2512/3765/2467 2516/3773/2471
f 2514/3774/2469 2516/3773/2471 2512/3765/2467
f 2517/3770/2472 1025/3775/982 2515/3771/2470
f 2518/1563/2473 2521/3776/2476 2517/3770/2472
f 1836/1693/1791 1837/1564/1792 2518/1563/2473
f 1024/3777/981 1026/3778/983 2516/3773/2471
f 1027/3779/984 2520/3780/2475 1024/3781/981
f 2517/3770/2472 2521/3776/2476 1025/3775/982
f 2522/3782/2477 2525/3783/2480 1026/3778/983
f 2525/3783/2480 2540/3557/2495 1026/3778/983
f 2520/3784/2475 2522/3785/2477 1026/3786/983
f 2521/3776/2476 1028/3787/985 1025/3775/982
f 2524/1565/2479 1837/1564/1792 2535/3788/2490
f 2525/3783/2480 2539/3789/2494 2540/3557/2495
f 2526/3790/2481 2527/3791/2482 2525/3783/2480
f 2530/3792/2485 2529/1566/2484 2524/1565/2479
f 2527/3793/2482 2531/3794/2486 2539/3795/2494
f 1028/3787/985 2532/3796/2487 2526/3790/2481
f 2537/3797/2492 808/3798/765 1028/3787/985
f 807/3799/764 2537/3797/2492 2521/3776/2476
f 2528/3800/2483 807/3799/764 2521/3776/2476
f 806/1568/763 2533/3801/2488 2528/3800/2483
f 2529/1566/2484 806/1568/763 2528/3800/2483
f 2536/3802/2491 2529/1566/2484 2530/3792/2485
f 2534/3803/2489 2541/3804/2496 805/3496/762
f 2541/3804/2496 977/1411/934 805/3496/762
f 1926/3758/1881 2534/3803/2489 805/3496/762
f 2502/3805/2457 2510/3806/2465 1924/3807/1879
f 2510/3808/2465 1021/3809/978 1924/3810/1879
f 2517/3770/2472 803/1695/760 2511/3772/2466
f 1836/1693/1791 2511/3772/2466 701/1691/658
f 1837/1564/1792 2654/3811/2609 2535/3788/2490
f 703/3812/660 2530/3792/2485 2535/3788/2490
f 702/3813/659 703/3812/660 2535/3788/2490
f 1058/1709/1015 821/1581/778 1927/3814/1882
f 2529/1566/2484 2536/3802/2491 1928/1567/1883
f 1928/1567/1883 2536/3802/2491 1927/3814/1882
f 806/1568/763 1929/3815/1884 2533/3801/2488
f 2533/3801/2488 1929/3815/1884 807/3799/764
f 807/3799/764 1930/3816/1885 2537/3797/2492
f 2532/3796/2487 809/3817/766 2531/3818/2486
f 808/3798/765 2555/3819/2510 2532/3796/2487
f 2531/3794/2486 2538/3820/2493 2539/3795/2494
f 2538/3821/2493 685/3561/642 2357/3558/2312
f 2539/3789/2494 2357/3558/2312 2540/3557/2495
f 684/3555/641 1023/1562/980 2540/3557/2495
f 1023/1562/980 684/3555/641 683/3822/640
f 1022/3823/979 683/3549/640 1828/3551/1783
f 2541/3804/2496 1827/3547/1782 977/1411/934
f 1030/3824/987 1031/3825/988 1029/3826/986
f 2542/1569/2497 1032/1572/989 1030/3824/987
f 1929/3815/1884 1033/1570/990 2542/1569/2497
f 1928/1567/1883 2547/1571/2502 1033/1570/990
f 1034/3827/991 688/1443/645 2543/3828/2498
f 1031/3825/988 1034/3827/991 2543/3828/2498
f 1031/3825/988 1035/3829/992 1034/3827/991
f 2542/1569/2497 2547/1571/2502 1032/1572/989
f 2548/1577/2503 1036/1574/993 2547/1571/2502
f 2545/3830/2500 2550/3831/2505 1034/3827/991
f 2546/1573/2501 2550/3831/2505 2545/3830/2500
f 2549/1576/2504 2553/1579/2508 2548/1577/2503
f 1036/1574/993 2551/3832/2506 2546/1573/2501
f 2552/1578/2507 2551/3832/2506 1036/1574/993
f 2552/1578/2507 2548/1577/2503 2553/1579/2508
f 704/3833/661 2556/1583/2511 2553/1579/2508
f 1930/3816/1885 1029/3826/986 808/3798/765
f 807/3799/764 1929/3815/1884 1930/3816/1885
f 2542/1569/2497 1030/3824/987 1930/3816/1885
f 1033/1570/990 1929/3815/1884 806/1568/763
f 1928/1567/1883 1033/1570/990 806/1568/763
f 821/1581/778 1928/1567/1883 1927/3814/1882
f 1928/1567/1883 821/1581/778 2544/1575/2499
f 704/3833/661 2549/1576/2504 2544/1575/2499
f 2558/1588/2513 2557/1580/2512 2559/1589/2514
f 1830/1444/1785 2551/3832/2506 2558/1588/2513
f 1829/1439/1784 2551/3832/2506 1830/1444/1785
f 2569/1590/2524 4511/1467/4456 2558/1588/2513
f 2559/1589/2514 1037/1591/994 2569/1590/2524
f 1037/1591/994 2566/1597/2521 2569/1590/2524
f 2562/1594/2517 2563/1596/2518 2560/1592/2515
f 1037/1591/994 2561/1595/2516 2563/1596/2518
f 2567/1605/2522 2564/1601/2519 2563/1596/2518
f 1039/1603/996 2567/1605/2522 2563/1596/2518
f 706/1607/663 1840/1604/1795 1039/1603/996
f 2566/1597/2521 1038/1600/995 813/1602/770
f 2565/1598/2520 2566/1597/2521 814/1608/771
f 2567/1605/2522 813/1602/770 2564/1601/2519
f 2560/1592/2515 811/1586/768 810/1585/767
f 810/1585/767 705/1584/662 1838/1593/1793
f 1839/1606/1794 2562/1594/2517 1838/1593/1793
f 1840/1604/1795 1841/1730/1796 812/1619/769
f 812/1619/769 1932/3834/1887 1840/1604/1795
f 2568/1612/2523 2567/1605/2522 1932/3834/1887
f 2568/1612/2523 2580/1611/2535 813/1602/770
f 2569/1590/2524 1831/1599/1786 4511/1467/4456
f 2421/1610/2376 2565/1598/2520 689/1609/646
f 1830/1444/1785 2558/1588/2513 4511/1467/4456
f 1040/3835/997 814/1608/771 2575/1615/2530
f 2580/1611/2535 2572/1613/2527 2575/1615/2530
f 2572/1613/2527 2570/1614/2525 2576/3836/2531
f 2570/1614/2525 2574/3837/2529 2576/3836/2531
f 1041/3838/998 2576/3836/2531 2577/3839/2532
f 2574/3837/2529 2577/3839/2532 2576/3836/2531
f 2577/3839/2532 2574/3837/2529 2573/1618/2528
f 2579/1493/2534 2575/1615/2530 2576/3836/2531
f 2576/3836/2531 1041/3838/998 2579/1493/2534
f 2577/3839/2532 2578/1628/2533 1041/3838/998
f 2577/3839/2532 2581/3840/2536 2578/1628/2533
f 2579/1493/2534 1041/3838/998 2596/1620/2551
f 2581/3840/2536 2582/1626/2537 2578/1628/2533
f 814/1608/771 2566/1597/2521 2580/1611/2535
f 2566/1597/2521 813/1602/770 2580/1611/2535
f 2568/1612/2523 1932/3834/1887 2570/1614/2525
f 812/1619/769 1841/1730/1796 1842/1617/1797
f 1842/1617/1797 1843/3841/1798 2573/1618/2528
f 815/3842/772 1041/3838/998 2578/1628/2533
f 1041/3838/998 815/3842/772 2596/1620/2551
f 2579/1493/2534 2584/1621/2539 793/1494/750
f 2435/3636/2390 2571/1616/2526 1832/1490/1787
f 1040/3835/997 2571/1616/2526 2435/3636/2390
f 689/1609/646 1040/3835/997 2435/3636/2390
f 2596/1620/2551 2587/3843/2542 2585/1622/2540
f 2583/1627/2538 815/3842/772 2578/1628/2533
f 2587/3843/2542 2586/3844/2541 2585/1622/2540
f 2583/1627/2538 2592/3845/2547 2587/3843/2542
f 2589/3846/2544 2584/3847/2539 2585/3848/2540
f 2587/3843/2542 2592/3845/2547 2586/3844/2541
f 2588/1634/2543 2589/3849/2544 2586/3844/2541
f 2590/1623/2545 2588/1634/2543 2593/1624/2548
f 2593/1624/2548 2588/1634/2543 2591/1631/2546
f 2586/3844/2541 2591/1631/2546 2588/1634/2543
f 2594/3850/2549 2586/3844/2541 2592/3845/2547
f 2586/3844/2541 1042/3851/999 2591/1631/2546
f 2587/3843/2542 2596/1620/2551 815/3842/772
f 2582/1626/2537 2681/1629/2636 2583/1627/2538
f 707/3852/664 2592/3845/2547 2694/1630/2649
f 1933/3853/1888 2594/3850/2549 2595/3854/2550
f 1042/3851/999 2605/1632/2560 2591/1631/2546
f 2590/1623/2545 816/1625/773 692/3661/649
f 691/1519/648 2590/1623/2545 692/3661/649
f 690/1518/647 793/1494/750 2584/1621/2539
f 1833/1645/1788 2604/1635/2559 2608/3665/2563
f 2608/3665/2563 2604/1635/2559 1044/1637/1001
f 2597/1633/2552 1043/1638/1000 2600/1640/2555
f 2606/3855/2561 2598/3856/2553 1043/1638/1000
f 2600/1640/2555 2599/1636/2554 2597/1633/2552
f 2600/1640/2555 2601/1641/2556 2599/1636/2554
f 2608/3665/2563 1044/1637/1001 2602/1644/2557
f 2599/1636/2554 1045/1642/1002 1935/1133/1890
f 2607/1533/2562 2608/3665/2563 2602/1644/2557
f 2602/1644/2557 1935/1133/1890 2603/1127/2558
f 2602/1644/2557 1044/1637/1001 1935/1133/1890
f 816/1625/773 2593/1624/2548 2604/1635/2559
f 1043/1638/1000 2597/1633/2552 2605/1632/2560
f 1043/1638/1000 2605/1632/2560 2606/3855/2561
f 2606/3857/2561 2595/3858/2550 1844/3859/1799
f 1043/1638/1000 2598/3856/2553 1845/1639/1800
f 710/1643/667 1846/1761/1801 1045/1642/1002
f 2601/1641/2556 709/1753/666 710/1643/667
f 1045/1642/1002 1846/1761/1801 1934/1134/1889
f 693/1532/650 2608/3665/2563 2607/1533/2562
f 2609/3860/2564 694/3861/651 2624/1648/2579
f 1046/1646/1003 2610/3862/2565 2612/1652/2567
f 2611/1649/2566 2612/1652/2567 2610/3862/2565
f 1047/1663/1004 2611/1649/2566 647/1661/604
f 1782/3863/1737 2625/3864/2580 1048/3865/1005
f 1047/1663/1004 2614/1650/2569 2611/1649/2566
f 1047/1663/1004 1048/3865/1005 2614/1650/2569
f 1048/3865/1005 2616/1664/2571 2614/1650/2569
f 2615/1653/2570 2617/1654/2572 1046/1646/1003
f 2618/1666/2573 2621/3866/2576 2614/1650/2569
f 1049/1651/1006 2617/1654/2572 2615/1653/2570
f 1049/1651/1006 2614/1650/2569 2621/3866/2576
f 2622/1657/2577 2627/1667/2582 2619/1656/2574
f 1050/3867/1007 2618/1666/2573 2626/1665/2581
f 2620/1655/2575 1049/1651/1006 2623/1658/2578
f 1049/1651/1006 2621/3866/2576 2623/1658/2578
f 1050/3867/1007 2626/1665/2581 1051/3868/1008
f 1050/3867/1007 1051/3868/1008 1052/3869/1009
f 694/3708/651 602/3707/559 1779/3870/1734
f 694/3861/651 1779/3871/1734 2624/1648/2579
f 1782/3863/1737 1783/3872/1738 1849/3873/1804
f 712/1785/669 2616/1664/2571 2625/3864/2580
f 712/1785/669 1850/1787/1805 2626/1665/2581
f 1850/1787/1805 1051/3868/1008 2626/1665/2581
f 1851/1687/1806 1936/3874/1891 714/3875/671
f 1051/3868/1008 714/3875/671 1936/3874/1891
f 1052/3869/1009 1051/3868/1008 1936/3874/1891
f 1052/3869/1009 1937/3876/1892 2623/1658/2578
f 1937/3876/1892 817/1684/774 2622/1657/2577
f 2627/1667/2582 2622/1657/2577 817/1684/774
f 1835/1547/1790 2627/1667/2582 817/1684/774
f 2619/1656/2574 2627/1667/2582 2480/1546/2435
f 2613/1647/2568 2620/1655/2575 696/1668/653
f 2613/1647/2568 696/1668/653 1834/3877/1789
f 2629/1672/2584 1054/1669/1011 817/1684/774
f 2629/1672/2584 1937/3876/1892 2630/1673/2585
f 1053/1675/1010 2631/1686/2586 2634/1677/2589
f 2636/3878/2591 2642/3879/2597 1055/3880/1012
f 2635/1674/2590 2633/1676/2588 2640/1680/2595
f 2638/1679/2593 2633/1676/2588 2639/1681/2594
f 2635/1674/2590 1056/1692/1013 2632/1670/2587
f 2635/1674/2590 2640/1680/2595 1056/1692/1013
f 2640/1680/2595 2638/1679/2593 818/1683/775
f 2639/1681/2594 2637/3881/2592 717/1682/674
f 2629/1672/2584 817/1684/774 1937/3876/1892
f 1052/3869/1009 2631/1686/2586 1053/1675/1010
f 1851/1687/1806 2631/1686/2586 1936/3874/1891
f 1052/3869/1009 1936/3874/1891 2631/1686/2586
f 715/3882/672 716/1689/673 2628/1688/2583
f 2637/3881/2592 716/1689/673 717/1682/674
f 717/1682/674 838/3883/795 605/1705/562
f 818/1683/775 2643/3884/2598 2640/1680/2595
f 2641/1703/2596 819/1702/776 1056/1692/1013
f 2641/1703/2596 2640/1680/2595 2643/3884/2598
f 803/1695/760 2636/1678/2591 701/1691/658
f 2642/3879/2597 2494/3885/2449 700/3886/657
f 2642/3879/2597 700/3886/657 699/3887/656
f 1057/1704/1014 2654/3811/2609 819/1702/776
f 1057/1704/1014 2641/1703/2596 2643/3884/2598
f 1057/1704/1014 2643/3884/2598 2650/1699/2605
f 2646/1696/2601 605/1705/562 2653/1697/2608
f 2649/1700/2604 2644/3888/2599 2648/1706/2603
f 2644/3888/2599 2646/1696/2601 2648/1706/2603
f 2648/1706/2603 2646/1696/2601 2651/1698/2606
f 2652/1701/2607 2649/1700/2604 1939/1708/1894
f 2649/1700/2604 2648/1706/2603 1939/1708/1894
f 818/1683/775 2645/3889/2600 2643/3884/2598
f 2644/3888/2599 2645/3889/2600 818/1683/775
f 717/1682/674 2646/1696/2601 2644/3888/2599
f 718/1830/675 2651/1698/2606 2653/1697/2608
f 1855/1828/1810 820/1718/777 1854/1826/1809
f 1938/1717/1893 2655/1707/2610 2648/1706/2603
f 1938/1717/1893 820/1718/777 1059/3890/1016
f 2652/1701/2607 1940/1582/1895 821/1581/778
f 2652/1701/2607 1939/1708/1894 1940/1582/1895
f 1058/1709/1015 703/3812/660 702/3813/659
f 702/3813/659 2535/3788/2490 2654/3811/2609
f 2647/3891/2602 702/3813/659 2654/3811/2609
f 1837/1564/1792 1836/1693/1791 2654/3811/2609
f 1940/1582/1895 2655/1707/2610 2659/1711/2614
f 2656/1712/2611 2658/1710/2613 2655/1707/2610
f 2656/1712/2611 1059/3890/1016 2660/3892/2615
f 2657/3893/2612 2660/3892/2615 1059/3890/1016
f 2658/1710/2613 2663/3894/2618 2659/1711/2614
f 2664/1713/2619 2660/3892/2615 2661/3895/2616
f 2662/1714/2617 2661/3895/2616 2660/3892/2615
f 2662/1714/2617 2657/3893/2612 2666/1715/2621
f 2664/1713/2619 2661/3895/2616 1060/3896/1017
f 2663/3894/2618 2664/1713/2619 1060/3896/1017
f 1061/1716/1018 1060/3896/1017 2661/3895/2616
f 1061/1716/1018 2666/1715/2621 2667/1721/2622
f 1856/1720/1811 2669/1725/2624 2667/1721/2622
f 2666/1715/2621 719/1719/676 1856/1720/1811
f 2669/1725/2624 822/1722/779 2667/1721/2622
f 1060/3896/1017 1061/1716/1018 822/1722/779
f 822/1722/779 2665/3897/2620 1060/3896/1017
f 2665/3897/2620 1941/3898/1896 705/1584/662
f 2663/3894/2618 2556/1583/2511 704/3833/661
f 1060/3896/1017 705/1584/662 2663/3894/2618
f 2556/1583/2511 2663/3894/2618 705/1584/662
f 2659/1711/2614 2663/3894/2618 704/3833/661
f 2669/1725/2624 2671/1724/2626 1062/3899/1019
f 2668/1726/2623 1062/3899/1019 2671/1724/2626
f 2669/1725/2624 720/1728/677 2670/1723/2625
f 2672/1727/2627 2671/1724/2626 1942/1731/1897
f 2670/1723/2625 1942/1731/1897 2671/1724/2626
f 1941/3898/1896 2665/3897/2620 1062/3899/1019
f 2665/3897/2620 822/1722/779 1062/3899/1019
f 2669/1725/2624 1062/3899/1019 822/1722/779
f 1942/1731/1897 2673/1729/2628 2672/1727/2627
f 1942/1731/1897 2670/1723/2625 2794/1733/2749
f 2677/1736/2632 1063/1734/1020 2673/1729/2628
f 2680/3900/2635 2677/1736/2632 2674/1732/2629
f 2679/1741/2634 2676/1735/2631 2677/1736/2632
f 2674/1732/2629 2678/1740/2633 2680/3900/2635
f 2794/1733/2749 2678/1740/2633 2674/1732/2629
f 2676/1735/2631 2679/1741/2634 2675/1743/2630
f 2680/3900/2635 1944/3901/1899 2677/1736/2632
f 2677/1736/2632 1945/1744/1900 2679/1741/2634
f 2677/1736/2632 1944/3901/1899 1945/1744/1900
f 2678/1740/2633 721/1739/678 1943/1747/1898
f 2673/1729/2628 1063/1734/1020 1841/1730/1796
f 721/1739/678 606/1846/563 823/1745/780
f 2680/3900/2635 824/3902/781 1944/3901/1899
f 2582/1626/2537 2581/3840/2536 2675/1743/2630
f 2581/3840/2536 2573/1618/2528 1843/3841/1798
f 2676/1735/2631 2675/1743/2630 1843/3841/1798
f 1842/1617/1797 2676/1735/2631 1843/3841/1798
f 1945/1744/1900 824/3902/781 825/1742/782
f 823/1745/780 2690/1862/2645 1064/1746/1021
f 824/3902/781 2684/3903/2639 2682/1748/2637
f 2682/1748/2637 1065/3904/1022 2681/1629/2636
f 2682/1748/2637 2684/3903/2639 1065/3904/1022
f 1064/1746/1021 2683/3905/2638 2684/3903/2639
f 2690/1862/2645 1857/3906/1812 2683/3905/2638
f 2684/3903/2639 1067/3907/1024 1065/3904/1022
f 722/3908/679 2685/3909/2640 2683/3910/2638
f 2685/3911/2640 2684/3903/2639 2683/3905/2638
f 2686/3912/2641 1067/3907/1024 2684/3903/2639
f 2686/3912/2641 2684/3903/2639 2685/3911/2640
f 1066/3913/1023 2687/1749/2642 2694/1630/2649
f 2681/1629/2636 2582/1626/2537 825/1742/782
f 1945/1744/1900 1944/3901/1899 824/3902/781
f 1943/1747/1898 824/3902/781 2680/3900/2635
f 1943/1747/1898 1064/1746/1021 824/3902/781
f 2691/3914/2646 2685/3911/2640 1858/3915/1813
f 1859/3916/1814 2691/3914/2646 1858/3915/1813
f 2719/3917/2674 2691/3914/2646 1860/3918/1815
f 1946/3919/1901 2688/3920/2643 1067/3907/1024
f 828/3921/785 2687/3922/2642 2693/3923/2648
f 2687/1749/2642 828/3924/785 708/1750/665
f 708/1750/665 707/3852/664 2694/1630/2649
f 2702/3925/2657 2696/3926/2651 2697/3927/2652
f 2706/3928/2661 2695/3929/2650 2700/3930/2655
f 2706/3928/2661 2700/3930/2655 2705/3931/2660
f 2704/3932/2659 2697/3927/2652 2698/3933/2653
f 709/1753/666 1845/1639/1800 2699/3934/2654
f 2706/3928/2661 2709/3935/2664 709/1753/666
f 2705/3931/2660 2707/3936/2662 2706/3928/2661
f 2706/3928/2661 2707/3936/2662 2709/3935/2664
f 2707/3936/2662 2705/3931/2660 2703/3937/2658
f 2708/3938/2663 2703/3937/2658 2704/3939/2659
f 2709/3935/2664 2711/1751/2666 709/1753/666
f 2711/1751/2666 832/1143/789 2714/1752/2669
f 2712/1754/2667 2711/1751/2666 2710/3940/2665
f 2713/1760/2668 2712/1754/2667 1071/1757/1028
f 1072/1755/1029 2721/3089/2676 832/1143/789
f 2716/3941/2671 827/3942/784 1947/3943/1902
f 2718/3944/2673 826/3945/783 2719/3917/2674
f 723/3946/680 2719/3917/2674 1861/3947/1816
f 1070/1758/1027 2708/3938/2663 724/1756/681
f 724/1756/681 2818/3948/2773 1071/1757/1028
f 2818/3948/2773 1862/1759/1817 1071/1757/1028
f 2833/1885/2788 2055/1886/2010 830/3088/787
f 1072/1755/1029 830/3088/787 2721/3089/2676
f 2714/1752/2669 832/1143/789 833/1135/790
f 1846/1761/1801 2714/1752/2669 833/1135/790
f 1845/1639/1800 2598/3856/2553 2722/3949/2677
f 2723/1762/2678 2724/1783/2679 1074/1763/1031
f 2725/3950/2680 1073/3951/1030 1849/3873/1804
f 1076/3952/1033 2728/3953/2683 1073/3951/1030
f 1074/1765/1031 1075/3954/1032 2726/1766/2681
f 2726/3955/2681 2727/1768/2682 1076/1770/1033
f 2736/1774/2691 713/3956/670 2729/3957/2684
f 2731/1775/2686 2736/1774/2691 2729/3957/2684
f 2731/1775/2686 2728/3953/2683 2733/1777/2688
f 1076/3952/1033 1078/3958/1035 2734/3959/2689
f 1078/3958/1035 2744/1780/2699 2734/3959/2689
f 1078/3960/1035 2732/1773/2687 2744/3961/2699
f 2738/1776/2693 2731/1775/2686 2739/3962/2694
f 2738/1776/2693 2739/3962/2694 1948/1799/1903
f 2740/1800/2695 1948/1799/1903 2739/3962/2694
f 2737/1779/2692 2740/1800/2695 2739/3962/2694
f 2737/1779/2692 836/3963/793 2740/1800/2695
f 2737/1779/2692 2741/1778/2696 836/3963/793
f 1784/1784/1739 2724/1783/2679 2723/1762/2678
f 607/3964/564 834/3965/791 2742/3966/2697
f 834/3965/791 835/3967/792 2741/1778/2696
f 2745/3968/2700 1851/1687/1806 714/3875/671
f 2745/3968/2700 714/3875/671 713/3956/670
f 1079/1791/1036 2753/3969/2708 1080/3970/1037
f 2748/1792/2703 834/3965/791 2750/3971/2705
f 2749/3972/2704 2751/3973/2706 2750/3971/2705
f 2753/3969/2708 2752/3974/2707 1080/3970/1037
f 2747/1789/2702 1080/3970/1037 2752/3974/2707
f 2766/1790/2721 2752/3974/2707 2756/1690/2711
f 1082/3975/1039 2756/1690/2711 2752/3974/2707
f 2757/1796/2712 1083/3976/1040 2754/3977/2709
f 1081/1797/1038 729/1910/686 2760/1801/2715
f 2755/1793/2710 1084/1806/1041 1082/3975/1039
f 1083/3976/1040 2758/1794/2713 2754/3977/2709
f 2759/1795/2714 2758/1794/2713 2765/3978/2720
f 2762/3979/2717 2765/3978/2720 2758/1794/2713
f 1085/1798/1042 2760/1801/2715 2764/1804/2719
f 2763/1803/2718 2764/1804/2719 2760/1801/2715
f 2761/1807/2716 838/3883/795 1082/3975/1039
f 2762/3979/2717 837/1821/794 2765/3978/2720
f 2745/3968/2700 1948/1799/1903 1851/1687/1806
f 1851/1687/1806 1948/1799/1903 1852/1788/1807
f 2747/1789/2702 1852/1788/1807 1948/1799/1903
f 2740/1800/2695 836/3963/793 1080/3970/1037
f 1079/1791/1036 1080/3970/1037 836/3963/793
f 834/3965/791 2748/1792/2703 835/3967/792
f 727/1893/684 2749/3972/2704 607/3964/564
f 2749/3972/2704 2750/3971/2705 607/3964/564
f 730/1802/687 2851/1900/2806 731/1909/688
f 732/1901/689 2768/1811/2723 731/1909/688
f 2762/3979/2717 2764/1804/2719 2781/1808/2736
f 837/1821/794 1949/1820/1904 2765/3978/2720
f 2759/1795/2714 2765/3978/2720 1949/1820/1904
f 716/1689/673 2766/1790/2721 2756/1690/2711
f 2766/1790/2721 716/1689/673 715/3882/672
f 2766/1790/2721 715/3882/672 1852/1788/1807
f 1087/1814/1044 2781/1808/2736 2771/3980/2726
f 2772/1809/2727 2771/3980/2726 2781/1808/2736
f 2768/1811/2723 1088/1810/1045 731/1909/688
f 2767/1805/2722 731/1909/688 1088/1810/1045
f 2782/1829/2737 2769/3981/2724 2770/1813/2725
f 2772/1809/2727 1089/1817/1046 2771/3980/2726
f 2774/1815/2729 2773/3982/2728 2770/1813/2725
f 2774/1815/2729 1090/3983/1047 2773/3982/2728
f 1087/1814/1044 1089/1817/1046 2775/3984/2730
f 2772/1809/2727 2767/1805/2722 2777/1816/2732
f 1088/1810/1045 2780/1819/2735 2777/1816/2732
f 2774/1815/2729 2775/3984/2730 2779/1824/2734
f 2776/1818/2731 2779/1824/2734 2775/3984/2730
f 2776/1818/2731 2777/1816/2732 839/1822/796
f 2761/1807/2716 2782/1829/2737 838/3883/795
f 1086/3985/1043 2769/3981/2724 1949/1820/1904
f 2761/1807/2716 1949/1820/1904 2769/3981/2724
f 1087/1814/1044 1086/3985/1043 1949/1820/1904
f 733/3986/690 2778/1812/2733 2768/1811/2723
f 2784/1834/2739 733/3986/690 2856/1916/2811
f 2784/1834/2739 2783/1831/2738 2780/1819/2735
f 2779/1824/2734 2776/1818/2731 840/1823/797
f 1853/1827/1808 1090/3983/1047 2779/1824/2734
f 1853/1827/1808 2779/1824/2734 719/1719/676
f 1090/3983/1047 1853/1827/1808 2773/3982/2728
f 2782/1829/2737 2653/1697/2608 838/3883/795
f 2784/1834/2739 2785/1832/2740 2783/1831/2738
f 2787/1825/2742 840/1823/797 2786/1833/2741
f 2787/1825/2742 1091/3987/1048 1856/1720/1811
f 2785/1832/2740 2784/1834/2739 1092/1836/1049
f 2787/1825/2742 2786/1833/2741 1093/3988/1050
f 2786/1833/2741 841/3989/798 1093/3988/1050
f 2786/1833/2741 1092/1836/1049 841/3989/798
f 1092/1836/1049 2860/1920/2815 841/3989/798
f 719/1719/676 2779/1824/2734 2787/1825/2742
f 840/1823/797 839/1822/796 2785/1832/2740
f 1092/1836/1049 1869/1835/1824 2860/1920/2815
f 2860/1920/2815 2792/1840/2747 2789/1842/2744
f 2788/1837/2743 2791/1839/2746 1093/3988/1050
f 1093/3988/1050 841/3989/798 2788/1837/2743
f 1091/3987/1048 1093/3988/1050 2791/1839/2746
f 1091/3987/1048 2791/1839/2746 1856/1720/1811
f 720/1728/677 2791/1839/2746 2788/1837/2743
f 2788/1837/2743 2789/1842/2744 1094/3990/1051
f 2788/1837/2743 1094/3990/1051 2790/1838/2745
f 1094/3990/1051 2789/1842/2744 2793/1841/2748
f 2790/1838/2745 1094/3990/1051 2793/1841/2748
f 720/1728/677 2790/1838/2745 2796/1737/2751
f 2796/1737/2751 2790/1838/2745 847/1930/804
f 2670/1723/2625 720/1728/677 2796/1737/2751
f 2796/1737/2751 847/1930/804 1095/1738/1052
f 1095/1738/1052 847/1930/804 2795/3991/2750
f 1095/1738/1052 2795/3991/2750 2798/1843/2753
f 2795/3991/2750 1096/1934/1053 2800/1847/2755
f 2798/1843/2753 2795/3991/2750 2800/1847/2755
f 2795/3991/2750 846/1929/803 1096/1934/1053
f 2866/1932/2821 608/3992/565 1096/1934/1053
f 2798/1843/2753 2800/1847/2755 2797/1844/2752
f 1096/1934/1053 608/3992/565 2799/1849/2754
f 2799/1849/2754 2801/1851/2756 1096/1934/1053
f 2799/1849/2754 608/3992/565 1870/1854/1825
f 2799/1849/2754 1870/1854/1825 1098/1850/1055
f 2797/1844/2752 2802/1848/2757 1097/1845/1054
f 2800/1847/2755 2803/1853/2758 2802/1848/2757
f 2804/1855/2759 1870/1854/1825 2872/1939/2827
f 2801/1851/2756 842/1860/799 2803/1853/2758
f 1098/1850/1055 842/1860/799 2801/1851/2756
f 2804/1855/2759 2872/1939/2827 2805/3993/2760
f 2806/1859/2761 2803/1853/2758 842/1860/799
f 2804/1855/2759 842/1860/799 1098/1850/1055
f 606/1846/563 2798/1843/2753 2797/1844/2752
f 2805/3993/2760 2872/1939/2827 2874/3994/2829
f 2806/1859/2761 2809/1861/2764 843/3995/800
f 1859/3916/1814 1858/3915/1813 2807/3996/2762
f 2807/3997/2762 2808/3998/2763 2802/3999/2757
f 2808/1852/2763 722/4000/679 1857/3906/1812
f 2808/1852/2763 1857/3906/1812 1097/1845/1054
f 606/1846/563 1857/3906/1812 2690/1862/2645
f 843/3995/800 2813/4001/2768 1099/4002/1056
f 1100/4003/1057 2809/4004/2764 2810/4005/2765
f 2814/4006/2769 2810/4007/2765 2811/1865/2766
f 2812/1879/2767 2811/4008/2766 2829/1875/2784
f 2812/1879/2767 2829/1875/2784 2830/1877/2785
f 2811/1865/2766 2815/1867/2770 2814/4006/2769
f 2811/1865/2766 2816/1864/2771 2815/1867/2770
f 2816/1864/2771 2878/1947/2833 1101/1866/1058
f 2822/4009/2777 2814/4006/2769 2815/1867/2770
f 2823/4010/2778 2815/4011/2770 1101/4012/1058
f 1102/4013/1059 2818/4014/2773 2819/4015/2774
f 1102/4013/1059 2819/4015/2774 2820/1870/2775
f 2820/1870/2775 1103/1869/1060 1102/4013/1059
f 2822/1871/2777 1104/4016/1061 1103/1869/1060
f 1104/4017/1061 2822/4018/2777 2824/4019/2779
f 2824/4020/2779 2823/4021/2778 1101/4022/1058
f 2824/4023/2779 1101/1866/1058 735/4024/692
f 1105/1884/1062 1102/4025/1059 1103/4026/1060
f 2833/1885/2788 1102/4025/1059 1105/1884/1062
f 2826/1872/2781 2832/4027/2787 1106/1873/1063
f 2806/1859/2761 843/3995/800 1861/3947/1816
f 842/1860/799 2829/1875/2784 2809/1861/2764
f 2827/4028/2782 2825/4029/2780 2831/4030/2786
f 737/4031/694 2827/4032/2782 736/4033/693
f 1951/1883/1906 2833/1885/2788 1105/1884/1062
f 2828/1882/2783 2042/1881/1997 1951/1883/1906
f 1862/1759/1817 2818/3948/2773 1102/4025/1059
f 1099/4002/1056 2818/3948/2773 724/1756/681
f 724/1756/681 1861/3947/1816 1099/4002/1056
f 724/1756/681 723/3946/680 1861/3947/1816
f 1107/4034/1064 2835/4035/2790 2834/4036/2789
f 2835/4037/2790 1108/4038/1065 2834/1895/2789
f 2834/1895/2789 1108/4038/1065 2838/1890/2793
f 1108/4038/1065 2841/4039/2796 2838/1890/2793
f 2844/4040/2799 609/4041/566 844/4042/801
f 2845/4043/2800 844/4042/801 2842/4044/2797
f 2850/1903/2805 2846/1891/2801 844/4042/801
f 2838/1890/2793 2742/3966/2697 1868/1781/1823
f 2848/1898/2803 2904/1899/2859 2853/1906/2808
f 732/1901/689 2847/1896/2802 2848/1898/2803
f 727/1893/684 1952/1892/1907 728/4045/685
f 728/4045/685 1952/1892/1907 2852/1902/2807
f 1952/1892/1907 2846/1891/2801 2849/1897/2804
f 1952/1892/1907 2849/1897/2804 2847/1896/2802
f 2850/1903/2805 844/4042/801 609/4041/566
f 2901/1905/2856 2904/1899/2859 2849/1897/2804
f 2857/1908/2812 2848/1898/2803 2854/1907/2809
f 2852/1902/2807 729/1910/686 728/4045/685
f 2857/1908/2812 2768/1811/2723 732/1901/689
f 2854/1907/2809 2853/1906/2808 2855/1911/2810
f 2856/1916/2811 2854/1907/2809 1110/1912/1067
f 2855/1911/2810 845/1913/802 1111/1915/1068
f 845/1913/802 2913/1914/2868 2861/1922/2816
f 1111/1915/1068 845/1913/802 2861/1922/2816
f 2858/1919/2813 1111/1915/1068 1953/1918/1908
f 1111/1915/1068 2861/1922/2816 1112/1917/1069
f 2861/1922/2816 2859/1974/2814 2862/1924/2817
f 2859/1974/2814 2912/1964/2867 1875/4046/1830
f 2859/1974/2814 1875/4046/1830 2865/4047/2820
f 2862/1924/2817 2859/1974/2814 2865/4047/2820
f 1869/1835/1824 1110/1912/1067 2858/1919/2813
f 2862/1924/2817 2865/4047/2820 2864/1925/2819
f 1953/1918/1908 1955/1923/1910 734/1921/691
f 2863/1926/2818 1954/1931/1909 2861/1922/2816
f 1955/1923/1910 2861/1922/2816 1954/1931/1909
f 2863/1926/2818 2864/1925/2819 1113/1928/1070
f 2865/4047/2820 2921/1973/2876 2920/1927/2875
f 2864/1925/2819 2865/4047/2820 2920/1927/2875
f 1113/1928/1070 2920/1927/2875 2867/4048/2822
f 846/1929/803 1955/1923/1910 2866/1932/2821
f 1954/1931/1909 1113/1928/1070 1114/1933/1071
f 2867/4048/2822 2869/1936/2824 1114/1933/1071
f 1114/1933/1071 2868/1937/2823 2870/1935/2825
f 741/1986/698 2869/1936/2824 2867/4048/2822
f 1954/1931/1909 2863/1926/2818 1113/1928/1070
f 2867/4048/2822 2920/1927/2875 741/1986/698
f 2868/1937/2823 2873/1940/2828 2870/1935/2825
f 2866/1932/2821 2870/1935/2825 848/4049/805
f 847/1930/804 846/1929/803 2795/3991/2750
f 848/4049/805 2870/1935/2825 2872/1939/2827
f 1870/1854/1825 848/4049/805 2872/1939/2827
f 2872/1939/2827 2870/1935/2825 2873/1940/2828
f 2871/1938/2826 1956/1942/1911 2872/1939/2827
f 2872/1939/2827 1956/1942/1911 2874/3994/2829
f 608/3992/565 2866/1932/2821 848/4049/805
f 608/3992/565 848/4049/805 1870/1854/1825
f 2871/1938/2826 2873/1940/2828 2868/1937/2823
f 2922/1978/2877 2871/1938/2826 741/1986/698
f 2894/4050/2849 1115/4051/1072 1871/1878/1826
f 2874/3994/2829 2876/1948/2831 2894/4050/2849
f 1115/4051/1072 2894/4050/2849 2876/1948/2831
f 2893/4052/2848 2816/4053/2771 2875/4054/2830
f 2879/4055/2834 2875/4054/2830 2877/1950/2832
f 1116/4056/1073 2879/4055/2834 2877/1950/2832
f 2892/1946/2847 2882/1953/2837 2891/4057/2846
f 2880/4058/2835 2882/1953/2837 1116/4059/1073
f 2882/1953/2837 2886/4060/2841 2891/4057/2846
f 2883/1951/2838 2882/1953/2837 2880/4058/2835
f 2883/1951/2838 2880/4058/2835 743/4061/700
f 2884/4062/2839 2890/4063/2845 2891/4057/2846
f 2884/4062/2839 2891/4057/2846 2886/4060/2841
f 2876/1948/2831 2933/1955/2888 2888/1949/2843
f 2881/4064/2836 2877/1950/2832 2888/1949/2843
f 744/1952/701 2883/1951/2838 2937/4065/2892
f 744/1952/701 610/1957/567 2887/3163/2842
f 1957/4066/1912 2886/4060/2841 2887/3163/2842
f 849/4067/806 2889/4068/2844 1959/3161/1914
f 1872/3105/1827 737/4031/694 2889/4068/2844
f 2889/4068/2844 736/4033/693 2884/4069/2839
f 2890/4063/2845 735/4024/692 2891/4057/2846
f 2892/1946/2847 2891/4057/2846 735/4024/692
f 2816/4053/2771 2812/1879/2767 1871/1878/1826
f 1118/4070/1075 1117/4071/1074 2897/4072/2852
f 1118/4070/1075 2902/4073/2857 2901/1905/2856
f 2903/4074/2858 1119/4075/1076 1120/4076/1077
f 2901/1905/2856 2902/4073/2857 2904/1899/2859
f 2906/4077/2861 609/4041/566 850/4078/807
f 2907/4079/2862 2895/4080/2850 1117/4081/1074
f 2899/4082/2854 750/2021/707 2900/2020/2855
f 2905/2010/2860 2903/4074/2858 751/4083/708
f 2900/4084/2855 751/4083/708 2903/4074/2858
f 2905/2010/2860 753/2009/710 1879/1958/1834
f 2902/4073/2857 2905/2010/2860 1879/1958/1834
f 740/1904/697 1118/4070/1075 2901/1905/2856
f 2914/1977/2869 2910/1963/2865 2908/1962/2863
f 2853/1906/2808 2904/1899/2859 2913/1914/2868
f 2914/1977/2869 2909/1961/2864 2911/1966/2866
f 2910/1963/2865 2917/1972/2872 2912/1964/2867
f 2911/1966/2866 2955/1965/2910 754/1967/711
f 2914/1977/2869 2911/1966/2866 851/1968/808
f 851/1968/808 754/1967/711 2916/1970/2871
f 2908/1962/2863 2909/1961/2864 2914/1977/2869
f 2958/2023/2913 754/1967/711 2955/1965/2910
f 1875/4046/1830 2912/1964/2867 2921/1973/2876
f 2959/1971/2914 1960/1975/1915 2915/1969/2870
f 2916/1970/2871 2915/1969/2870 1960/1975/1915
f 2917/1972/2872 2910/1963/2865 2914/1977/2869
f 852/1979/809 2918/1976/2873 2919/1984/2874
f 1960/1975/1915 1880/2025/1835 2924/1980/2879
f 1960/1975/1915 2959/1971/2914 1880/2025/1835
f 2920/1927/2875 2917/1972/2872 2922/1978/2877
f 2919/1984/2874 2918/1976/2873 2923/1981/2878
f 852/1979/809 2919/1984/2874 1121/1982/1078
f 2922/1978/2877 852/1979/809 1961/1941/1916
f 1961/1941/1916 852/1979/809 2925/1983/2880
f 2923/1981/2878 2924/1980/2879 1880/2025/1835
f 2918/1976/2873 1960/1975/1915 2924/1980/2879
f 2926/1985/2881 2923/1981/2878 1880/2025/1835
f 2925/1983/2880 4512/1987/4457 1961/1941/1916
f 2925/1983/2880 1121/1982/1078 4512/1987/4457
f 2926/1985/2881 1880/2025/1835 2927/2036/2882
f 1961/1941/1916 4512/1987/4457 2930/4085/2885
f 2928/1989/2883 2930/4085/2885 4512/1987/4457
f 2929/1988/2884 2926/1985/2881 2927/2036/2882
f 2929/1988/2884 2927/2036/2882 4513/1992/4458
f 2928/1989/2883 2929/1988/2884 4513/1992/4458
f 1876/1943/1831 1961/1941/1916 2931/1993/2886
f 1961/1941/1916 2930/4085/2885 2931/1993/2886
f 2931/1993/2886 2928/1989/2883 4513/1992/4458
f 2927/2036/2882 755/1990/712 4513/1992/4458
f 1876/1943/1831 2931/1993/2886 855/1944/812
f 2929/1988/2884 4512/1987/4457 1121/1982/1078
f 755/1990/712 1964/1995/1919 853/1991/810
f 1961/1941/1916 2871/1938/2826 2922/1978/2877
f 855/1944/812 854/1994/811 2933/1955/2888
f 853/1991/810 2932/1996/2887 2936/1998/2891
f 2933/1955/2888 2934/1997/2889 2942/2000/2897
f 2934/1997/2889 2936/1998/2891 1122/1999/1079
f 1123/4086/1080 2937/4087/2892 2935/4088/2890
f 2941/2045/2896 2939/2002/2894 1122/1999/1079
f 1962/2003/1917 2939/2002/2894 2941/2045/2896
f 855/1944/812 2931/1993/2886 854/1994/811
f 2936/1998/2891 2932/1996/2887 756/2049/713
f 2932/1996/2887 2963/2046/2918 756/2049/713
f 2936/1998/2891 756/2049/713 757/2001/714
f 2099/4089/2054 1962/2003/1917 2941/2045/2896
f 1963/3204/1918 856/3186/813 1123/4090/1080
f 2103/3184/2058 857/1956/814 2940/4091/2895
f 857/1956/814 744/1952/701 2940/4091/2895
f 2937/4087/2892 743/4092/700 2935/4088/2890
f 743/4092/700 2881/4064/2836 2935/4088/2890
f 2933/1955/2888 2942/2000/2897 2888/1949/2843
f 742/1954/699 855/1944/812 2933/1955/2888
f 1124/2007/1081 2945/2006/2900 2953/4093/2908
f 2953/4094/2908 2945/4095/2900 2946/4096/2901
f 2946/4096/2901 1126/4097/1083 2953/4094/2908
f 1128/2013/1085 752/2008/709 2947/4098/2902
f 2947/4098/2902 1126/4099/1083 2948/4100/2903
f 1127/4101/1084 2948/4102/2903 1126/4103/1083
f 2948/4100/2903 1129/4104/1086 2947/4098/2902
f 1129/4105/1086 2948/4106/2903 2949/4107/2904
f 2949/4107/2904 2951/4108/2906 1129/4105/1086
f 1128/2013/1085 2947/4098/2902 1129/4104/1086
f 2950/2012/2905 1879/1958/1834 753/2009/710
f 2950/2012/2905 753/2009/710 1128/2013/1085
f 1879/1958/1834 2950/2012/2905 1130/1959/1087
f 762/2017/719 1130/1959/1087 2950/2012/2905
f 2952/2011/2907 762/2017/719 2950/2012/2905
f 2953/4093/2908 2900/2020/2855 2943/4109/2898
f 2954/2019/2909 2943/4109/2898 2900/2020/2855
f 2900/2020/2855 2953/4093/2908 751/4110/708
f 2904/1899/2859 1130/1959/1087 2956/1960/2911
f 2957/2022/2912 2956/1960/2911 1130/1959/1087
f 2955/1965/2910 2957/2022/2912 2958/2023/2913
f 2957/2022/2912 1130/1959/1087 864/2024/821
f 2959/1971/2914 864/2024/821 2987/2026/2940
f 2960/2027/2915 2987/2026/2940 1131/2028/1088
f 1131/2028/1088 2987/2026/2940 1132/2030/1089
f 755/1990/712 2959/1971/2914 2960/2027/2915
f 2960/2027/2915 858/2029/815 755/1990/712
f 858/2029/815 1131/2028/1088 1133/2031/1090
f 1133/2031/1090 1132/2030/1089 2961/2033/2916
f 2962/2034/2917 2961/2033/2916 1132/2030/1089
f 1133/2031/1090 2961/2033/2916 1134/2032/1091
f 1132/2030/1089 2987/2026/2940 1969/2060/1924
f 1132/2030/1089 1969/2060/1924 2962/2034/2917
f 1135/2038/1092 859/2035/816 2962/2034/2917
f 1134/2032/1091 2932/1996/2887 1964/1995/1919
f 755/1990/712 1133/2031/1090 1964/1995/1919
f 755/1990/712 858/2029/815 1133/2031/1090
f 2932/1996/2887 2961/2033/2916 2963/2046/2918
f 859/2035/816 1135/2038/1092 2965/2039/2920
f 756/2049/713 2963/2046/2918 1137/2043/1094
f 1137/2043/1094 859/2035/816 1136/2040/1093
f 1136/2040/1093 2965/2039/2920 2966/2048/2921
f 862/3248/819 2967/2044/2922 1136/2040/1093
f 1136/2040/1093 2966/2048/2921 862/3248/819
f 1137/2043/1094 1136/2040/1093 2967/2044/2922
f 2968/2042/2923 2964/2041/2919 3003/2037/2956
f 2968/2042/2923 3048/4111/3001 1882/2047/1837
f 1883/4112/1838 2969/4113/2924 1882/2047/1837
f 2966/2048/2921 1882/2047/1837 2969/4113/2924
f 1883/4114/1838 2970/4115/2925 2969/4116/2924
f 2970/4117/2925 860/3249/817 2969/4113/2924
f 860/3249/817 861/3246/818 2969/4113/2924
f 2124/1192/2079 1881/1193/1836 2941/2045/2896
f 1129/4118/1086 2972/4119/2926 2973/4120/2927
f 2973/4120/2927 1139/4121/1095 1129/4118/1086
f 1139/4122/1095 2975/4123/2929 2974/4124/2928
f 2976/4125/2930 1140/4126/1096 2974/4124/2928
f 2979/4127/2932 1140/4126/1096 1141/4128/1097
f 762/2017/719 2980/2051/2933 2981/2018/2934
f 761/2014/718 2972/4129/2926 1129/2015/1086
f 863/2050/820 2982/2053/2935 2980/2051/2933
f 2981/2018/2934 2980/2051/2933 2983/2054/2936
f 2980/2051/2933 2982/2053/2935 2983/2054/2936
f 2984/2052/2937 863/2050/820 1966/4130/1921
f 2984/2052/2937 1966/4130/1921 1965/4131/1920
f 1786/4132/1741 2984/2052/2937 1965/4131/1920
f 2983/2054/2936 2982/2053/2935 1787/2055/1742
f 1130/1959/1087 2983/2054/2936 864/2024/821
f 864/2024/821 2983/2054/2936 1967/2056/1922
f 866/2057/823 2987/2026/2940 864/2024/821
f 866/2057/823 864/2024/821 1142/4133/1098
f 649/2061/606 865/2063/822 1142/4133/1098
f 866/2057/823 1142/4133/1098 1143/2058/1099
f 2985/4134/2938 2986/4135/2939 1143/2058/1099
f 866/2057/823 1144/2059/1100 1969/2060/1924
f 1144/2059/1100 1143/2058/1099 1145/4136/1101
f 2986/4135/2939 1145/4136/1101 1143/2058/1099
f 1788/2062/1743 2985/4134/2938 865/2063/822
f 1789/3000/1744 2988/4137/2941 2985/4138/2938
f 1790/3002/1745 2990/4139/2943 2988/4137/2941
f 2994/4140/2947 2991/4141/2944 3010/4142/2963
f 2992/2070/2945 2995/4143/2948 2990/4139/2943
f 2995/4143/2948 1147/4144/1103 1146/4145/1102
f 1147/4144/1103 2997/4146/2950 2994/4147/2947
f 2996/4148/2949 2998/4149/2951 1148/4150/1104
f 2998/4149/2951 3000/4151/2953 1148/4150/1104
f 1147/4144/1103 2999/4152/2952 2997/4146/2950
f 2999/4152/2952 1149/4153/1105 2996/4154/2949
f 3002/2066/2955 1150/2067/1106 1147/4155/1103
f 3000/4151/2953 3004/4156/2957 2993/4157/2946
f 2998/4149/2951 1152/4158/1108 3000/4151/2953
f 1150/2067/1106 3001/4159/2954 2999/4160/2952
f 3001/4161/2954 1153/4162/1109 1149/4153/1105
f 1152/4158/1108 3007/4163/2960 3000/4151/2953
f 1153/4162/1109 3005/4164/2958 2998/4165/2951
f 1150/2067/1106 1154/4166/1110 1153/4167/1109
f 870/2078/827 3004/4156/2957 3006/4168/2959
f 3007/4163/2960 3006/4168/2959 3004/4156/2957
f 1154/4169/1110 3008/4170/2961 3005/4164/2958
f 3008/4170/2961 3013/4171/2966 1152/4172/1108
f 2990/4139/2943 1146/4145/1102 1968/4173/1923
f 2992/2070/2945 3011/4174/2964 3012/2071/2965
f 1155/2068/1111 3002/2066/2955 3022/2077/2975
f 1970/4175/1925 868/4176/825 3013/4177/2966
f 869/4178/826 1972/4179/1927 3006/4168/2959
f 3014/4180/2967 3048/4111/3001 870/2078/827
f 2962/2034/2917 1969/2060/1924 3003/2037/2956
f 1158/4181/1114 1157/4182/1113 3014/4180/2967
f 3019/2084/2972 3026/2083/2979 3016/4183/2969
f 3021/2081/2974 3018/2080/2971 3028/4184/2981
f 3024/4185/2977 1160/4186/1116 1157/4182/1113
f 3026/2083/2979 1162/2086/1118 1159/4187/1115
f 3019/2084/2972 3021/2081/2974 3027/4188/2980
f 1162/2086/1118 3034/4189/2987 3025/4190/2978
f 1170/2091/1126 3035/4191/2988 1163/4192/1119
f 1167/4193/1123 1170/2091/1126 1163/4192/1119
f 1167/4193/1123 1171/2092/1127 1170/2091/1126
f 3035/4191/2988 3036/4194/2989 3032/4195/2985
f 3039/2093/2992 3036/4194/2989 1170/2091/1126
f 1171/2090/1127 3031/2089/2984 3037/4196/2990
f 1169/2087/1125 1977/4197/1932 3040/4198/2993
f 3042/2096/2995 3036/4194/2989 3039/2093/2992
f 3037/4199/2990 872/2094/829 1171/2092/1127
f 871/4200/828 1974/1088/1929 3037/4196/2990
f 3037/4199/2990 1974/4201/1929 872/2094/829
f 868/4202/825 3016/4203/2969 1971/4204/1926
f 3009/2069/2962 1155/2068/1111 3018/2080/2971
f 1791/4205/1746 1164/4206/1120 867/4207/824
f 1791/4205/1746 651/4208/608 3044/4209/2997
f 3045/4210/2998 3037/4196/2990 3033/4211/2986
f 3045/4210/2998 871/4200/828 3037/4196/2990
f 3046/2097/2999 3042/2096/2995 1975/2095/1930
f 3046/2097/2999 1976/4212/1931 3041/2098/2994
f 1976/4212/1931 1977/4197/1932 3041/2098/2994
f 3040/4198/2993 1978/4213/1933 1168/4214/1124
f 1977/4197/1932 1978/4213/1933 3040/4198/2993
f 3047/4215/3000 1883/4112/1838 1882/2047/1837
f 2968/2042/2923 870/2078/827 3048/4111/3001
f 3254/4216/3206 3252/4217/3204 3256/4218/3208
f 3276/4219/3228 3256/4218/3208 3252/4217/3204
f 3254/4216/3206 3253/4220/3205 3252/4217/3204
f 3254/4216/3206 1461/2099/1417 1460/2101/1416
f 3256/4218/3208 3257/4221/3209 3254/4216/3206
f 3255/4222/3207 1462/2105/1418 3256/4218/3208
f 3256/4218/3208 3259/2107/3211 3257/4221/3209
f 3254/4216/3206 3257/4221/3209 1461/2099/1417
f 3261/4223/3213 3255/4222/3207 3280/4224/3232
f 3262/2106/3214 1462/2105/1418 3261/4223/3213
f 1462/2105/1418 3259/2107/3211 3256/4218/3208
f 3259/2107/3211 3262/2106/3214 3263/4225/3215
f 3263/4225/3215 3257/4221/3209 3259/2107/3211
f 3264/2103/3216 3278/4226/3230 3277/4227/3229
f 3269/4228/3221 3265/2108/3217 3279/4229/3231
f 3269/4228/3221 3270/2109/3222 3265/2108/3217
f 3265/2108/3217 3266/2110/3218 3262/2106/3214
f 3266/2110/3218 3263/4225/3215 3262/2106/3214
f 3271/2112/3223 3263/4225/3215 3266/2110/3218
f 1461/2099/1417 3263/4225/3215 3260/2100/3212
f 3269/4228/3221 3272/2119/3224 3270/2109/3222
f 3273/2113/3225 3258/4230/3210 3260/2100/3212
f 3263/4225/3215 3271/2112/3223 3260/2100/3212
f 3269/4228/3221 3077/4231/3029 3272/2119/3224
f 3271/2112/3223 3272/2119/3224 3273/2113/3225
f 3274/4232/3226 3267/4233/3219 3268/2111/3220
f 3276/4219/3228 4424/4234/4371 1459/4235/1415
f 3276/4219/3228 3250/4236/3202 4424/4234/4371
f 3249/2948/3201 3250/4236/3202 3252/4217/3204
f 1208/2117/1164 3277/2116/3229 3050/4237/3003
f 3050/4238/3003 3277/4227/3229 3278/4226/3230
f 3278/4226/3230 3267/4233/3219 3051/4239/3004
f 1182/4240/1138 3051/4239/3004 3267/4233/3219
f 3274/4232/3226 4493/4241/4438 4448/4242/4395
f 3076/2120/3028 3272/2119/3224 3077/4231/3029
f 3161/4243/3113 3162/4244/3114 3077/4231/3029
f 3161/4243/3113 3077/4231/3029 3269/4228/3221
f 3160/4245/3112 3279/4229/3231 1315/4246/1271
f 3280/4224/3232 3275/4247/3227 1314/4248/1270
f 3281/2123/3233 3283/2131/3235 3282/2124/3234
f 1343/2126/1299 1465/2129/1421 1216/2127/1172
f 1344/2121/1300 1463/2140/1419 3285/2122/3237
f 3282/2124/3234 3283/2131/3235 1465/2129/1421
f 3281/2123/3233 1464/2130/1420 3283/2131/3235
f 3284/2136/3236 1216/2127/1172 1465/2129/1421
f 1465/2129/1421 3287/2132/3239 3284/2136/3236
f 1463/2140/1419 3286/2133/3238 3285/2122/3237
f 3285/2122/3237 3286/2133/3238 3287/2132/3239
f 1216/2127/1172 3284/2136/3236 4514/4249/4459
f 1183/2134/1139 4449/3044/4396 3287/2132/3239
f 4451/2139/4398 4450/2138/4397 3286/2133/3238
f 4453/2142/4400 1463/2140/1419 3288/2144/3240
f 3168/2145/3120 3288/2144/3240 1344/2121/1300
f 1466/2458/1422 3291/4250/3243 3292/4251/3244
f 3289/2146/3241 4514/4249/4459 3293/4252/3245
f 3293/4252/3245 1466/2458/1422 3292/4251/3244
f 3293/4252/3245 3294/4253/3246 1466/2458/1422
f 4514/4249/4459 3294/4253/3246 3293/4252/3245
f 1466/2458/1422 1467/2148/1423 1468/2459/1424
f 1466/2458/1422 3294/4253/3246 1467/2148/1423
f 3294/4253/3246 3295/2137/3247 1215/2151/1171
f 3290/2455/3242 3292/4251/3244 3291/4250/3243
f 3182/2135/3134 1216/2127/1172 3289/2146/3241
f 1373/2454/1329 3291/4250/3243 1466/2458/1422
f 1468/2459/1424 1467/2148/1423 3297/2150/3249
f 3287/2132/3239 4449/3044/4396 1215/2151/1171
f 4514/4249/4459 3284/2136/3236 3294/4253/3246
f 3294/4253/3246 3284/2136/3236 3295/2137/3247
f 1216/2127/1172 4514/4249/4459 3289/2146/3241
f 1468/2459/1424 3297/2150/3249 3296/2153/3248
f 3296/2153/3248 3298/2149/3250 1245/2155/1201
f 3197/2570/3149 1468/2459/1424 3296/2153/3248
f 3197/2570/3149 3296/2153/3248 1264/2677/1220
f 1214/2162/1170 3303/2154/3255 3298/2149/3250
f 1264/2677/1220 3296/2153/3248 1245/2155/1201
f 3085/2152/3037 1214/2162/1170 3298/2149/3250
f 3299/2160/3251 3301/2156/3253 4073/4254/4025
f 3206/2161/3158 3299/2160/3251 4073/4254/4025
f 4073/4254/4025 3301/2156/3253 1429/2158/1385
f 3299/2160/3251 3300/4255/3252 3301/2156/3253
f 3302/2159/3254 3301/2156/3253 3300/4255/3252
f 3301/2156/3253 3302/2159/3254 3128/2157/3080
f 3300/4255/3252 3303/2154/3255 3302/2159/3254
f 3300/4255/3252 3299/2160/3251 1245/2155/1201
f 3128/2157/3080 3303/2154/3255 3314/2175/3266
f 4073/4254/4025 1429/2158/1385 4069/2675/4021
f 3314/2175/3266 3303/2154/3255 3316/2163/3268
f 1245/2155/1201 3303/2154/3255 3300/4255/3252
f 3305/4256/3257 3318/2167/3270 3304/2171/3256
f 1425/4257/1381 3219/4258/3171 3305/4259/3257
f 3319/4260/3271 1425/4257/1381 3306/4261/3258
f 3310/2170/3262 3311/4262/3263 3304/2171/3256
f 3307/4263/3259 3309/4264/3261 4515/4265/4460
f 3311/4262/3263 3309/4264/3261 3307/4263/3259
f 3312/2165/3264 3314/2175/3266 3315/2169/3267
f 3310/2170/3262 3313/2173/3265 3311/4262/3263
f 3315/2169/3267 3314/2175/3266 3316/2163/3268
f 3310/2170/3262 3316/2163/3268 3317/2172/3269
f 3312/2165/3264 1428/2174/1384 1429/2158/1385
f 1427/2168/1383 1428/2174/1384 1469/2164/1425
f 1469/2164/1425 1470/2166/1426 1427/2168/1383
f 1426/4266/1382 4187/4267/4139 3318/2167/3270
f 3219/4258/3171 1426/4268/1382 3318/4269/3270
f 3319/4260/3271 3218/4270/3170 1425/4257/1381
f 3139/4271/3091 1424/4272/1380 3319/4260/3271
f 3140/4273/3092 4516/4274/4461 1280/4275/1236
f 1280/4275/1236 3306/4261/3258 3308/4276/3260
f 3320/4277/3272 4517/4278/4462 3309/4279/3261
f 3317/2172/3269 1282/4280/1238 3313/2173/3265
f 3316/2163/3268 1214/2162/1170 4504/4281/4449
f 1471/4282/1427 3322/4283/3274 3325/4284/3277
f 3323/4285/3275 3349/4286/3301 3327/4287/3279
f 3329/4288/3281 3140/4289/3092 1473/4290/1429
f 3327/4291/3279 3325/4284/3277 3331/2177/3283
f 3328/4292/3280 3327/4291/3279 3331/2177/3283
f 3332/4293/3284 3329/4288/3281 3337/4294/3289
f 3334/2179/3286 3332/4293/3284 1474/4295/1430
f 3335/4296/3287 3333/4297/3285 1475/4298/1431
f 1474/4299/1430 3337/4300/3289 3339/4301/3291
f 1474/4302/1430 3339/4301/3291 3341/4303/3293
f 3340/4304/3292 1475/4298/1431 1478/4305/1434
f 3342/2191/3294 3341/4303/3293 3142/4306/3094
f 1476/4307/1432 3341/4303/3293 3343/4308/3295
f 1477/4309/1433 1476/4307/1432 3343/4308/3295
f 1477/4310/1433 3343/4308/3295 1480/4311/1436
f 3344/4312/3296 1477/4313/1433 1481/4314/1437
f 3356/2189/3308 3142/4306/3094 1479/4315/1435
f 3342/2191/3294 3142/4306/3094 3356/2189/3308
f 1480/4311/1436 3345/4316/3297 3354/4317/3306
f 1482/4318/1438 1481/4314/1437 3346/4319/3298
f 1441/4320/1397 1442/4321/1398 3322/4283/3274
f 3349/4286/3301 3348/4322/3300 1471/4323/1427
f 4242/2834/4193 1722/4324/1677 3350/4325/3302
f 1296/4326/1252 3152/2835/3104 4242/2834/4193
f 1296/4326/1252 3324/4327/3276 3326/4328/3278
f 3351/2207/3303 3328/4329/3280 3331/4330/3283
f 1297/4331/1253 3351/4332/3303 3335/4296/3287
f 1297/4331/1253 3335/4296/3287 3340/4304/3292
f 1298/4333/1254 3344/4312/3296 1482/4318/1438
f 1297/4331/1253 3340/4304/3292 1298/4334/1254
f 3153/4335/3105 1482/4318/1438 3352/4336/3304
f 3153/4335/3105 3352/4336/3304 3081/4337/3033
f 1213/4338/1169 3347/4339/3299 1799/4340/1754
f 3357/4341/3309 4503/4342/4448 1479/4315/1435
f 3356/2189/3308 1479/4315/1435 4503/4342/4448
f 3140/4343/3092 1280/4275/1236 3141/4344/3093
f 3358/4345/3310 4516/4346/4461 3140/4289/3092
f 1484/2195/1440 3361/2225/3313 1483/2196/1439
f 1306/2204/1262 1483/2206/1439 3361/4347/3313
f 1484/2195/1440 3376/4348/3328 3362/2199/3314
f 3362/2199/3314 3363/4349/3315 1484/2195/1440
f 3361/2225/3313 1484/2195/1440 3363/4349/3315
f 3364/2198/3316 3365/4350/3317 3362/2199/3314
f 3362/2199/3314 3365/4350/3317 3363/4349/3315
f 3364/2198/3316 3366/2197/3318 3368/4351/3320
f 3365/4350/3317 3364/2198/3316 1485/2202/1441
f 4501/4352/4446 3368/4353/3320 3366/4354/3318
f 1485/2202/1441 3364/2198/3316 3370/4355/3322
f 1296/4326/1252 3232/2194/3184 3152/2835/3104
f 1453/4356/1409 3231/2203/3183 1483/2196/1439
f 1483/2196/1439 3414/4357/3366 1453/4356/1409
f 3363/4349/3315 3386/2223/3338 3361/2225/3313
f 3367/4358/3319 3386/2223/3338 3365/4350/3317
f 3372/4359/3324 3373/4360/3325 4499/4361/4444
f 3373/4362/3325 3370/4363/3322 3080/3034/3032
f 3368/4353/3320 4501/4352/4446 4500/4364/4445
f 3368/4353/3320 4500/4364/4445 1797/4365/1752
f 3374/4366/3326 1298/4334/1254 3153/4367/3105
f 3153/4368/3105 4501/4369/4446 3374/4370/3326
f 3374/4366/3326 1297/4331/1253 1298/4334/1254
f 3375/4371/3327 1297/4331/1253 3374/4366/3326
f 3351/4332/3303 3376/4348/3328 3360/2192/3312
f 3360/2192/3312 3232/2194/3184 1296/4326/1252
f 1306/2204/1262 3383/4372/3335 1452/2210/1408
f 1452/2210/1408 3383/4372/3335 3380/2217/3332
f 3378/4373/3330 3377/4374/3329 3380/2217/3332
f 3381/4375/3333 3379/4376/3331 3378/4373/3330
f 3379/4376/3331 1451/2922/1407 3377/4374/3329
f 3413/2224/3365 3383/4377/3335 1306/4378/1262
f 3383/4377/3335 3387/4379/3339 3380/4380/3332
f 1486/4381/1442 3381/4382/3333 3380/4383/3332
f 3381/4382/3333 3378/4384/3330 3380/4383/3332
f 3384/4385/3336 3382/4386/3334 3381/4382/3333
f 3386/2223/3338 1487/2211/1443 3387/4379/3339
f 3388/4387/3340 1486/4388/1442 3380/4380/3332
f 3389/4389/3341 3385/4390/3337 3384/4391/3336
f 3391/2213/3343 3390/4392/3342 3388/4387/3340
f 1488/4393/1444 3389/4394/3341 3390/4392/3342
f 1307/2201/1263 3392/2212/3344 3367/4358/3319
f 3367/4358/3319 3392/2212/3344 1487/2211/1443
f 1307/2201/1263 1489/4395/1445 3392/2212/3344
f 3394/4396/3346 1488/4393/1444 3391/2213/3343
f 3410/4397/3362 3400/4398/3352 3399/4399/3351
f 3395/4400/3347 1489/4401/1445 3400/4398/3352
f 3399/4399/3351 3400/4398/3352 1489/4401/1445
f 3404/4402/3356 3397/4403/3349 3401/4404/3353
f 3236/2219/3188 3380/2217/3332 3377/4374/3329
f 1450/4405/1406 3235/4406/3187 1451/4407/1407
f 1314/4408/1270 3251/4409/3203 3405/4410/3357
f 1314/4411/1270 3405/4412/3357 3382/4413/3334
f 3408/4414/3360 3407/4415/3359 1488/4416/1444
f 3409/4417/3361 3408/4418/3360 1490/4419/1446
f 4497/4420/4442 3404/4421/3356 1209/4422/1165
f 3079/4423/3031 1210/4424/1166 3402/4425/3354
f 3411/4426/3363 3399/4427/3351 3412/4428/3364
f 3412/4428/3364 1308/4429/1264 3371/4430/3323
f 1211/4431/1167 3371/4430/3323 1212/4432/1168
f 3371/4430/3323 1211/4431/1167 3412/4428/3364
f 3417/4433/3369 3419/4434/3371 3420/4435/3372
f 1192/4436/1148 3417/4433/3369 3420/4435/3372
f 1192/4436/1148 3420/4435/3372 3415/4437/3367
f 3415/4437/3367 3420/4435/3372 3418/2229/3370
f 3416/4438/3368 3431/2228/3383 1172/4439/1128
f 3417/4433/3369 3433/2248/3385 3419/4434/3371
f 3433/2248/3385 1492/2234/1448 3419/4434/3371
f 3420/4435/3372 3424/2232/3376 3418/2229/3370
f 3424/2232/3376 3423/2230/3375 3418/2229/3370
f 3421/2226/3373 3423/2230/3375 1491/2227/1447
f 1492/2234/1448 3424/2232/3376 3422/4440/3374
f 3427/2233/3379 1493/2239/1449 3424/2232/3376
f 3424/2232/3376 1493/2239/1449 3425/2231/3377
f 3423/2230/3375 3428/2236/3380 3426/2238/3378
f 1324/2241/1280 3423/2230/3375 3425/2231/3377
f 3429/2245/3381 3423/2230/3375 1324/2241/1280
f 3429/2245/3381 3428/2236/3380 3423/2230/3375
f 3428/2236/3380 1323/2246/1279 3430/2237/3382
f 3415/4437/3367 1193/4441/1149 1192/4436/1148
f 3416/4438/3368 1194/4442/1150 1193/4441/1149
f 3431/2228/3383 3086/4443/3038 1172/4439/1128
f 3431/2228/3383 1217/4444/1173 3086/4443/3038
f 3431/2228/3383 1491/2227/1447 1217/4444/1173
f 3430/2237/3382 3605/2244/3557 3587/2242/3539
f 3427/2233/3379 3432/2235/3384 1325/2240/1281
f 4436/2249/4383 1181/4445/1137 3433/2250/3385
f 3434/2255/3386 1323/2246/1279 1495/2253/1451
f 1494/2258/1450 1495/2253/1451 3449/4446/3401
f 1494/2258/1450 3438/2257/3390 1496/4447/1452
f 3441/4448/3393 3436/2254/3388 1496/4447/1452
f 3441/4449/3393 3439/4450/3391 3436/4451/3388
f 1190/2260/1146 3442/2262/3394 3438/2257/3390
f 3444/4452/3396 3441/4448/3393 3443/4453/3395
f 3063/2261/3016 3062/4454/3015 3446/2266/3398
f 1326/4455/1282 3447/4456/3399 3444/4452/3396
f 3448/4457/3400 1493/2239/1449 1325/2240/1281
f 3451/4458/3403 3448/4457/3400 1325/2240/1281
f 3448/4457/3400 3449/4446/3401 1493/2239/1449
f 1493/2239/1449 3449/4446/3401 1324/2241/1280
f 1495/2253/1451 3429/2245/3381 1324/2241/1280
f 3429/2245/3381 1495/2253/1451 1323/2246/1279
f 3437/2259/3389 1348/2243/1304 3434/2255/3386
f 3087/4459/3039 3437/2259/3389 3440/4460/3392
f 3445/4461/3397 1218/4462/1174 3087/4463/3039
f 3445/4464/3397 3087/4459/3039 3440/4460/3392
f 1326/4465/1282 3088/4466/3040 3447/4467/3399
f 1326/4455/1282 3450/4468/3402 1327/2268/1283
f 3450/4468/3402 3446/2266/3398 1327/2268/1283
f 3452/2267/3404 3455/2264/3407 1497/4469/1453
f 1326/4455/1282 3454/4470/3406 4519/4471/4464
f 1498/2265/1454 3455/2264/3407 3452/2267/3404
f 3455/2264/3407 3454/4470/3406 1497/4469/1453
f 3453/4472/3405 4519/4471/4464 3457/4473/3409
f 3453/4472/3405 3457/4473/3409 3456/4474/3408
f 3458/4475/3410 3454/4470/3406 3455/2264/3407
f 1220/4476/1176 3456/4477/3408 3457/4478/3409
f 3458/4475/3410 1499/4479/1455 3457/4473/3409
f 1220/4476/1176 3459/4480/3411 1221/4481/1177
f 3460/4482/3412 3458/4475/3410 3455/2264/3407
f 3458/4475/3410 3460/4482/3412 1499/4479/1455
f 3460/4482/3412 1330/2282/1286 1499/4479/1455
f 3462/4483/3414 3459/4480/3411 1500/4484/1456
f 4469/4485/4416 1328/4486/1284 4439/4487/4386
f 3452/2267/3404 1497/4469/1453 1327/2268/1283
f 1327/2268/1283 3454/4470/3406 1326/4455/1282
f 3453/4488/3405 3088/4466/3040 1326/4465/1282
f 3090/4489/3042 3089/2381/3041 3456/4474/3408
f 1220/4476/1176 3090/4490/3042 3456/4477/3408
f 3090/4490/3042 1219/4491/1175 3089/4492/3041
f 1221/4481/1177 3666/4493/3618 1220/4476/1176
f 3462/4494/3414 1222/4495/1178 3459/4480/3411
f 3092/2383/3044 3091/4496/3043 3462/4497/3414
f 3462/4497/3414 1329/4498/1285 3164/4499/3116
f 1329/4500/1285 3462/4483/3414 1330/4501/1286
f 3460/4482/3412 1331/2280/1287 1330/2282/1286
f 3461/2263/3413 3466/2278/3418 1331/2280/1287
f 3461/2263/3413 1331/2280/1287 3460/4482/3412
f 3463/2279/3415 3466/2278/3418 3461/2263/3413
f 1188/4502/1144 1498/2265/1454 1189/4503/1145
f 3464/4504/3416 4469/4505/4416 1189/4503/1145
f 1189/4503/1145 1498/2265/1454 3452/2267/3404
f 3482/4506/3434 3471/4507/3423 1331/2280/1287
f 3471/4507/3423 3483/2281/3435 1331/2280/1287
f 3469/4508/3421 3467/4509/3419 3468/4510/3420
f 3466/2278/3418 3465/2277/3417 3470/2270/3422
f 3487/2271/3439 3470/2270/3422 3465/2277/3417
f 3482/4506/3434 3466/2278/3418 3470/2270/3422
f 3471/4507/3423 3472/4511/3424 3483/2281/3435
f 3472/4511/3424 1501/4512/1457 3468/4510/3420
f 1501/4512/1457 3469/4508/3421 3468/4510/3420
f 1501/4512/1457 1502/2283/1458 1223/2394/1179
f 4520/2273/4465 3482/4506/3434 3470/2270/3422
f 3472/4511/3424 3471/4507/3423 3473/4513/3425
f 3477/4514/3429 3475/4515/3427 3473/4513/3425
f 3476/2275/3428 1502/2283/1458 3474/2276/3426
f 3478/4516/3430 1503/2269/1459 3486/2292/3438
f 3478/4516/3430 1504/2272/1460 1503/2269/1459
f 1504/4517/1460 3477/4518/3429 4520/4519/4465
f 3474/2276/3426 3475/4515/3427 3479/4520/3431
f 3477/4514/3429 1504/2272/1460 3480/4521/3432
f 3479/4520/3431 3477/4514/3429 3480/4521/3432
f 3466/2278/3418 3482/4506/3434 1331/2280/1287
f 3467/4522/3419 1329/4500/1285 1330/4501/1286
f 1330/4523/1286 3483/4524/3435 3467/4525/3419
f 3093/4526/3045 3164/4499/3116 3467/4509/3419
f 3093/4526/3045 3092/2383/3044 3164/4499/3116
f 3469/4508/3421 3093/4526/3045 3467/4509/3419
f 1223/2394/1179 3710/4527/3662 3469/4508/3421
f 3095/2288/3047 3511/2287/3463 3097/4528/3049
f 1332/2289/1288 3095/2288/3047 3481/2274/3433
f 1332/2289/1288 3481/2274/3433 3480/4521/3432
f 1333/4529/1289 3480/4521/3432 3478/4516/3430
f 1503/2269/1459 3487/2271/3439 3060/4530/3013
f 3060/4530/3013 3487/2271/3439 4466/2293/4413
f 3487/2271/3439 3465/2277/3417 3061/2294/3014
f 3491/2297/3443 3485/2301/3437 3488/4531/3440
f 3493/4532/3445 3492/4533/3444 3494/4534/3446
f 3491/2297/3443 3488/4531/3440 3493/4532/3445
f 1508/4535/1464 1506/2295/1462 3496/4536/3448
f 3498/4537/3450 3497/4538/3449 3501/4539/3453
f 3494/4540/3446 1507/4541/1463 3498/4537/3450
f 3499/4542/3451 3498/4537/3450 3501/4539/3453
f 3495/4543/3447 3494/4540/3446 3499/4542/3451
f 3504/2300/3456 3489/2296/3441 1508/4535/1464
f 3499/4542/3451 3501/4539/3453 3502/4544/3454
f 3502/4545/3454 1509/4546/1465 3503/4547/3455
f 3504/4548/3456 3506/4549/3458 3496/2306/3448
f 1509/4546/1465 3515/4550/3467 3514/4551/3466
f 3504/2300/3456 3505/4552/3457 3500/2298/3452
f 1337/4553/1293 3514/4551/3466 1338/4554/1294
f 3503/4547/3455 1509/4546/1465 1337/4553/1293
f 3509/4555/3461 3506/4549/3458 3508/2303/3460
f 3510/4556/3462 1334/2291/1290 3165/4557/3117
f 3488/4531/3440 1333/4529/1289 3510/4556/3462
f 1334/2291/1290 3510/4556/3462 1333/4529/1289
f 3491/2297/3443 3511/2287/3463 1332/2289/1288
f 3098/4558/3050 3490/2299/3442 3500/2298/3452
f 3512/4559/3464 1225/4560/1181 3507/4561/3459
f 1225/4560/1181 3098/4558/3050 3507/4561/3459
f 1175/2424/1131 3512/4559/3464 1335/4562/1291
f 3512/4563/3464 3509/4555/3461 1335/4564/1291
f 1338/4565/1294 3514/4566/3466 3513/4567/3465
f 3513/4568/3465 1897/1305/1852 3167/4569/3119
f 3515/4550/3467 4460/4570/4407 3057/4571/3010
f 3516/4572/3468 3497/4573/3449 3058/4574/3011
f 1507/4541/1463 627/4575/584 3497/4538/3449
f 3492/4576/3444 4462/4577/4409 627/4575/584
f 3492/4533/3444 1505/4578/1461 4462/4579/4409
f 1505/4578/1461 3059/4580/3012 4462/4579/4409
f 3519/4581/3471 1336/2302/1292 3517/2319/3469
f 1336/4582/1292 1511/4583/1467 3518/4584/3470
f 3520/4585/3472 3538/4586/3490 3518/4584/3470
f 1511/4587/1467 3523/2308/3475 3518/2310/3470
f 3521/4588/3473 1510/4589/1466 1512/4590/1468
f 1513/4591/1469 3522/4592/3474 3521/4593/3473
f 1513/4594/1469 3527/4595/3479 3522/4596/3474
f 3527/4595/3479 3519/4597/3471 3522/4596/3474
f 3524/4598/3476 3519/4597/3471 3527/4595/3479
f 3524/4599/3476 1511/4583/1467 3519/4600/3471
f 3525/4601/3477 3520/4602/3472 3523/4603/3475
f 3530/4604/3482 3520/4602/3472 3525/4601/3477
f 3524/2312/3476 3527/4605/3479 3528/2313/3480
f 3525/4601/3477 3523/4603/3475 3529/4606/3481
f 3531/4607/3483 1515/4608/1471 1514/4609/1470
f 3533/4610/3485 3531/4611/3483 1516/4612/1472
f 3529/4613/3481 3524/2312/3476 3532/4614/3484
f 3533/4615/3485 3532/4616/3484 3524/4617/3476
f 3532/4614/3484 3533/4618/3485 3536/2325/3488
f 3532/4614/3484 3546/2338/3498 3534/4619/3486
f 1337/4620/1293 3056/4621/3009 3543/4622/3495
f 1175/4623/1131 1335/4564/1291 3538/4624/3490
f 3539/4625/3491 1175/4626/1131 3538/4586/3490
f 3539/4627/3491 1226/4628/1182 3759/4629/3711
f 3539/4630/3491 3520/4631/3472 3530/4632/3482
f 1226/4633/1182 3539/4630/3491 3530/4632/3482
f 3749/4634/3701 3540/4635/3492 1368/4636/1324
f 3540/2320/3492 3534/4619/3486 1339/2340/1295
f 3545/2329/3497 3546/2338/3498 3536/2325/3488
f 3536/2325/3488 3544/2324/3496 3545/2329/3497
f 3535/4637/3487 622/1336/579 3537/2323/3489
f 3535/4637/3487 1516/4638/1472 622/1336/579
f 1516/4638/1472 3531/4607/3483 622/1336/579
f 4458/4639/4405 3526/4640/3478 3054/4641/3007
f 3526/4640/3478 1513/4642/1469 3541/4643/3493
f 1513/4644/1469 3521/4588/3473 3541/4645/3493
f 3542/4646/3494 3055/4647/3008 4459/4648/4406
f 3547/2326/3499 3548/2328/3500 3544/2324/3496
f 3549/2339/3501 3546/2338/3498 3550/2332/3502
f 1517/2327/1473 3558/4649/3510 3556/4650/3508
f 1517/2327/1473 3556/4650/3508 3547/2326/3499
f 3549/2339/3501 3550/2332/3502 3552/4651/3504
f 1518/2331/1474 3552/4651/3504 3550/2332/3502
f 1520/4652/1476 3552/4651/3504 3554/2336/3506
f 3552/4651/3504 1518/2331/1474 3554/2336/3506
f 3555/2342/3507 1520/4652/1476 3554/2336/3506
f 1518/2331/1474 3557/2334/3509 3554/2336/3506
f 3554/2336/3506 1522/2335/1478 3555/2342/3507
f 3567/2351/3519 3556/4650/3508 1519/2352/1475
f 3551/2333/3503 1341/2345/1297 1521/2337/1477
f 3559/4653/3511 3537/2323/3489 1186/4654/1142
f 1520/4652/1476 3555/2342/3507 3101/2344/3053
f 3545/2329/3497 3548/2328/3500 3546/2338/3498
f 3546/2338/3498 3548/2328/3500 3550/2332/3502
f 3552/4651/3504 3100/2341/3052 3549/2339/3501
f 1520/4652/1476 1228/4655/1184 3552/4651/3504
f 1520/4652/1476 1229/4656/1185 1228/4655/1184
f 1520/4652/1476 3101/2344/3053 1229/4656/1185
f 1522/2335/1478 3102/2343/3054 3555/2342/3507
f 1521/2337/1477 1340/2346/1296 1522/2335/1478
f 1185/4657/1141 1184/2350/1140 1519/2352/1475
f 1185/4657/1141 1519/2352/1475 3556/4650/3508
f 1186/4654/1142 3558/4649/3510 3559/4653/3511
f 3560/4658/3512 1340/2346/1296 1341/2345/1297
f 1341/2345/1297 3567/2351/3519 3560/4658/3512
f 1340/2346/1296 3560/4658/3512 3561/2353/3513
f 1340/2346/1296 3561/2353/3513 3102/2343/3054
f 3560/4658/3512 3563/2347/3515 3561/2353/3513
f 3561/2353/3513 3563/2347/3515 3562/4659/3514
f 3561/2353/3513 3562/4659/3514 1230/2354/1186
f 3565/2349/3517 1230/2354/1186 3562/4659/3514
f 3564/2356/3516 3566/2125/3518 1523/2348/1479
f 3562/4659/3514 1523/2348/1479 3565/2349/3517
f 3102/2343/3054 3561/2353/3513 3781/2355/3733
f 1342/2128/1298 3565/2349/3517 1343/2126/1299
f 1230/2354/1186 3565/2349/3517 1374/2147/1330
f 3565/2349/3517 3182/2135/3134 1374/2147/1330
f 3565/2349/3517 1342/2128/1298 3182/2135/3134
f 3053/2964/3006 3168/2145/3120 3567/2351/3519
f 3567/2351/3519 3168/2145/3120 3560/4658/3512
f 1184/2350/1140 3053/2964/3006 3567/2351/3519
f 3570/4660/3522 3597/4661/3549 1524/4662/1480
f 3599/4663/3551 3598/4664/3550 3570/4660/3522
f 3574/4665/3526 3570/4666/3522 1525/4667/1481
f 3568/4668/3520 3600/4669/3552 3571/4670/3523
f 3572/4671/3524 3568/4672/3520 3571/4673/3523
f 3575/4674/3527 1526/4675/1482 3569/4676/3521
f 3569/4676/3521 3573/4677/3525 4477/4678/4424
f 3573/4677/3525 3602/4679/3554 4477/4678/4424
f 3569/4676/3521 1526/4675/1482 3573/4677/3525
f 1525/4680/1481 3570/4681/3522 3576/4682/3528
f 1526/4675/1482 3575/4674/3527 3580/4683/3532
f 1526/4675/1482 3581/4684/3533 3573/4677/3525
f 3581/4684/3533 3603/4685/3555 3573/4677/3525
f 3582/4686/3534 3576/4687/3528 1524/4662/1480
f 3574/4688/3526 1525/4689/1481 3583/4690/3535
f 3579/4691/3531 3577/4692/3529 3584/4693/3536
f 3585/4694/3537 3584/4695/3536 1527/4696/1483
f 3580/4697/3532 3578/4698/3530 3585/4699/3537
f 1528/2357/1484 3582/4686/3534 3605/2244/3557
f 1530/2358/1486 3589/4700/3541 3588/2359/3540
f 1527/4701/1483 3588/4702/3540 3589/4703/3541
f 3590/4704/3542 1527/4701/1483 3589/4703/3541
f 3585/4705/3537 1527/4701/1483 3590/4704/3542
f 3586/4706/3538 3585/4707/3537 3591/4708/3543
f 3586/4709/3538 3591/4710/3543 3581/4711/3533
f 1528/2357/1484 3605/2244/3557 1530/2358/1486
f 3592/4712/3544 3589/4700/3541 1530/2358/1486
f 1529/4713/1485 3590/4704/3542 3593/4714/3545
f 3591/4710/3543 3596/4715/3548 3604/4716/3556
f 1530/2358/1486 1346/4717/1302 3592/4712/3544
f 1529/4718/1485 3593/4719/3545 3594/2367/3546
f 3591/4720/3543 1529/4718/1485 3595/2369/3547
f 3598/4664/3550 4475/4721/4422 3597/4661/3549
f 639/1383/596 2293/3437/2248 3599/1381/3551
f 3601/4722/3553 640/4723/597 3600/4669/3552
f 3602/4679/3554 1196/4724/1152 4477/4678/4424
f 1195/4725/1151 3569/4676/3521 4477/4678/4424
f 3602/4679/3554 1231/4726/1187 1196/4724/1152
f 3573/4677/3525 3603/4685/3555 3602/4679/3554
f 3581/4711/3533 3801/4727/3753 3603/4728/3555
f 3169/4729/3121 3596/4715/3548 3595/4730/3547
f 3629/4731/3581 3604/4716/3556 3169/4729/3121
f 3592/4712/3544 1345/4732/1301 3594/2367/3546
f 3605/2244/3557 1348/2243/1304 1530/2358/1486
f 3587/2242/3539 3582/4686/3534 1217/4444/1173
f 3582/4686/3534 1524/4662/1480 1217/4444/1173
f 3608/4733/3560 1532/2368/1488 1531/2366/1487
f 1534/4734/1490 1533/4735/1489 1532/4736/1488
f 3609/4737/3561 3629/4731/3581 1533/4735/1489
f 3610/4738/3562 3608/4733/3560 1531/2366/1487
f 1531/2366/1487 1535/2365/1491 1536/4739/1492
f 1534/4734/1490 1532/4736/1488 3608/4740/3560
f 3611/4741/3563 3609/4737/3561 1534/4734/1490
f 1537/4742/1493 3609/4737/3561 3611/4741/3563
f 3612/4743/3564 3610/4744/3562 1536/4745/1492
f 3612/4743/3564 3608/4740/3560 3610/4744/3562
f 3612/4743/3564 1534/4734/1490 3608/4740/3560
f 3613/4746/3565 3611/4741/3563 3619/4747/3571
f 3635/2373/3587 3087/4459/3039 3618/4748/3570
f 1535/2365/1491 3635/2373/3587 3618/4748/3570
f 1535/2365/1491 3618/4748/3570 1538/4749/1494
f 3614/4750/3566 3612/4743/3564 1536/4745/1492
f 3620/4751/3572 3613/4746/3565 3616/4752/3568
f 3617/4753/3569 3631/4754/3583 3613/4746/3565
f 3087/4459/3039 3621/4755/3573 3618/4748/3570
f 1539/4756/1495 3614/4750/3566 1538/4757/1494
f 1541/4758/1497 3615/4759/3567 1540/4760/1496
f 4521/4761/4466 3619/4747/3571 3615/4759/3567
f 3623/4762/3575 3620/4763/3572 3622/4764/3574
f 3623/4762/3575 3617/4765/3569 3620/4763/3572
f 1351/4766/1307 3621/4767/3573 3624/4768/3576
f 1350/4769/1306 1539/4756/1495 3626/4770/3578
f 3634/4771/3586 1540/4760/1496 3627/4772/3579
f 3633/4773/3585 1541/4758/1497 3628/4774/3580
f 3623/4762/3575 3622/4764/3574 3625/4775/3577
f 3606/2374/3558 1346/4717/1302 1347/2363/1303
f 3606/4776/3558 1345/4777/1301 1346/4778/1302
f 1531/2366/1487 3594/2367/3546 1345/4732/1301
f 1533/4779/1489 3169/4780/3121 1532/2368/1488
f 3604/4716/3556 3844/4781/3796 1232/4782/1188
f 3604/4716/3556 3629/4731/3581 3844/4781/3796
f 1234/4783/1190 1233/4784/1189 3630/4785/3582
f 3631/4786/3583 3630/4785/3582 1537/4742/1493
f 1235/4787/1191 1234/4788/1190 3631/4789/3583
f 3104/4790/3056 1235/4787/1191 3617/4765/3569
f 3106/2486/3058 3105/4791/3057 3632/4792/3584
f 4522/4793/4467 3623/4762/3575 3633/4794/3585
f 3171/4795/3123 3628/4774/3580 3634/4771/3586
f 4522/4793/4467 3633/4794/3585 3171/4796/3123
f 3172/4797/3124 3627/4772/3579 1350/4769/1306
f 3173/2372/3125 3624/4798/3576 1218/4799/1174
f 1218/4799/1174 3624/4798/3576 3087/4459/3039
f 3635/2373/3587 3437/2259/3389 3087/4459/3039
f 3640/4800/3592 1350/4769/1306 3639/4801/3591
f 3660/4802/3612 3637/4803/3589 1542/4804/1498
f 3660/4802/3612 3659/4805/3611 3637/4803/3589
f 3108/4806/3060 1349/4807/1305 3638/4808/3590
f 3642/4809/3594 3639/4810/3591 3666/4493/3618
f 1543/4811/1499 3660/4802/3612 3643/4812/3595
f 3638/4808/3590 1544/4813/1500 3647/4814/3599
f 3638/4808/3590 3647/4814/3599 3108/4806/3060
f 3650/4815/3602 3642/4816/3594 3644/4817/3596
f 3645/4818/3597 3641/4819/3593 3642/4816/3594
f 1544/4813/1500 1543/4811/1499 3648/4820/3600
f 1544/4813/1500 3638/4808/3590 1543/4811/1499
f 1544/4813/1500 1545/2376/1501 3646/2375/3598
f 3649/2377/3601 3647/4814/3599 3646/2375/3598
f 1544/4813/1500 3646/2375/3598 3647/4814/3599
f 3647/4814/3599 3649/2377/3601 3654/4821/3606
f 3651/4822/3603 3645/4818/3597 3650/4815/3602
f 3652/2380/3604 1544/4813/1500 3651/4822/3603
f 1547/2378/1503 3651/4822/3603 1546/4823/1502
f 3649/2377/3601 3653/4824/3605 3654/4821/3606
f 1357/4825/1313 1548/4826/1504 3655/2379/3607
f 3656/4827/3608 3653/4824/3605 1548/4826/1504
f 3657/4828/3609 3654/4821/3606 3653/4824/3605
f 3636/4829/3588 1351/4830/1307 3174/4831/3126
f 1350/4769/1306 3626/4770/3578 1351/4832/1307
f 3659/4833/3611 3171/4834/3123 3172/4797/3124
f 3170/4835/3122 4522/4793/4467 3660/4802/3612
f 3107/4836/3059 3106/2486/3058 1349/4807/1305
f 3108/4806/3060 3107/4836/3059 1349/4807/1305
f 3662/4837/3614 3108/4806/3060 3654/4821/3606
f 1176/4838/1132 3112/4839/3064 3175/4840/3127
f 3700/4841/3652 3658/4842/3610 1354/4843/1310
f 1353/4844/1309 3653/4824/3605 3658/4845/3610
f 1356/4846/1312 1548/4826/1504 1357/4825/1313
f 1355/4847/1311 3656/4827/3608 1356/4846/1312
f 3092/2383/3044 3093/4526/3045 1357/4825/1313
f 1547/2378/1503 1546/4823/1502 3664/4848/3616
f 3650/4815/3602 3644/4817/3596 3665/4849/3617
f 1221/4481/1177 3665/4850/3617 3666/4493/3618
f 3636/4829/3588 3174/4831/3126 1219/4491/1175
f 3671/2395/3623 1549/4851/1505 3699/4852/3651
f 1552/4853/1508 3667/4854/3619 1550/4855/1506
f 3677/4856/3629 1551/4857/1507 3672/4858/3624
f 1554/4859/1510 3674/4860/3626 3676/4861/3628
f 3671/2395/3623 3682/2393/3634 1550/4855/1506
f 3677/4862/3629 3672/4863/3624 1552/4864/1508
f 3678/4865/3630 3673/4866/3625 3675/4867/3627
f 3681/4868/3633 1554/4859/1510 3678/4869/3630
f 1558/4870/1514 1555/4871/1511 3682/2393/3634
f 3684/4872/3636 3677/4856/3629 1555/4871/1511
f 3685/4873/3637 3679/4874/3631 3684/4872/3636
f 1559/4875/1515 3680/4876/3632 1556/4877/1512
f 3683/4878/3635 3678/4879/3630 3680/4876/3632
f 3683/4880/3635 3681/4881/3633 3678/4882/3630
f 3691/4883/3643 3685/4884/3637 3686/4885/3638
f 3687/4886/3639 1559/4887/1515 3685/4884/3637
f 3690/4888/3642 3688/4889/3640 3687/4890/3639
f 3688/4889/3640 1560/4891/1516 1559/4892/1515
f 3691/4883/3643 3686/4885/3638 3689/4893/3641
f 3695/4894/3647 3692/4895/3644 3691/4896/3643
f 3692/4895/3644 3687/4890/3639 3691/4896/3643
f 3692/4895/3644 3690/4888/3642 3687/4890/3639
f 3695/4894/3647 3698/2384/3650 3692/4895/3644
f 3692/4895/3644 3696/2386/3648 3690/4888/3642
f 3692/4895/3644 3698/2384/3650 3696/2386/3648
f 3707/2389/3659 3693/4897/3645 1562/4898/1518
f 3705/4899/3657 3695/4894/3647 1564/4900/1520
f 3699/4852/3651 1357/4825/1313 3093/4526/3045
f 1551/4901/1507 3700/4902/3652 3668/4903/3620
f 3669/4904/3621 1353/4844/1309 3700/4905/3652
f 3702/4906/3654 4523/4907/4468 3701/4908/3653
f 3704/4909/3656 4531/4910/4476 3703/4911/3655
f 3696/2386/3648 1358/2385/1314 1238/2409/1194
f 3177/4912/3129 3697/4913/3649 3706/4914/3658
f 1562/4898/1518 3708/4915/3660 3711/2387/3663
f 1224/2284/1180 3709/2285/3661 1557/2391/1513
f 3682/2393/3634 3671/2395/3623 3094/2392/3046
f 3671/2395/3623 3699/4852/3651 3710/4527/3662
f 3714/4916/3666 3711/2387/3663 3096/4917/3048
f 3716/4918/3668 1360/4919/1316 3713/4920/3665
f 1567/4921/1523 1565/2406/1521 3720/2405/3672
f 3719/4922/3671 3717/4923/3669 3715/4924/3667
f 1568/4925/1524 3713/4920/3665 3719/4926/3671
f 3713/4920/3665 1568/4925/1524 3716/4918/3668
f 3720/2405/3672 1569/4927/1525 1567/4921/1523
f 1567/4921/1523 1570/4928/1526 1566/2410/1522
f 3719/4926/3671 1572/4929/1528 1568/4925/1524
f 1569/4927/1525 3720/2405/3672 3716/2398/3668
f 3725/4930/3677 1566/2410/1522 1570/4928/1526
f 1566/2410/1522 3725/4930/3677 1571/2414/1527
f 3722/4931/3674 1568/2396/1524 1572/4932/1528
f 3727/2404/3679 3723/2403/3675 1568/4933/1524
f 1575/4934/1531 1569/2399/1525 3723/2403/3675
f 1569/2399/1525 1575/4934/1531 3724/2400/3676
f 3722/4935/3674 3726/4936/3678 3727/2404/3679
f 3723/2403/3675 3728/2402/3680 1575/4934/1531
f 3729/2412/3681 3725/4930/3677 3724/4937/3676
f 3729/2412/3681 1571/2414/1527 3725/4930/3677
f 3727/2404/3679 4524/4938/4469 3728/2402/3680
f 3730/4939/3682 1362/4940/1318 3724/2400/3676
f 3729/2412/3681 3724/4937/3676 1362/4941/1318
f 3096/4917/3048 3708/4915/3660 3095/4942/3047
f 3712/4943/3664 3178/4944/3130 1361/2388/1317
f 3712/4945/3664 3177/4912/3129 3178/4946/3130
f 3713/4947/3665 1360/4948/1316 3712/4945/3664
f 1360/4948/1316 3720/2405/3672 3705/4899/3657
f 1565/2406/1521 3698/2384/3650 1359/2407/1315
f 1566/2410/1522 3698/2384/3650 1565/2406/1521
f 1566/2410/1522 1358/2385/1314 3698/2384/3650
f 1566/2410/1522 1571/2414/1527 3732/2411/3684
f 3731/2408/3683 3732/2411/3684 1239/2413/1195
f 1362/4940/1318 3730/4939/3682 3753/4949/3705
f 1363/4950/1319 4524/4938/4469 3179/4951/3131
f 1574/4952/1530 1225/4560/1181 1365/2425/1321
f 1573/4953/1529 3098/4558/3050 1225/4560/1181
f 3098/4558/3050 1573/4953/1529 3734/4954/3686
f 3721/4955/3673 3718/4956/3670 3490/2299/3442
f 3742/2415/3694 3740/2418/3692 1364/2416/1320
f 3113/2427/3065 3754/4957/3706 3744/2428/3696
f 3738/4958/3690 3744/2428/3696 3754/4957/3706
f 3737/4959/3689 3736/4960/3688 3741/4961/3693
f 3738/4958/3690 3739/4962/3691 3747/4963/3699
f 3743/4964/3695 3740/2418/3692 3742/2415/3694
f 3741/4961/3693 3736/4960/3688 1577/4965/1533
f 3746/4966/3698 3758/2430/3710 1227/2321/1183
f 3743/4967/3695 3758/4968/3710 3746/4969/3698
f 1577/4965/1533 1576/2422/1532 3741/4961/3693
f 3748/4970/3700 1227/2321/1183 1579/4971/1535
f 3743/4972/3695 3746/4973/3698 3748/4974/3700
f 1577/4975/1533 3743/4964/3695 3748/4970/3700
f 3748/4970/3700 3752/4976/3704 1576/4977/1532
f 1579/4971/1535 1227/2321/1183 3749/4978/3701
f 3752/4979/3704 3748/4980/3700 3750/4981/3702
f 1578/4982/1534 3747/2421/3699 3751/2423/3703
f 3745/2429/3697 1578/4983/1534 3751/4984/3703
f 3113/2427/3065 1391/2532/1347 3733/2530/3685
f 3745/2429/3697 1240/4985/1196 3114/2426/3066
f 1241/4986/1197 3751/4987/3703 3755/4988/3707
f 3756/4989/3708 3757/4990/3709 3770/4991/3722
f 1366/4992/1322 3770/4991/3722 3757/4990/3709
f 3756/4993/3708 3752/4994/3704 3757/4995/3709
f 3752/4996/3704 3750/4997/3702 3757/4990/3709
f 3750/4997/3702 1579/4971/1535 1367/4998/1323
f 3749/4978/3701 1368/4999/1324 1579/4971/1535
f 1368/4999/1324 1367/4998/1323 1579/4971/1535
f 1227/2321/1183 3540/2320/3492 3749/4978/3701
f 3530/4632/3482 3758/5000/3710 1226/4633/1182
f 3742/2415/3694 3759/4629/3711 1226/4628/1182
f 3759/5001/3711 3180/5002/3132 1175/5003/1131
f 1581/5004/1537 3763/2431/3715 3760/2433/3712
f 1366/4992/1322 3761/2432/3713 3762/2435/3714
f 1366/4992/1322 3762/2435/3714 1580/5005/1536
f 3762/2435/3714 3771/2560/3723 1580/5005/1536
f 3773/2437/3725 3763/2431/3715 1581/5004/1537
f 3763/2431/3715 3764/2434/3716 3761/2432/3713
f 3764/2434/3716 3763/2431/3715 3768/5006/3720
f 3773/2437/3725 1228/4655/1184 3766/2436/3718
f 3766/2436/3718 3768/5006/3720 3763/2431/3715
f 3764/2434/3716 1582/5007/1538 3765/5008/3717
f 1229/4656/1185 1583/2443/1539 3766/2436/3718
f 1228/4655/1184 1229/4656/1185 3766/2436/3718
f 3767/2445/3719 3768/5006/3720 3766/2436/3718
f 3766/2436/3718 1583/2443/1539 3767/2445/3719
f 3769/2438/3721 1582/5007/1538 3768/5006/3720
f 3768/5006/3720 3767/2445/3719 3769/2438/3721
f 3769/2438/3721 1243/2558/1199 1582/5007/1538
f 3101/2344/3053 1583/2443/1539 1229/4656/1185
f 3760/2433/3712 1368/4999/1324 1339/2340/1295
f 3760/2433/3712 1366/4992/1322 1367/4998/1323
f 1366/4992/1322 1580/5005/1536 3770/4991/3722
f 1177/5009/1133 3181/5010/3133 1242/5011/1198
f 3115/5012/3067 1580/5005/1536 3771/2560/3723
f 3771/2560/3723 3762/2435/3714 3765/5008/3717
f 1582/5007/1538 1243/2558/1199 3765/5008/3717
f 1244/2440/1200 1243/2558/1199 3769/2438/3721
f 1583/2443/1539 3101/2344/3053 3772/2446/3724
f 1581/5004/1537 3760/2433/3712 3100/2341/3052
f 3774/2456/3726 3772/2446/3724 3781/2355/3733
f 3100/2341/3052 3760/2433/3712 1339/2340/1295
f 3774/2456/3726 3776/2450/3728 3775/2447/3727
f 1372/2444/1328 3775/2447/3727 1370/2442/1326
f 1369/2439/1325 3775/2447/3727 3953/2449/3905
f 3774/2456/3726 3780/5013/3732 3776/2450/3728
f 3780/5013/3732 3778/2452/3730 3776/2450/3728
f 3780/5013/3732 1230/2354/1186 3778/2452/3730
f 3775/2447/3727 3779/2451/3731 3777/2448/3729
f 3777/2448/3729 3779/2451/3731 3116/2457/3068
f 1374/2147/1330 1584/2453/1540 3778/2452/3730
f 3779/2451/3731 1373/2454/1329 3116/2457/3068
f 3102/2343/3054 3781/2355/3733 3772/2446/3724
f 1244/2440/1200 1369/2439/1325 3957/2562/3909
f 3290/2455/3242 3291/4250/3243 1584/2453/1540
f 1373/2454/1329 1468/2459/1424 3116/2457/3068
f 1584/2453/1540 3291/4250/3243 1373/2454/1329
f 3289/2146/3241 3290/2455/3242 1374/2147/1330
f 3781/2355/3733 1230/2354/1186 3780/5013/3732
f 1586/2460/1542 1198/2471/1154 3788/5014/3740
f 1587/5015/1543 1585/5016/1541 4525/2472/4470
f 3786/5017/3738 3785/5018/3737 3782/5019/3734
f 3785/5020/3737 3787/5021/3739 3782/5022/3734
f 3787/5021/3739 3783/5023/3735 3782/5022/3734
f 3791/2462/3743 4525/2472/4470 1586/2460/1542
f 3791/2462/3743 1587/5015/1543 4525/2472/4470
f 3791/2462/3743 3790/5024/3742 1587/5015/1543
f 3790/5024/3742 3784/5025/3736 1587/5015/1543
f 3790/5024/3742 3793/5026/3745 3784/5025/3736
f 3786/5017/3738 3789/2465/3741 3785/5018/3737
f 1588/5027/1544 1589/2461/1545 1586/2460/1542
f 1588/2482/1544 3797/5028/3749 1589/5029/1545
f 3791/2462/3743 3792/5030/3744 3790/5024/3742
f 3792/5030/3744 1590/2470/1546 3793/5026/3745
f 3789/2465/3741 3796/2464/3748 3807/2467/3759
f 3797/5028/3749 3794/5031/3746 1589/5032/1545
f 1589/2461/1545 3794/5033/3746 3791/2462/3743
f 3794/5033/3746 3795/2468/3747 3791/2462/3743
f 3800/5034/3752 3793/5026/3745 1590/2470/1546
f 3797/5028/3749 3798/5035/3750 3794/5031/3746
f 3799/5036/3751 3795/2468/3747 3794/5033/3746
f 3795/2468/3747 3799/5036/3751 3800/2469/3752
f 1591/5037/1547 3796/2464/3748 3800/5038/3752
f 3801/4727/3753 3802/5039/3754 3810/5040/3762
f 3802/5041/3754 3797/5028/3749 3810/2481/3762
f 3802/5041/3754 3804/5042/3756 3798/5035/3750
f 3804/2477/3756 3799/5043/3751 3798/5044/3750
f 3803/5045/3755 3800/5038/3752 3799/5043/3751
f 3800/5038/3752 3803/5045/3755 1591/5037/1547
f 1591/5037/1547 3809/5046/3761 1375/2489/1331
f 3805/5047/3757 1197/5048/1153 1196/4724/1152
f 1199/2474/1155 1585/5016/1541 3065/2995/3018
f 1199/2474/1155 4525/2472/4470 1585/5016/1541
f 3117/5049/3069 1200/5050/1156 3783/5023/3735
f 3988/5051/3940 1200/5050/1156 3117/5049/3069
f 3807/2467/3759 1246/5052/1202 3787/5053/3739
f 1248/2466/1204 1247/2578/1203 3807/2467/3759
f 3808/5054/3760 3985/2491/3937 3118/5055/3070
f 3808/5054/3760 1375/2489/1331 3985/2491/3937
f 3809/5046/3761 3183/5056/3135 1375/2489/1331
f 3185/5057/3137 3802/5039/3754 1378/5058/1334
f 3802/2479/3754 3811/2475/3763 3804/2477/3756
f 3801/4727/3753 1378/5058/1334 3802/5039/3754
f 3185/5059/3137 1377/2478/1333 3802/2479/3754
f 1378/5058/1334 3801/4727/3753 1232/4782/1188
f 3603/5060/3555 3801/5061/3753 3810/5062/3762
f 1588/5063/1544 3788/5064/3740 3103/5065/3055
f 3788/5064/3740 3805/5047/3757 3103/5065/3055
f 3813/5066/3765 1377/5067/1333 3185/5068/3137
f 3814/5069/3766 3811/2475/3763 1377/2478/1333
f 3815/5070/3767 3812/2488/3764 3811/2475/3763
f 3816/5071/3768 1376/5072/1332 3812/2488/3764
f 3819/5073/3771 3814/5069/3766 3843/5074/3795
f 3815/5070/3767 3825/5075/3777 1592/5076/1548
f 1592/5076/1548 3820/5077/3772 3816/5071/3768
f 3820/5077/3772 3822/5078/3774 3816/5071/3768
f 3823/5079/3775 3837/5080/3789 3817/5081/3769
f 1594/2483/1550 3818/5082/3770 1593/5083/1549
f 3818/5082/3770 3827/2485/3779 3825/5075/3777
f 3831/5084/3783 1592/5076/1548 3825/5075/3777
f 3824/5085/3776 3822/5078/3774 3820/5077/3772
f 3824/5085/3776 3821/5086/3773 3822/5078/3774
f 1597/5087/1553 3838/5088/3790 3826/5089/3778
f 1597/5087/1553 3826/5089/3778 1596/5090/1552
f 1600/5091/1556 3830/5092/3782 3827/5093/3779
f 3830/5092/3782 3828/5094/3780 3827/5093/3779
f 3830/5095/3782 3831/5096/3783 3828/5097/3780
f 3833/5098/3785 1598/5099/1554 3831/5100/3783
f 3834/5101/3786 1599/5102/1555 3829/5103/3781
f 1379/5104/1335 3830/5105/3782 1600/5106/1556
f 3835/5107/3787 3834/5101/3786 3833/5108/3785
f 3844/5109/3796 3185/5068/3137 1378/5110/1334
f 3184/2476/3136 3812/2488/3764 1376/5072/1332
f 3183/5056/3135 3817/5081/3769 1375/2489/1331
f 3838/5111/3790 3837/5112/3789 3823/5113/3775
f 1250/5114/1206 1249/5115/1205 3839/5116/3791
f 3119/5117/3071 1250/5114/1206 1599/5102/1555
f 1252/5118/1208 3186/5119/3138 3881/5120/3833
f 3186/5119/3138 3836/5121/3788 3840/5122/3792
f 3186/5119/3138 3840/5122/3792 3187/5123/3139
f 3106/2486/3058 3107/4836/3059 1381/2487/1337
f 3106/2486/3058 1594/2483/1550 3105/4791/3057
f 1594/2483/1550 1593/5083/1549 3841/5124/3793
f 3819/5073/3771 3842/5125/3794 1234/4788/1190
f 3842/5125/3794 3843/5074/3795 1233/5126/1189
f 3843/5074/3795 3813/5127/3765 3844/5128/3796
f 3844/5109/3796 3813/5066/3765 3185/5068/3137
f 1603/5129/1559 3189/5130/3141 3850/5131/3802
f 3849/5132/3801 3880/5133/3832 3847/5134/3799
f 3853/5135/3805 3881/5120/3833 3849/5132/3801
f 4016/5136/3968 3881/5120/3833 3853/5135/3805
f 1602/5137/1558 3845/5138/3797 3886/5139/3838
f 3854/5140/3806 3850/5131/3802 1602/5137/1558
f 1606/5141/1562 1603/5129/1559 3854/5140/3806
f 3853/5135/3805 3849/5132/3801 3852/5142/3804
f 3857/5143/3809 1602/5137/1558 3886/5139/3838
f 1608/5144/1564 1605/5145/1561 3857/5143/3809
f 3859/5146/3811 3854/5140/3806 1605/5145/1561
f 1609/5147/1565 1607/5148/1563 3860/5149/3812
f 1609/5147/1565 3853/5135/3805 1607/5148/1563
f 3861/2493/3813 1253/5150/1209 3856/2494/3808
f 1610/5151/1566 1608/5152/1564 3865/5153/3817
f 4526/5154/4471 3859/5155/3811 1608/5152/1564
f 3868/5156/3820 1609/5147/1565 3863/5157/3815
f 3864/2492/3816 3856/2494/3808 1609/5147/1565
f 1612/5158/1568 1610/5151/1566 3869/5159/3821
f 3868/5156/3820 3863/5157/3815 3866/5160/3818
f 3864/2492/3816 3868/5156/3820 1613/5161/1569
f 3873/5162/3825 3861/2493/3813 3864/2492/3816
f 3873/5162/3825 4527/5163/4472 3861/2493/3813
f 3870/5164/3822 4527/5163/4472 3873/5162/3825
f 1611/5165/1567 3871/5166/3823 3882/5167/3834
f 1613/5161/1569 1612/5168/1568 3876/5169/3828
f 1613/5161/1569 3868/5156/3820 1612/5168/1568
f 3864/2492/3816 1613/5161/1569 3887/5170/3839
f 3877/2496/3829 4528/5171/4473 3873/5162/3825
f 3874/5172/3826 4527/5163/4472 3870/5164/3822
f 3879/5173/3831 3871/5166/3823 3874/5172/3826
f 3850/5131/3802 3832/2484/3784 3845/5138/3797
f 1381/2487/1337 3845/5138/3797 3832/2484/3784
f 3880/5174/3832 1379/5175/1335 3188/5176/3140
f 1253/5150/1209 1611/5165/1567 3882/5167/3834
f 1253/5150/1209 3882/5167/3834 1254/2616/1210
f 1255/5177/1211 1254/2616/1210 3882/5167/3834
f 3120/5178/3072 3882/5167/3834 3871/5166/3823
f 3120/5178/3072 1255/5177/1211 3882/5167/3834
f 3875/5179/3827 3120/5178/3072 3871/5166/3823
f 3875/5179/3827 3121/5180/3073 3120/5178/3072
f 3875/5179/3827 1382/5181/1338 3121/5180/3073
f 1383/2500/1339 3878/5182/3830 1384/5183/1340
f 1383/2500/1339 3879/5173/3831 3878/5182/3830
f 3879/5173/3831 3874/5172/3826 3878/5182/3830
f 3877/2496/3829 3873/5162/3825 3864/2492/3816
f 3887/5170/3839 1613/5161/1569 3906/5184/3858
f 1386/2495/1342 3864/2492/3816 3887/5170/3839
f 3906/5184/3858 1613/5161/1569 1387/5185/1343
f 1387/5186/1343 3872/5187/3824 3883/5188/3835
f 3883/5188/3835 3884/5189/3836 3111/5190/3063
f 3872/5187/3824 3867/5191/3819 3884/5189/3836
f 3884/5192/3836 3885/5193/3837 3110/5194/3062
f 3867/5195/3819 3862/5196/3814 3885/5193/3837
f 3862/5196/3814 3857/5143/3809 3109/5197/3061
f 3109/5197/3061 3886/5139/3838 3108/4806/3060
f 3888/5198/3840 1386/2495/1342 4529/5199/4474
f 4529/5199/4474 1616/5200/1572 3888/5198/3840
f 3889/5201/3841 1614/5202/1570 3888/5198/3840
f 3890/2501/3842 1617/5203/1573 3907/5204/3859
f 3893/2497/3845 1616/5200/1572 4529/5199/4474
f 1616/5200/1572 3893/2497/3845 3889/5201/3841
f 3889/5201/3841 1615/2498/1571 3893/2497/3845
f 1256/5205/1212 3907/5204/3859 1617/5203/1573
f 3892/5206/3844 1618/5207/1574 1619/5208/1575
f 1619/5209/1575 1618/5210/1574 3893/2497/3845
f 3894/2499/3846 3895/5211/3847 3891/5212/3843
f 3895/5211/3847 1617/5203/1573 3891/5212/3843
f 1621/5213/1577 3899/5214/3851 1619/5208/1575
f 3897/5215/3849 3900/5216/3852 3898/5217/3850
f 3898/5217/3850 3895/5211/3847 3894/2499/3846
f 4530/5218/4475 3899/5219/3851 3896/2508/3848
f 3904/5220/3856 4530/5218/4475 3896/2508/3848
f 3902/5221/3854 1621/5222/1577 1620/5223/1576
f 3902/5221/3854 1620/5223/1576 3897/5215/3849
f 3900/5216/3852 3897/5215/3849 3903/5224/3855
f 1622/5225/1578 3895/5211/3847 3900/5216/3852
f 3903/5224/3855 1622/5225/1578 3900/5216/3852
f 3901/2505/3853 1622/5225/1578 3122/2503/3074
f 3903/5224/3855 3905/5226/3857 1388/2507/1344
f 3122/2503/3074 4532/5227/4477 1257/5228/1213
f 3906/5184/3858 1387/5185/1343 3192/5229/3144
f 3887/5170/3839 3906/5184/3858 4531/4910/4476
f 3877/2496/3829 1386/2495/1342 3888/5198/3840
f 1614/5202/1570 3191/5230/3143 1385/5231/1341
f 3907/5204/3859 1382/5181/1338 3190/2502/3142
f 1258/2514/1214 4532/5227/4477 3122/2503/3074
f 3904/5220/3856 3193/5232/3145 3905/5226/3857
f 3731/2408/3683 3904/5220/3856 3896/2508/3848
f 3904/5220/3856 3731/2408/3683 3193/5232/3145
f 4531/4910/4476 3906/5184/3858 1236/5233/1192
f 3887/5170/3839 4531/4910/4476 3704/4909/3656
f 3913/2509/3865 3920/2511/3872 3193/5232/3145
f 3193/5232/3145 1239/2413/1195 3913/2509/3865
f 3909/2510/3861 1625/2515/1581 3910/2506/3862
f 1624/2516/1580 3914/5234/3866 3912/2517/3864
f 3921/2512/3873 3912/2517/3864 3911/2513/3863
f 3913/2509/3865 3919/2519/3871 3909/2510/3861
f 1625/2515/1581 3914/5234/3866 1624/2516/1580
f 3915/2518/3867 1626/2526/1582 3917/2528/3869
f 3916/2522/3868 3919/2519/3871 3913/2509/3865
f 1625/2515/1581 3919/2519/3871 3918/2521/3870
f 3923/2524/3875 3918/2521/3870 1390/2520/1346
f 3920/2511/3872 1388/2507/1344 3193/5232/3145
f 3920/2511/3872 3910/2506/3862 1388/2507/1344
f 3910/2506/3862 3921/2512/3873 3122/2503/3074
f 3122/2503/3074 3921/2512/3873 1258/2514/1214
f 1259/2636/1215 3915/2518/3867 1666/2637/1622
f 1260/2529/1216 1666/2637/1622 3917/2528/3869
f 1389/5235/1345 3922/2527/3874 3925/2525/3877
f 3919/2519/3871 3932/5236/3884 1390/2520/1346
f 3916/2522/3868 1391/2532/1347 3924/2523/3876
f 3733/2530/3685 1391/2532/1347 3916/2522/3868
f 3731/2408/3683 1239/2413/1195 3193/5232/3145
f 1627/2537/1583 3925/2525/3877 3926/2535/3878
f 3927/2531/3879 3924/2523/3876 1391/2532/1347
f 3924/2523/3876 3927/2531/3879 3928/5237/3880
f 3932/5236/3884 3930/2533/3882 3194/5238/3146
f 3929/2534/3881 1627/2537/1583 3926/2535/3878
f 3194/5238/3146 3930/2533/3882 3926/2535/3878
f 1628/2541/1584 3928/5237/3880 3927/2531/3879
f 3928/5237/3880 3930/2533/3882 3932/5236/3884
f 3929/2534/3881 3930/2533/3882 3931/2539/3883
f 3930/2533/3882 3928/5237/3880 1628/2541/1584
f 1628/2541/1584 3931/2539/3883 3930/2533/3882
f 3931/2539/3883 1261/2536/1217 3929/2534/3881
f 1240/4985/1196 3949/2540/3901 1628/2541/1584
f 3194/5238/3146 3926/2535/3878 3925/2525/3877
f 1261/2536/1217 4033/5239/3985 1627/2537/1583
f 1389/5235/1345 1627/2537/1583 4029/5240/3981
f 3931/2539/3883 3124/2659/3076 1261/2536/1217
f 1628/2541/1584 3114/2426/3066 1240/4985/1196
f 3114/2426/3066 3927/2531/3879 3113/2427/3065
f 3114/2426/3066 1628/2541/1584 3927/2531/3879
f 1629/5241/1585 1393/5242/1349 3934/5243/3886
f 3934/5244/3886 3933/5245/3885 3935/5246/3887
f 1630/5247/1586 3934/5244/3886 3935/5246/3887
f 1631/5248/1587 1629/5241/1585 1630/5249/1586
f 1392/2538/1348 1631/5248/1587 1634/2542/1590
f 3939/2547/3891 3940/2546/3892 3936/2561/3888
f 1632/5250/1588 3935/5251/3887 3936/2561/3888
f 1633/5252/1589 1632/5253/1588 3936/5254/3888
f 3937/5255/3889 1633/5256/1589 3938/5257/3890
f 3937/5258/3889 1636/5259/1592 1634/2542/1590
f 3939/2547/3891 3942/2544/3894 3940/2546/3892
f 3943/2551/3895 3938/5257/3890 1637/5260/1593
f 1395/2559/1351 3946/2548/3898 3939/2547/3891
f 3944/5261/3896 1637/5262/1593 3942/2544/3894
f 3945/2550/3897 1638/2554/1594 3943/2551/3895
f 3946/2548/3898 3947/2555/3899 3942/2544/3894
f 3948/5263/3900 3947/2555/3899 1639/2557/1595
f 3945/5264/3897 3944/5261/3896 3948/5263/3900
f 1393/5265/1349 1177/5009/1133 3950/5266/3902
f 1393/5242/1349 1241/5267/1197 1177/5268/1133
f 3949/2540/3901 1240/4985/1196 1393/5242/1349
f 1392/2538/1348 4035/2543/3987 3931/2539/3883
f 4035/2543/3987 3124/2659/3076 3931/2539/3883
f 4035/2543/3987 1636/5259/1592 3941/5269/3893
f 1638/2554/1594 1263/2553/1219 4055/5270/4007
f 1394/2552/1350 3945/2550/3897 3195/5271/3147
f 3952/2563/3904 3946/2548/3898 1395/2559/1351
f 1395/2559/1351 1243/2558/1199 1244/2440/1200
f 3765/5008/3717 3939/2547/3891 3771/2560/3723
f 3771/2560/3723 3936/2561/3888 3935/5251/3887
f 3950/5266/3902 1242/5011/1198 3115/5272/3067
f 3951/5273/3903 3196/2556/3148 3961/2567/3913
f 3954/2568/3906 3955/2566/3907 1640/2565/1596
f 1640/2565/1596 3955/2566/3907 3196/2556/3148
f 1640/2565/1596 3956/2564/3908 3954/2568/3906
f 3953/2449/3905 3116/2457/3068 3956/2564/3908
f 3955/2566/3907 1641/2569/1597 3127/2678/3079
f 3116/2457/3068 1468/2459/1424 3956/2564/3908
f 3954/2568/3906 3197/2570/3149 1641/2569/1597
f 3956/2564/3908 1468/2459/1424 3197/2570/3149
f 1395/2559/1351 3957/2562/3909 3952/2563/3904
f 3958/5274/3910 3959/5275/3911 3195/5276/3147
f 3958/5274/3910 3960/5277/3912 3959/5275/3911
f 1394/5278/1350 3195/5276/3147 3959/5275/3911
f 3125/5279/3077 3959/5275/3911 3960/5277/3912
f 1263/2553/1219 1394/2552/1350 3125/5280/3077
f 3960/5277/3912 3126/5281/3078 3125/5279/3077
f 3961/2567/3913 4075/2679/4027 3126/5281/3078
f 4075/2679/4027 3955/2566/3907 3127/2678/3079
f 3955/2566/3907 4075/2679/4027 3961/2567/3913
f 1264/2677/1220 1641/2569/1597 3197/2570/3149
f 3962/5282/3914 3988/5283/3940 3987/5284/3939
f 3963/5285/3915 3962/5282/3914 3968/5286/3920
f 3963/5285/3915 3966/2571/3918 3067/2584/3020
f 1642/2574/1598 3965/2587/3917 3970/2572/3922
f 3970/2572/3922 1643/5287/1599 1642/2574/1598
f 3970/2572/3922 3972/5288/3924 1643/5287/1599
f 3967/2575/3919 1643/5287/1599 3983/5289/3935
f 3972/5288/3924 3970/2572/3922 3969/5290/3921
f 1643/5287/1599 3972/5288/3924 3973/5291/3925
f 1643/5287/1599 3973/5291/3925 3983/5289/3935
f 3971/2580/3923 3976/2583/3928 3972/5288/3924
f 3975/5292/3927 3983/5289/3935 3973/5291/3925
f 3983/5289/3935 3975/5292/3927 3974/5293/3926
f 3986/2579/3938 1644/5294/1600 3978/2581/3930
f 3976/2583/3928 3973/5291/3925 3972/5288/3924
f 3977/5295/3929 3975/5292/3927 3973/5291/3925
f 3975/5292/3927 3977/5295/3929 1645/5296/1601
f 3975/5292/3927 1645/5296/1601 3974/5293/3926
f 1397/2590/1353 3977/5295/3929 3979/5297/3931
f 3977/5295/3929 1397/2590/1353 1645/5296/1601
f 3067/2584/3020 1780/5298/1735 3963/5285/3915
f 3964/2573/3916 1201/2586/1157 3068/2585/3021
f 3964/2573/3916 3965/2587/3917 1201/2586/1157
f 3974/5293/3926 3984/5299/3936 1268/2692/1224
f 4097/2693/4049 1268/2692/1224 3984/5299/3936
f 1645/5296/1601 1397/2590/1353 1396/5300/1352
f 1398/5301/1354 3979/5297/3931 3980/2582/3932
f 3979/5297/3931 1398/5301/1354 1397/2590/1353
f 3980/2582/3932 3198/5302/3150 1398/5301/1354
f 3198/5302/3150 1644/5294/1600 3985/2491/3937
f 3198/5302/3150 3980/2582/3932 1644/5294/1600
f 3118/5055/3070 3985/2491/3937 1644/5294/1600
f 1248/2466/1204 3986/2579/3938 1247/2578/1203
f 3985/5303/3937 4004/5304/3956 3989/5305/3941
f 3989/5305/3941 3198/5306/3150 3985/5303/3937
f 1647/5307/1603 1396/5300/1352 1646/5308/1602
f 1398/5301/1354 4001/2588/3953 1397/2590/1353
f 1397/2590/1353 1648/2589/1604 1646/5308/1602
f 4004/2490/3956 3991/5309/3943 3989/5310/3941
f 4004/2490/3956 1649/5311/1605 3991/5309/3943
f 1646/5308/1602 3994/2593/3946 1647/5307/1603
f 1650/5312/1606 3991/5313/3943 1649/5314/1605
f 4001/2588/3953 3992/5315/3944 3993/5316/3945
f 3994/2593/3946 1646/5308/1602 1648/2589/1604
f 3992/5315/3944 3998/5317/3950 3993/5316/3945
f 3998/5317/3950 1653/5318/1609 1652/2596/1608
f 3993/5316/3945 4000/2598/3952 3999/2591/3951
f 1653/5318/1609 3998/5317/3950 1651/5319/1607
f 1653/5318/1609 1401/5320/1357 1652/2596/1608
f 1399/5321/1355 3999/2591/3951 4000/2598/3952
f 4097/2693/4049 3984/5299/3936 1396/5300/1352
f 1399/5321/1355 1270/2595/1226 3999/2591/3951
f 4005/2606/3957 1270/2595/1226 1399/5321/1355
f 1653/5318/1609 4016/5136/3968 1654/2617/1610
f 1653/5318/1609 1654/2617/1610 1401/5320/1357
f 3199/5322/3151 1651/5319/1607 1252/5118/1208
f 4016/5136/3968 1653/5318/1609 3199/5322/3151
f 1651/5319/1607 3996/5323/3948 1251/5324/1207
f 3995/5325/3947 1650/5312/1606 4003/5326/3955
f 4008/2605/3960 1255/5177/1211 4009/2600/3961
f 1400/2597/1356 4010/2609/3962 4005/2606/3957
f 1255/5177/1211 1657/5327/1613 4009/2600/3961
f 4010/2609/3962 4011/2607/3963 4005/2606/3957
f 1657/5327/1613 1658/2608/1614 4009/2600/3961
f 4010/2609/3962 1658/2608/1614 4011/2607/3963
f 4011/2607/3963 4012/2612/3964 1656/2603/1612
f 1403/2615/1359 1658/2608/1614 1657/5327/1613
f 4014/2613/3966 4012/2612/3964 4015/5328/3967
f 4006/2599/3958 1401/5320/1357 1654/2617/1610
f 4006/2599/3958 1652/2596/1608 1401/5320/1357
f 1655/2601/1611 1652/2596/1608 4006/2599/3958
f 1655/2601/1611 1400/2597/1356 1652/2596/1608
f 4005/2606/3957 1399/5321/1355 1400/2597/1356
f 4005/2606/3957 4007/2602/3959 1270/2595/1226
f 1270/2595/1226 4007/2602/3959 4013/2604/3965
f 3132/5329/3084 3131/5330/3083 4014/2613/3966
f 4129/5331/4081 3132/5329/3084 4015/5328/3967
f 3200/5332/3152 4129/5331/4081 4015/5328/3967
f 3200/5332/3152 4015/5328/3967 3201/2625/3153
f 4012/2612/3964 3202/2611/3154 3201/2625/3153
f 3121/5180/3073 1403/2615/1359 1657/5327/1613
f 3121/5180/3073 1657/5327/1613 3120/5178/3072
f 3120/5178/3072 1657/5327/1613 1255/5177/1211
f 1255/5177/1211 4008/2605/3960 1254/2616/1210
f 4016/5136/3968 1253/5150/1209 1254/2616/1210
f 3202/2611/3154 4020/5333/3972 4018/2618/3970
f 4141/2621/4093 3200/5332/3152 1660/2622/1616
f 4019/2619/3971 1660/2622/1616 1659/2620/1615
f 4020/5333/3972 4017/5334/3969 1661/2504/1617
f 1257/5228/1213 4020/5333/3972 1661/2504/1617
f 4020/5333/3972 1257/5228/1213 4022/5335/3974
f 4020/5333/3972 4022/5335/3974 1662/5336/1618
f 4021/2623/3973 4141/2621/4093 4019/2619/3971
f 4019/2619/3971 4018/2618/3970 4021/2623/3973
f 1663/5337/1619 1662/5336/1618 4022/5335/3974
f 1404/2626/1360 4018/2618/3970 1663/5337/1619
f 4018/2618/3970 1404/2626/1360 4021/2623/3973
f 1257/5228/1213 4024/5338/3976 4022/5335/3974
f 1402/2610/1358 1403/2615/1359 4017/5334/3969
f 4141/2621/4093 3214/2738/3166 3200/5332/3152
f 4141/2621/4093 1664/2624/1620 4137/2735/4089
f 1404/2626/1360 1663/5337/1619 4023/5339/3975
f 4023/5339/3975 1663/5337/1619 4024/5338/3976
f 4532/5227/4477 1258/2514/1214 4024/5338/3976
f 1257/5228/1213 4532/5227/4477 4024/5338/3976
f 1257/5228/1213 1661/2504/1617 3122/2503/3074
f 1403/2615/1359 1256/5205/1212 1661/2504/1617
f 4025/2628/3977 1665/5340/1621 1666/2637/1622
f 1405/2638/1361 1666/2637/1622 1665/5340/1621
f 4025/2628/3977 1404/2626/1360 1665/5340/1621
f 1260/2529/1216 1667/2627/1623 1666/2637/1622
f 1260/2529/1216 3203/2633/3155 1667/2627/1623
f 1667/2627/1623 3203/2633/3155 4144/2630/4096
f 4023/5339/3975 1405/2638/1361 1665/5340/1621
f 1664/2624/1620 1668/2629/1624 4140/2632/4092
f 4027/2640/3979 4026/2634/3978 3203/2633/3155
f 3123/2635/3075 1260/2529/1216 3922/2527/3874
f 1178/5341/1134 1259/2636/1215 1405/2638/1361
f 4028/2643/3980 3123/2635/3075 4029/5240/3981
f 4028/2643/3980 4029/5240/3981 4031/2642/3983
f 4028/2643/3980 4030/2641/3982 4027/2640/3979
f 4533/5342/4478 1693/2749/1649 1669/2639/1625
f 4026/2634/3978 1669/2639/1625 1693/2749/1649
f 4033/5239/3985 4031/2642/3983 4029/5240/3981
f 4032/5343/3984 4533/5342/4478 1669/2639/1625
f 4033/5239/3985 1670/5344/1626 4031/2642/3983
f 1669/2639/1625 4051/5345/4003 4032/5343/3984
f 4032/5343/3984 3204/2657/3156 4533/5342/4478
f 3204/2657/3156 1271/2757/1227 4533/5342/4478
f 3203/2633/3155 3123/2635/3075 4027/2640/3979
f 4144/2630/4096 4026/2634/3978 1179/2756/1135
f 4533/5342/4478 1271/2757/1227 1693/2749/1649
f 3204/2657/3156 1406/2656/1362 1271/2757/1227
f 4051/5345/4003 1669/2639/1625 3205/2654/3157
f 3205/2654/3157 1669/2639/1625 1670/5344/1626
f 4048/2645/4000 1670/5344/1626 4033/5239/3985
f 4048/2645/4000 3205/2654/3157 1670/5344/1626
f 1261/2536/1217 4048/2645/4000 4033/5239/3985
f 3124/2659/3076 4048/2645/4000 1261/2536/1217
f 1671/2647/1627 4048/2645/4000 4036/2644/3988
f 1671/2647/1627 4050/2653/4002 4049/2652/4001
f 4050/2653/4002 4034/5346/3986 4051/5345/4003
f 1671/2647/1627 4034/5346/3986 4050/2653/4002
f 4034/5346/3986 3133/2655/3085 3204/2657/3156
f 4036/2644/3988 4035/2543/3987 4057/5347/4009
f 4034/5346/3986 1671/2647/1627 4038/5348/3990
f 4037/2646/3989 4038/5348/3990 1671/2647/1627
f 4040/2648/3992 4057/5347/4009 4039/5349/3991
f 4041/5350/3993 4034/5346/3986 4038/5348/3990
f 4040/5351/3992 4039/5352/3991 4043/5353/3995
f 4044/5354/3996 4043/5353/3995 4046/5355/3998
f 4044/2651/3996 4045/2650/3997 4038/5348/3990
f 4041/5350/3993 4038/5348/3990 4045/2650/3997
f 4044/5356/3996 4046/5357/3998 4047/5358/3999
f 1672/2649/1628 4044/2651/3996 1408/5359/1364
f 1672/2649/1628 4054/5360/4006 3134/5361/3086
f 1672/2649/1628 3134/5361/3086 4045/2650/3997
f 4053/5362/4005 4045/2650/3997 3134/5361/3086
f 4049/2652/4001 3205/2654/3157 4048/2645/4000
f 4048/2645/4000 1671/2647/1627 4049/2652/4001
f 1406/2656/1362 4164/2658/4116 1271/2757/1227
f 4052/5363/4004 1272/5364/1228 3133/5365/3085
f 4052/5363/4004 3133/5365/3085 4041/5366/3993
f 4052/5367/4004 4041/5350/3993 4053/5362/4005
f 1273/5368/1229 4052/5367/4004 4053/5362/4005
f 1273/5368/1229 4053/5362/4005 3134/5361/3086
f 4054/5360/4006 1407/5369/1363 1274/5370/1230
f 1673/5371/1629 4054/5360/4006 1672/2649/1628
f 1408/5372/1364 4047/5373/3999 1409/5374/1365
f 1410/5375/1366 4055/5376/4007 1263/5377/1219
f 4056/5378/4008 1638/5379/1594 4055/5376/4007
f 4039/5352/3991 1262/5380/1218 4042/5381/3994
f 4039/5352/3991 3941/5382/3893 1262/5380/1218
f 3941/5269/3893 4057/5347/4009 4035/2543/3987
f 1674/2662/1630 4062/2661/4014 4071/2674/4023
f 4060/2664/4012 4061/5383/4013 4059/5384/4011
f 1674/2662/1630 4070/5385/4022 4061/5383/4013
f 4061/5383/4013 4063/2660/4015 1674/2662/1630
f 4060/2664/4012 4063/2660/4015 4061/5383/4013
f 4072/2672/4024 4062/2661/4014 3136/5386/3088
f 4075/2679/4027 4065/2663/4017 4060/2664/4012
f 4065/2663/4017 1676/2669/1632 4064/2665/4016
f 4065/2663/4017 4064/2665/4016 4063/2660/4015
f 4074/2670/4026 4068/2671/4020 4075/2679/4027
f 1676/2669/1632 1675/2668/1631 4064/2665/4016
f 4075/2679/4027 4068/2671/4020 4065/2663/4017
f 4066/2667/4018 1279/5387/1235 1675/2668/1631
f 4068/2671/4020 4073/4254/4025 1676/2669/1632
f 4073/4254/4025 4067/5388/4019 1676/2669/1632
f 4066/2667/4018 1676/2669/1632 4067/5388/4019
f 4067/5388/4019 4069/2675/4021 4066/2667/4018
f 1409/5389/1365 1410/5375/1366 4070/5385/4022
f 1263/5377/1219 4070/5385/4022 1410/5375/1366
f 1408/5359/1364 1409/5389/1365 4070/5385/4022
f 1673/5390/1629 1674/2662/1630 4054/5360/4006
f 1276/5391/1232 4072/5392/4024 3136/5393/3088
f 1279/5387/1235 1278/5394/1234 1675/2668/1631
f 4069/2675/4021 1429/2158/1385 3138/2676/3090
f 1279/5387/1235 4066/2667/4018 3138/2676/3090
f 4073/4254/4025 4068/2671/4020 3206/2161/3158
f 1245/2155/1201 3206/2161/3158 4068/2671/4020
f 4058/5395/4010 4070/5396/4022 3125/5280/3077
f 1680/5397/1636 4078/5398/4030 4098/2695/4050
f 4078/2680/4030 4077/5399/4029 1678/5400/1634
f 1679/5401/1635 1678/5400/1634 4077/5399/4029
f 4080/5402/4032 1683/5403/1639 4081/5404/4033
f 1683/5403/1639 4080/5402/4032 1682/5405/1638
f 1683/5403/1639 4089/2691/4041 4081/5404/4033
f 4089/2691/4041 4085/2683/4037 4084/2685/4036
f 4089/2691/4041 1283/2687/1239 4085/2683/4037
f 4094/5406/4046 1684/5407/1640 4085/5408/4037
f 4088/5409/4040 4086/5410/4038 4087/2694/4039
f 4088/5409/4040 1683/5403/1639 4086/5410/4038
f 4088/5409/4040 3207/2689/3159 4089/2691/4041
f 1683/5403/1639 4088/5409/4040 4089/2691/4041
f 4089/2691/4041 4090/5411/4042 4091/2688/4043
f 4091/2688/4043 1283/2687/1239 4089/2691/4041
f 4092/2690/4044 4090/5411/4042 4089/2691/4041
f 4090/5411/4042 4092/2690/4044 4096/5412/4048
f 4090/5411/4042 4096/5412/4048 4091/2688/4043
f 1202/5413/1158 4440/5414/4387 4093/2696/4045
f 4093/2682/4045 4076/2681/4028 1202/5415/1158
f 1283/2687/1239 3143/5416/3095 4085/2683/4037
f 4095/2686/4047 1411/5417/1367 1431/2791/1387
f 1267/5418/1223 1680/5397/1636 1266/5419/1222
f 1680/5397/1636 1267/5418/1223 1682/5405/1638
f 1266/5419/1222 1680/5397/1636 1265/5420/1221
f 3982/2577/3934 1265/5420/1221 4098/2695/4050
f 1269/5421/1225 4099/2712/4051 1413/2711/1369
f 4099/2712/4051 1269/5421/1225 4535/5422/4480
f 1411/5417/1367 4107/2699/4059 4104/5423/4056
f 1269/5421/1225 4106/2718/4058 4535/5422/4480
f 4535/5422/4480 4103/2705/4055 4096/5412/4048
f 4105/2713/4057 4101/2714/4053 4104/5423/4056
f 4102/5424/4054 4108/5425/4060 4111/2708/4063
f 4113/5426/4065 1685/2697/1641 4111/2708/4063
f 4113/5426/4065 4109/2698/4061 1685/2697/1641
f 4114/2710/4066 3144/2701/3096 4112/2700/4064
f 4116/2703/4068 1417/5427/1373 3212/2704/3164
f 1412/5428/1368 4099/2712/4051 4535/5422/4480
f 1411/5417/1367 4104/5423/4056 1431/2791/1387
f 4101/2714/4053 1431/2791/1387 4104/5423/4056
f 3144/2701/3096 1284/2783/1240 4115/2702/4067
f 1414/5429/1370 4114/2710/4066 1415/2709/1371
f 3209/2707/3161 1415/2709/1371 4113/5426/4065
f 1269/5421/1225 3997/2592/3949 4106/2718/4058
f 3997/2592/3949 1270/2595/1226 4106/2718/4058
f 1269/5421/1225 1413/2711/1369 3129/2594/3081
f 4117/5430/4069 3211/5431/3163 3212/2704/3164
f 1686/2726/1642 4118/2727/4070 3210/5432/3162
f 4120/5433/4072 4125/2719/4077 1687/2728/1643
f 4121/5434/4073 1688/5435/1644 1686/2726/1642
f 4120/5433/4072 1687/2728/1643 4124/5436/4076
f 4123/2721/4075 4121/5434/4073 4122/2722/4074
f 4131/2725/4083 4118/2727/4070 1688/5435/1644
f 4124/5436/4076 1689/5437/1645 4120/5433/4072
f 4120/5433/4072 1689/5437/1645 4125/2719/4077
f 4126/5438/4078 4123/2721/4075 4132/2720/4084
f 4123/2721/4075 4126/5438/4078 4128/2723/4080
f 4131/2725/4083 1688/5435/1644 4128/2723/4080
f 4130/2731/4082 4125/2719/4077 1689/5437/1645
f 4125/2719/4077 4130/2731/4082 4127/5439/4079
f 1418/2733/1374 4127/5439/4079 3213/5440/3165
f 1419/2724/1375 4128/2723/4080 1690/5441/1646
f 4013/2604/3965 3130/2614/3082 1417/5427/1373
f 3209/2707/3161 3210/5432/3162 4118/2727/4070
f 1687/2728/1643 1414/5429/1370 1415/2709/1371
f 4119/2716/4071 3145/2741/3097 4216/2797/4167
f 4130/2731/4082 3213/5440/3165 4127/5439/4079
f 4133/5442/4085 4131/2725/4083 1419/2724/1375
f 1689/5437/1645 4133/5442/4085 4130/2731/4082
f 1690/5441/1646 3214/2738/3166 1419/2724/1375
f 4129/5331/4081 4132/2720/4084 3132/5329/3084
f 4129/5331/4081 3214/2738/3166 1690/5441/1646
f 4129/5331/4081 4126/5438/4078 4132/2720/4084
f 3131/5330/3083 3132/5329/3084 4132/2720/4084
f 4117/5430/4069 3131/5330/3083 4132/2720/4084
f 4117/5430/4069 3212/2704/3164 1417/5427/1373
f 1419/2724/1375 4136/2734/4088 4133/5442/4085
f 1418/2733/1374 4139/2732/4091 1691/2739/1647
f 4140/2632/4092 1692/2737/1648 4136/2734/4088
f 4536/2748/4481 4139/2732/4091 1692/2737/1648
f 4536/2748/4481 3146/2804/3098 4139/2732/4091
f 4536/2748/4481 1420/2747/1376 3146/2804/3098
f 1691/2739/1647 3145/2741/3097 1418/2733/1374
f 1691/2739/1647 4218/2742/4169 4219/2740/4170
f 4139/2732/4091 3146/2804/3098 4218/2742/4169
f 1420/2747/1376 3147/2805/3099 3146/2804/3098
f 1692/2737/1648 3215/2736/3167 4536/2748/4481
f 3215/2736/3167 4143/2631/4095 4146/2743/4098
f 1420/2747/1376 4142/2745/4094 3148/5443/3100
f 4146/2743/4098 4143/2631/4095 4145/2744/4097
f 4142/2745/4094 4145/2744/4097 3148/5443/3100
f 4143/2631/4095 1421/2746/1377 4145/2744/4097
f 3148/5443/3100 4145/2744/4097 1287/2754/1243
f 4145/2744/4097 1421/2746/1377 4147/2750/4099
f 4146/2743/4098 4536/2748/4481 3215/2736/3167
f 4146/2743/4098 4142/2745/4094 4536/2748/4481
f 3147/2805/3099 1420/2747/1376 3148/5443/3100
f 3148/5443/3100 4220/2807/4171 3147/2805/3099
f 4145/2744/4097 4147/2750/4099 1287/2754/1243
f 4144/2630/4096 1179/2756/1135 1421/2746/1377
f 1421/2746/1377 4026/2634/3978 4147/2750/4099
f 4147/2750/4099 4148/2752/4100 1286/5444/1242
f 4147/2750/4099 1693/2749/1649 4148/2752/4100
f 1286/5444/1242 4148/2752/4100 1422/2755/1378
f 1286/5444/1242 1422/2755/1378 1287/2754/1243
f 4147/2750/4099 1286/5444/1242 1287/2754/1243
f 4148/2752/4100 1694/2751/1650 1422/2755/1378
f 1271/2757/1227 4164/2658/4116 1694/2751/1650
f 4164/2658/4116 4151/2772/4103 4149/2758/4101
f 1694/2751/1650 4150/2759/4102 1422/2755/1378
f 4161/2753/4113 1695/2760/1651 1288/2764/1244
f 4149/2758/4101 4154/5445/4106 4150/2759/4102
f 4153/2761/4105 1695/2760/1651 1422/2755/1378
f 1695/2760/1651 1696/2762/1652 1288/2764/1244
f 4153/2761/4105 1696/2762/1652 1695/2760/1651
f 4152/5446/4104 4151/2772/4103 4163/5447/4115
f 4154/5445/4106 4152/5446/4104 1697/5448/1653
f 4150/2759/4102 4154/5445/4106 4153/2761/4105
f 4153/2761/4105 1423/2770/1379 1696/2762/1652
f 1697/5449/1653 4163/5450/4115 4155/5451/4107
f 4156/5452/4108 1697/5448/1653 4155/5453/4107
f 4154/5445/4106 1423/2770/1379 4153/2761/4105
f 4155/5454/4107 4163/5455/4115 4157/5456/4109
f 4156/5457/4108 4155/5458/4107 4159/5459/4111
f 1423/2770/1379 4154/5445/4106 4158/5460/4110
f 1696/2762/1652 1423/2770/1379 4160/2769/4112
f 1696/2762/1652 4160/2769/4112 3216/2765/3168
f 4158/5460/4110 1698/5461/1654 1423/2770/1379
f 4157/5462/4109 1274/5370/1230 3217/2777/3169
f 4162/5463/4114 1273/5368/1229 3134/5361/3086
f 4162/5463/4114 3134/5361/3086 1274/5370/1230
f 4157/5462/4109 4162/5463/4114 1274/5370/1230
f 3133/2655/3085 1272/2771/1228 4164/2658/4116
f 1699/5464/1655 4167/5465/4119 4169/5466/4121
f 1699/5464/1655 1698/5461/1654 4167/5465/4119
f 4168/5467/4120 3149/5468/3101 4165/2768/4117
f 4191/2767/4143 4165/2768/4117 3149/5468/3101
f 1700/5469/1656 1291/5470/1247 3149/5468/3101
f 4171/5471/4123 4166/5472/4118 4174/5473/4126
f 4168/5467/4120 1699/5464/1655 4169/5466/4121
f 4172/5474/4124 4168/5467/4120 1701/5475/1657
f 4177/5476/4129 4230/5477/4181 1700/5478/1656
f 1700/5478/1656 4230/5477/4181 1291/5479/1247
f 4174/5473/4126 4173/5480/4125 4171/5471/4123
f 4169/5481/4121 4171/5482/4123 4173/5483/4125
f 4175/5484/4127 4169/5481/4121 4173/5483/4125
f 4170/5485/4122 4172/5474/4124 4176/5486/4128
f 4177/5476/4129 4170/5487/4122 4176/5488/4128
f 4178/2773/4130 4194/5489/4146 1702/5490/1658
f 4177/5491/4129 4176/5492/4128 4179/5493/4131
f 4182/5494/4134 4181/5495/4133 1707/5496/1663
f 1703/5497/1659 4178/2773/4130 4182/5498/4134
f 4183/5499/4135 4182/5498/4134 1708/5500/1664
f 4182/5498/4134 4183/5499/4135 1703/5497/1659
f 1704/5501/1660 1703/5497/1659 1709/5502/1665
f 1706/5503/1662 1705/5504/1661 4184/5505/4136
f 3138/2676/3090 1428/2174/1384 1707/5496/1663
f 4186/5506/4138 1707/5496/1663 1428/2174/1384
f 1708/5500/1664 4182/5498/4134 4186/5507/4138
f 4188/5508/4140 1708/5500/1664 4187/5509/4139
f 1709/5502/1665 4183/5499/4135 4188/5508/4140
f 1275/2673/1231 4190/2776/4142 3135/2778/3087
f 1275/2673/1231 1698/5461/1654 4190/2776/4142
f 1698/5461/1654 4165/2768/4117 1423/2770/1379
f 4165/2768/4117 3216/2765/3168 4160/2769/4112
f 3149/5468/3101 1290/2831/1246 4191/2767/4143
f 4177/5476/4129 1292/5510/1248 4230/5477/4181
f 4192/5511/4144 1292/5510/1248 4177/5476/4129
f 4247/5512/4198 1292/5510/1248 4192/5511/4144
f 4247/5512/4198 4180/5513/4132 1293/5514/1249
f 4247/5512/4198 4192/5511/4144 4180/5513/4132
f 3150/5515/3102 4537/5516/4482 1294/5517/1250
f 1442/4321/1398 1424/4272/1380 3139/4271/3091
f 1295/5518/1251 4189/5519/4141 3218/4270/3170
f 4187/4267/4139 4186/5506/4138 1427/2168/1383
f 3138/2676/3090 1429/2158/1385 1428/2174/1384
f 4194/5520/4146 1277/2666/1233 3137/5521/3089
f 4174/5522/4126 1276/5523/1232 4194/5524/4146
f 4166/5472/4118 1275/2673/1231 1276/5525/1232
f 1276/5525/1232 4174/5473/4126 4166/5472/4118
f 4206/5526/4157 4197/5527/4148 1711/5528/1666
f 4197/5529/4148 4198/5530/4149 4196/5531/4147
f 4201/2780/4152 4206/5532/4157 3220/2781/3172
f 4201/2780/4152 1712/5533/1667 4198/5534/4149
f 4201/2780/4152 4199/5535/4150 1712/5533/1667
f 4199/5536/4150 4204/5537/4155 4200/5538/4151
f 4204/5539/4155 4538/5540/4483 1713/5541/1668
f 1180/5542/1136 4203/5543/4154 4538/5544/4483
f 4204/5545/4155 1713/5546/1668 4202/5547/4153
f 4204/5548/4155 4199/5535/4150 4205/5549/4156
f 4199/5535/4150 4201/2780/4152 4205/5549/4156
f 4095/2686/4047 1431/2791/1387 3220/2781/3172
f 4206/5532/4157 1283/2687/1239 4095/2686/4047
f 4206/5532/4157 1711/5550/1666 4207/5551/4158
f 1283/5552/1239 4207/5553/4158 3143/5554/3095
f 4210/2786/4161 4212/5555/4163 4208/2784/4159
f 1430/2779/1386 1284/2783/1240 4211/2787/4162
f 1430/2779/1386 4211/2787/4162 4209/2789/4160
f 4209/2789/4160 1715/2788/1670 4208/2784/4159
f 4208/2784/4159 1715/2788/1670 3155/2785/3107
f 4211/2787/4162 1285/2717/1241 1715/2788/1670
f 3220/2781/3172 1714/2782/1669 1430/2779/1386
f 1180/5542/1136 4205/5549/4156 4212/5555/4163
f 1285/2717/1241 4216/2797/4167 1715/2788/1670
f 1285/2717/1241 4119/2716/4071 4216/2797/4167
f 1431/2791/1387 4101/2714/4053 1284/2783/1240
f 1431/2791/1387 1284/2783/1240 1714/2782/1669
f 4213/2792/4164 4217/2800/4168 4214/2793/4165
f 1299/2790/1255 4215/2794/4166 1443/2796/1399
f 4213/2792/4164 4219/2740/4170 4217/2800/4168
f 4216/2797/4167 4219/2740/4170 4213/2792/4164
f 1301/2801/1257 1300/2795/1256 1433/2798/1389
f 4215/2794/4166 4217/2800/4168 1433/2798/1389
f 4217/2800/4168 1434/2799/1390 1433/2798/1389
f 4218/2742/4169 3221/2806/3173 1434/2799/1390
f 1433/2798/1389 1432/2808/1388 1301/2801/1257
f 4219/2740/4170 4218/2742/4169 4217/2800/4168
f 1433/2798/1389 4221/2817/4172 1432/2808/1388
f 1432/2808/1388 4221/2817/4172 4227/2809/4178
f 1434/2799/1390 3221/2806/3173 1433/2798/1389
f 1432/2808/1388 4222/2810/4173 3157/2857/3109
f 1302/5556/1258 3157/2857/3109 4222/2810/4173
f 4222/2810/4173 4227/2809/4178 1302/5556/1258
f 1302/5556/1258 4227/2809/4178 4273/2819/4224
f 3148/5443/3100 1287/2754/1243 4220/2807/4171
f 4221/2817/4172 4224/5557/4175 4223/2814/4174
f 4224/5557/4175 4225/2812/4176 4223/2814/4174
f 4226/2813/4177 4227/2809/4178 4223/2814/4174
f 1716/2811/1671 1437/2816/1393 4224/5557/4175
f 1437/2816/1393 1436/2820/1392 4225/2812/4176
f 1436/2820/1392 1303/2818/1259 4226/2813/4177
f 1433/2798/1389 1716/2811/1671 4221/2817/4172
f 3228/2821/3180 4273/2819/4224 1303/2818/1259
f 4227/2809/4178 4226/2813/4177 1303/2818/1259
f 4161/2753/4113 1716/2811/1671 1287/2754/1243
f 1716/2811/1671 4161/2753/4113 1717/2815/1672
f 1717/2815/1672 1288/2764/1244 1289/2763/1245
f 1717/2815/1672 1289/2763/1245 4228/2823/4179
f 4228/2823/4179 4270/2822/4221 3228/2821/3180
f 3222/2824/3174 4270/2822/4221 1438/2766/1394
f 4161/2753/4113 1288/2764/1244 1717/2815/1672
f 1437/2816/1393 1717/2815/1672 4228/2823/4179
f 1436/2820/1392 4228/2823/4179 1435/5558/1391
f 4232/5559/4183 4233/5560/4184 4230/5561/4181
f 4231/2826/4182 1290/2831/1246 4229/5562/4180
f 1718/5563/1673 4233/5560/4184 4234/5564/4185
f 1719/5565/1674 1292/5510/1248 4235/5566/4186
f 4236/5567/4187 4234/5564/4185 1719/5568/1674
f 1305/5569/1261 4235/5566/4186 4291/2829/4242
f 4241/5570/4192 4239/5571/4190 4245/5572/4196
f 4238/2830/4189 4237/5573/4188 4240/5574/4191
f 1723/2828/1678 4238/2830/4189 1722/4324/1677
f 4231/2826/4182 1718/5563/1673 1304/2832/1260
f 1304/2832/1260 1718/5563/1673 4236/5567/4187
f 4291/2829/4242 1723/2828/1678 4242/2834/4193
f 1722/4324/1677 4242/2834/4193 1723/2828/1678
f 1721/5575/1676 1720/5576/1675 4243/5577/4194
f 1720/5576/1675 4241/5578/4192 4244/5579/4195
f 4245/5580/4196 1295/5518/1251 1442/4321/1398
f 4247/5512/4198 1293/5514/1249 3150/5581/3102
f 4237/5582/4188 3150/5515/3102 4246/5583/4197
f 4230/5561/4181 4229/5562/4180 1291/5470/1247
f 1291/5470/1247 4229/5562/4180 3149/5468/3101
f 3149/5468/3101 4229/5562/4180 1290/2831/1246
f 4250/5584/4201 4249/5585/4200 4210/2786/4161
f 4250/5584/4201 4251/5586/4202 4248/5587/4199
f 4250/5584/4201 4252/5588/4203 4251/5586/4202
f 4250/5584/4201 1725/5589/1680 4252/5588/4203
f 4250/5584/4201 4210/2786/4161 4254/2836/4205
f 4255/5590/4206 4250/5584/4201 4254/2836/4205
f 1726/2841/1681 4254/2836/4205 4257/2838/4208
f 1726/2841/1681 4257/2838/4208 4258/2837/4209
f 3223/5591/3175 1180/5542/1136 3154/5592/3106
f 3155/2785/3107 1299/2790/1255 4258/2837/4209
f 1724/5593/1679 4212/5555/4163 4249/5585/4200
f 4258/2837/4209 3224/2842/3176 1311/2901/1267
f 3159/5594/3111 1311/2901/1267 3224/2842/3176
f 1443/2796/1399 4260/5595/4211 3224/2842/3176
f 1443/2796/1399 4262/2803/4213 4260/5595/4211
f 3224/2842/3176 4263/2844/4214 3159/5594/3111
f 4260/5595/4211 4262/2803/4213 4261/2852/4212
f 4264/2845/4215 4261/2852/4212 4262/2803/4213
f 4261/2852/4212 3224/2842/3176 4260/5595/4211
f 3224/2842/3176 4261/2852/4212 4265/2843/4216
f 4263/2844/4214 1444/2846/1400 4266/2847/4217
f 3159/5594/3111 4266/2847/4217 4303/2849/4254
f 4266/2847/4217 4267/2850/4218 1312/2848/1268
f 1300/2795/1256 1301/2801/1257 4262/2803/4213
f 1300/2795/1256 4262/2803/4213 1443/2796/1399
f 4265/2843/4216 1446/2854/1402 4268/2859/4219
f 1444/2846/1400 1445/2855/1401 1727/2853/1682
f 4267/2850/4218 1727/2853/1682 1312/2848/1268
f 3157/2857/3109 1302/5556/1258 3225/2851/3177
f 1728/2860/1683 1445/2855/1401 1729/2858/1684
f 1445/2855/1401 1728/2860/1683 1313/2856/1269
f 4268/2859/4219 1729/2858/1684 1445/2855/1401
f 1446/2854/1402 1447/2862/1403 1729/2858/1684
f 3225/2851/3177 4273/2819/4224 4261/2852/4212
f 4261/2852/4212 4270/2822/4221 1446/2854/1402
f 1729/2858/1684 3227/2864/3179 1728/2860/1683
f 4271/2865/4222 1447/2862/1403 1446/2854/1402
f 4270/2822/4221 4271/2865/4222 1446/2854/1402
f 4274/2869/4225 4269/2861/4220 3226/5596/3178
f 3227/2864/3179 4274/2869/4225 3226/5596/3178
f 4271/2865/4222 4277/5597/4228 4275/2866/4226
f 1730/2872/1685 3227/2864/3179 4275/2866/4226
f 3227/2864/3179 1730/2872/1685 4274/2869/4225
f 4277/5597/4228 1730/2872/1685 4275/2866/4226
f 1730/2872/1685 3229/2867/3181 4274/2869/4225
f 4271/2865/4222 1448/2827/1404 4277/5597/4228
f 4279/2871/4230 4277/5597/4228 1448/2827/1404
f 4280/2875/4231 4276/2870/4227 4278/2868/4229
f 4277/5597/4228 4279/2871/4230 1730/2872/1685
f 4280/2875/4231 3234/2877/3186 4276/2870/4227
f 4279/2871/4230 3230/2833/3182 3229/2867/3181
f 1448/2827/1404 4231/2826/4182 4279/2871/4230
f 4281/2825/4232 4271/2865/4222 4270/2822/4221
f 4280/2875/4231 4278/2868/4229 4283/2878/4234
f 4283/2878/4234 4284/5598/4235 4280/2875/4231
f 4280/2875/4231 4284/5598/4235 4282/2876/4233
f 1731/2879/1686 1304/2832/1260 4292/5599/4243
f 4283/2878/4234 1731/2879/1686 4284/5598/4235
f 4284/5598/4235 1731/2879/1686 1732/5600/1687
f 4286/5601/4237 4292/5599/4243 4285/5602/4236
f 4286/5601/4237 1732/5600/1687 1731/2879/1686
f 4316/2881/4267 1732/5600/1687 4287/5603/4238
f 4284/5598/4235 1732/5600/1687 4316/2881/4267
f 4290/5604/4241 4285/5605/4236 4289/2883/4240
f 4287/5603/4238 1732/5600/1687 4288/5606/4239
f 3233/2880/3185 4284/5598/4235 4316/2881/4267
f 4317/2913/4268 4316/2881/4267 4287/5603/4238
f 4328/5607/4279 4288/5606/4239 3231/5608/3183
f 4328/5609/4279 3231/2203/3183 1453/4356/1409
f 3231/2203/3183 4288/5610/4239 4290/5604/4241
f 3359/2193/3311 3231/2203/3183 4290/5604/4241
f 1304/2832/1260 4236/5567/4187 4292/5599/4243
f 1731/2879/1686 3230/2833/3182 1304/2832/1260
f 1310/5611/1266 4293/2884/4244 1733/2886/1688
f 1310/2887/1266 1735/5612/1690 4294/2888/4245
f 4295/5613/4246 1310/2840/1266 3158/2839/3110
f 4295/5613/4246 4296/2898/4247 1310/2840/1266
f 1735/5614/1690 1310/2840/1266 4296/2898/4247
f 4296/2890/4247 4297/5615/4248 1736/2891/1691
f 4296/2893/4247 4302/5616/4253 4298/2894/4249
f 4295/5613/4246 3158/2839/3110 4299/2900/4250
f 4300/2896/4251 4295/5613/4246 4301/2929/4252
f 4295/5613/4246 4300/2896/4251 4296/2898/4247
f 4301/2929/4252 4299/2900/4250 1449/2899/1405
f 4300/2896/4251 3163/5617/3115 4302/2897/4253
f 1449/2899/1405 1454/2928/1410 4301/2929/4252
f 1726/2841/1681 1310/2840/1266 1309/5618/1265
f 1733/5619/1688 1309/5618/1265 1310/2840/1266
f 4258/2837/4209 1311/2901/1267 1449/2899/1405
f 1311/2901/1267 3159/5594/3111 4304/2902/4255
f 4303/2849/4254 1312/2848/1268 4304/2902/4255
f 4303/2849/4254 4304/2902/4255 3159/5594/3111
f 4307/2903/4258 4305/2906/4256 1316/2904/1272
f 1313/2856/1269 4269/2861/4220 4306/2873/4257
f 4306/2873/4257 4309/2874/4260 4310/5620/4261
f 4306/2873/4257 4310/5620/4261 4307/2903/4258
f 4309/2874/4260 4312/5621/4263 4310/5620/4261
f 4310/5620/4261 4312/5621/4263 4313/2909/4264
f 4310/5620/4261 4313/2909/4264 4311/2905/4262
f 4308/2907/4259 4313/2909/4264 4322/5622/4273
f 4308/2907/4259 4322/5622/4273 1317/2908/1273
f 4307/2903/4258 4310/5620/4261 4311/2905/4262
f 4322/5622/4273 1737/2910/1692 4323/2912/4274
f 1317/2908/1273 4322/5622/4273 4323/2912/4274
f 3234/2877/3186 3233/2880/3185 4312/5621/4263
f 4314/2882/4265 4315/2914/4266 4313/2909/4264
f 4315/2914/4266 4318/2915/4269 4313/2909/4264
f 4322/5622/4273 4318/2915/4269 1737/2910/1692
f 4318/2915/4269 4320/2918/4271 1738/2911/1693
f 4321/5623/4272 4324/2917/4275 1739/2916/1694
f 4318/2915/4269 4319/2919/4270 4320/2918/4271
f 3233/2880/3185 4314/2882/4265 4313/2909/4264
f 4313/2909/4264 4318/2915/4269 4322/5622/4273
f 1320/5624/1276 1319/2920/1275 4324/2917/4275
f 1321/5625/1277 1320/5624/1276 4325/5626/4276
f 4327/2218/4278 3236/2219/3188 4319/2919/4270
f 4327/2218/4278 4328/5607/4279 1452/2210/1408
f 4328/5607/4279 4327/2218/4278 4319/2919/4270
f 4319/2919/4270 4287/5603/4238 4328/5607/4279
f 4287/5603/4238 4319/2919/4270 4317/2913/4268
f 1740/5627/1695 4341/5628/4288 4333/2925/4281
f 4340/2923/4287 4335/2927/4283 4334/2924/4282
f 4336/5629/4284 4335/2927/4283 4339/5630/4286
f 4340/2923/4287 4341/5628/4288 4300/2896/4251
f 3240/2926/3192 4339/5630/4286 4335/2927/4283
f 4343/5631/4290 3240/2926/3192 4340/2923/4287
f 1454/2928/1410 4343/5631/4290 4340/2923/4287
f 4340/2923/4287 4333/2925/4281 4341/5628/4288
f 4342/2930/4289 1741/5632/1696 1454/2928/1410
f 4343/5631/4290 3239/5633/3191 3240/2926/3192
f 1741/5632/1696 4343/5631/4290 1454/2928/1410
f 3237/5634/3189 3238/5635/3190 1741/5632/1696
f 4344/2933/4291 3070/5636/3022 4342/2930/4289
f 4342/2930/4289 3070/5636/3022 1741/5632/1696
f 4441/5637/4388 3071/2932/3023 4345/2935/4292
f 4342/2930/4289 1455/2931/1411 4344/2933/4291
f 4344/2933/4291 3071/2932/3023 1204/2997/1160
f 1455/2931/1411 1742/2934/1697 3071/2932/3023
f 1449/2899/1405 1312/2848/1268 1455/2931/1411
f 3072/5638/3024 4441/5637/4388 4345/2935/4292
f 1742/2934/1697 4346/2937/4293 4345/2935/4292
f 1312/2848/1268 1316/2904/1272 1455/2931/1411
f 1455/2931/1411 1316/2904/1272 3241/5639/3193
f 4347/2936/4294 1742/2934/1697 4350/2942/4297
f 4350/2942/4297 1455/2931/1411 1744/5640/1699
f 3241/5639/3193 1744/5640/1699 1455/2931/1411
f 4350/2942/4297 4349/2941/4296 4351/2944/4298
f 4353/2940/4300 4350/2942/4297 1744/5640/1699
f 1316/2904/1272 4305/2906/4256 3241/5639/3193
f 4351/5641/4298 4352/5642/4299 4348/5643/4295
f 3241/5639/3193 4305/2906/4256 4363/5644/4310
f 4357/5645/4304 4352/5642/4299 4354/5646/4301
f 3073/5647/3025 3072/5648/3024 4346/5649/4293
f 4355/5650/4302 4488/5651/4433 3073/5647/3025
f 4348/5643/4295 4356/5652/4303 4355/5650/4302
f 4352/5642/4299 4357/5645/4304 4356/5652/4303
f 3242/5653/3194 1174/5654/1130 3074/3004/3026
f 3243/5655/3195 4354/5646/4301 1456/5656/1412
f 1456/5657/1412 4349/2941/4296 4353/2940/4300
f 1745/5658/1700 3241/5639/3193 4363/5644/4310
f 4360/5659/4307 4358/5660/4305 4387/5661/4334
f 4361/5662/4308 4387/5661/4334 4364/5663/4311
f 4368/5664/4315 4539/5665/4484 4362/5666/4309
f 4363/5644/4310 4366/5667/4313 1745/5658/1700
f 4369/5668/4316 4364/5663/4311 4366/5667/4313
f 4367/5669/4314 4361/5670/4308 4364/5671/4311
f 4370/5672/4317 4365/5673/4312 4367/5669/4314
f 4368/5674/4315 4362/5666/4309 4365/5673/4312
f 1746/5675/1701 4363/5644/4310 4378/5676/4325
f 4373/5677/4320 4369/5678/4316 4366/5679/4313
f 4372/5680/4319 4367/5669/4314 4369/5678/4316
f 4374/5681/4321 4370/5672/4317 4372/5680/4319
f 4371/5682/4318 4368/5683/4315 4370/5684/4317
f 4375/5685/4322 4366/5667/4313 4379/5686/4326
f 4380/5687/4327 4373/5677/4320 4375/5688/4322
f 4376/5689/4323 4372/5680/4319 4373/5677/4320
f 4386/5690/4333 4377/5691/4324 4374/5692/4321
f 4377/5691/4324 4371/5682/4318 4374/5692/4321
f 4377/5691/4324 4390/5693/4337 4371/5682/4318
f 4377/5691/4324 4391/5694/4338 4390/5693/4337
f 4384/5695/4331 4379/5686/4326 1747/5696/1702
f 4381/5697/4328 4375/5688/4322 4379/5698/4326
f 4385/5699/4332 4380/5687/4327 4381/5697/4328
f 4382/5700/4329 4376/5689/4323 4380/5687/4327
f 4386/5690/4333 4391/5694/4338 4377/5691/4324
f 4359/5701/4306 3243/5655/3195 4388/5702/4335
f 4389/5703/4336 1205/2946/1161 1174/5654/1130
f 4389/5703/4336 4539/5704/4484 1205/2946/1161
f 4539/5704/4484 4390/2947/4337 1205/2946/1161
f 4391/2945/4338 1206/3014/1162 1205/2946/1161
f 3244/5705/3196 4386/5690/4333 4392/5706/4339
f 3245/5707/3197 4385/5699/4332 1457/5708/1413
f 1457/5708/1413 4381/5697/4328 4384/5709/4331
f 1458/5710/1414 1747/5696/1702 4383/5711/4330
f 4323/2912/4274 3247/5712/3199 4378/5676/4325
f 1317/2908/1273 4323/2912/4274 4378/5676/4325
f 1751/5713/1706 1748/5714/1703 4398/5715/4345
f 4395/5716/4342 4397/5717/4344 3244/5705/3196
f 4400/5718/4347 3244/5705/3196 4397/5717/4344
f 4412/5719/4359 4399/5720/4346 1751/5721/1706
f 4395/5716/4342 4404/5722/4351 4397/5717/4344
f 4397/5717/4344 4405/5723/4352 4400/5718/4347
f 4406/5724/4353 4391/5694/4338 4400/5718/4347
f 4410/5725/4357 4402/5726/4349 1752/5727/1707
f 4391/5694/4338 4406/5724/4353 4427/5728/4374
f 1754/5729/1709 4407/5730/4354 4410/5731/4357
f 4395/5716/4342 4417/5732/4364 4404/5722/4351
f 4409/5733/4356 4406/5724/4353 4405/5723/4352
f 1754/5734/1709 4410/5735/4357 1753/5736/1708
f 4416/5737/4363 4411/5738/4358 1754/5739/1709
f 4413/5740/4360 4421/5741/4368 4412/5719/4359
f 4412/5719/4359 4414/5742/4361 4395/5716/4342
f 4412/5719/4359 4421/5741/4368 4414/5742/4361
f 1755/5743/1710 4405/5744/4352 4417/5745/4364
f 4418/5746/4365 4409/5747/4356 1755/5748/1710
f 1757/5749/1712 4415/5750/4362 1756/5751/1711
f 4416/5752/4363 4420/5753/4367 4413/5740/4360
f 4421/5741/4368 1758/2950/1713 4414/5742/4361
f 4414/5742/4361 4419/5754/4366 4417/5732/4364
f 4425/2949/4372 1755/5755/1710 4419/5754/4366
f 1755/5755/1710 4422/5756/4369 4418/5757/4365
f 1755/5755/1710 1759/5758/1714 4422/5756/4369
f 4420/5753/4367 4415/5759/4362 4423/5760/4370
f 4421/5741/4368 4420/5753/4367 4424/4234/4371
f 1758/2950/1713 4421/5741/4368 3250/4236/3202
f 1758/2950/1713 4425/2949/4372 4419/5754/4366
f 4429/5761/4376 4422/5756/4369 1759/5758/1714
f 1748/5714/1703 1458/5762/1414 4393/5763/4340
f 4400/5718/4347 4386/5690/4333 3244/5705/3196
f 1206/3014/1162 4391/2945/4338 4427/5764/4374
f 4492/5765/4437 1206/5766/1162 4427/5767/4374
f 3075/5768/3027 4492/5765/4437 4427/5767/4374
f 4409/5769/4356 1207/5770/1163 4406/5771/4353
f 4406/5771/4353 1207/5770/1163 3075/5772/3027
f 4428/3017/4375 1207/5773/1163 4418/5746/4365
f 4422/5774/4369 4428/3017/4375 4418/5746/4365
f 1759/5758/1714 3248/5775/3200 4429/5761/4376
f 1759/5758/1714 4425/2949/4372 3249/2948/3201
f 1759/5758/1714 3249/2948/3201 3253/4220/3205
f 4431/5776/4378 4430/5777/4377 4432/5778/4379
f 4431/5776/4378 1459/4235/1415 4430/5777/4377
f 3251/4409/3203 4432/5779/4379 1322/5780/1278
f 4432/5781/4379 1757/5749/1712 4433/5782/4380
f 4433/5783/4380 4434/5784/4381 1320/5624/1276
f 1757/5749/1712 1756/5751/1711 4433/5782/4380
f 4434/5784/4381 4435/5785/4382 1319/2920/1275
f 1756/5786/1711 1753/5787/1708 4434/5788/4381
f 4435/5785/4382 1318/2921/1274 1319/2920/1275
f 1753/5789/1708 1752/5727/1707 4435/5785/4382
f 4323/2912/4274 1318/2921/1274 3247/5712/3199
f 1318/2921/1274 1750/5790/1705 3247/5712/3199
f 600/2953/557 1325/2952/1281 1181/4445/1137
f 4445/5791/4392 600/2953/557 1181/4445/1137
f 612/1217/569 4445/2955/4392 4446/5792/4393
f 4446/5792/4393 2130/1209/2085 612/1217/569
f 4447/5793/4394 3051/5794/3004 1760/3057/1715
f 3051/4239/3004 1182/4240/1138 613/5795/570
f 1761/3077/1716 1806/1120/1761 4449/3044/4396
f 4449/3044/4396 1183/2134/1139 4450/2138/4397
f 4452/5796/4399 4453/2957/4400 618/5797/575
f 1763/2961/1718 1762/3085/1717 4454/2960/4401
f 1763/2961/1718 4454/2960/4401 3052/2143/3005
f 2025/1112/1980 3052/2143/3005 4455/2962/4402
f 4455/2962/4402 3052/2143/3005 3053/2964/3006
f 4455/2962/4402 4456/2963/4403 1764/1356/1719
f 4456/2963/4403 4455/2962/4402 3053/2964/3006
f 1765/2965/1720 4456/5798/4403 1185/2966/1141
f 4457/5799/4404 3558/4649/3510 1186/4654/1142
f 4457/5799/4404 1185/4657/1141 3558/4649/3510
f 4457/5800/4404 1766/5801/1721 620/2967/577
f 4459/5802/4406 623/5803/580 3054/5804/3007
f 624/5805/581 4459/5806/4406 3055/5807/3008
f 3167/4569/3119 1897/1305/1852 3056/5808/3009
f 3057/5809/3010 626/5810/583 625/5811/582
f 3058/4574/3011 4461/3358/4408 4460/5812/4407
f 4461/3358/4408 3497/4573/3449 2221/1290/2176
f 2222/1282/2177 4462/4579/4409 4463/5813/4410
f 3059/5814/3012 4463/5815/4410 4462/5816/4409
f 4463/5815/4410 3059/5814/3012 3166/5817/3118
f 4463/5813/4410 4464/2972/4411 772/1279/729
f 4464/2972/4411 628/2971/585 772/1279/729
f 4465/2974/4412 4464/5818/4411 1187/2975/1143
f 1768/1265/1723 628/2971/585 4465/2973/4412
f 3061/5819/3014 4438/5820/4385 4466/5821/4413
f 4438/5822/4385 4467/5823/4414 1769/5824/1724
f 4468/5825/4415 1189/5826/1145 4469/5827/4416
f 4469/4485/4416 1770/1257/1725 632/3302/589
f 3062/2978/3015 4470/2977/4417 4439/5828/4386
f 4471/5829/4418 4470/2977/4417 3063/2979/3016
f 1190/5830/1146 3435/5831/3387 4472/2980/4419
f 3435/5831/3387 3451/2981/3403 4472/2980/4419
f 1771/2951/1726 3451/2981/3403 1325/2952/1281
f 3049/5832/3002 636/2984/593 4436/2983/4383
f 1192/5833/1148 4473/2987/4420 1191/2986/1147
f 1772/2988/1727 4473/2987/4420 4474/2989/4421
f 1193/5834/1149 4474/2989/4421 4473/2987/4420
f 4474/2989/4421 1193/5834/1149 1194/5835/1150
f 1194/5836/1150 1172/5837/1128 638/2990/595
f 4475/5838/4422 3598/5839/3550 4476/5840/4423
f 640/4723/597 3601/4722/3553 1774/5841/1729
f 3601/5842/3553 1195/5843/1151 1774/5844/1729
f 1196/5845/1152 601/5846/558 4477/5847/4424
f 1198/2471/1154 3064/2473/3017 642/2994/599
f 643/5848/600 1777/2991/1732 3065/2993/3018
f 3065/2995/3018 3064/2473/3017 1199/2474/1155
f 3066/5849/3019 645/5850/602 1778/3705/1733
f 1200/5050/1156 4479/5851/4426 3066/5852/3019
f 3067/5853/3020 3068/5854/3021 4480/5855/4427
f 4481/5856/4428 4482/5857/4429 647/5858/604
f 1201/2586/1157 4482/5859/4429 4481/5860/4428
f 1781/5861/1736 647/5858/604 4482/5857/4429
f 4482/5859/4429 1201/2586/1157 3981/2576/3933
f 1784/5862/1739 4440/5414/4387 1202/5413/1158
f 3070/5636/3022 4487/5863/4432 4486/5864/4431
f 1787/5865/1742 4487/5866/4432 4441/5867/4388
f 4441/5867/4388 4487/5866/4432 1204/5868/1160
f 3072/5648/3024 3073/5647/3025 4441/5869/4388
f 648/2998/605 4441/2996/4388 3073/2999/3025
f 3073/2999/3025 1788/2062/1743 649/2061/606
f 4488/5870/4433 1789/5871/1744 1788/2062/1743
f 1789/3000/1744 4489/3003/4434 4490/3001/4435
f 1174/3008/1130 3012/5872/2965 4490/5873/4435
f 3012/5872/2965 1174/3008/1130 4491/3010/4436
f 650/3011/607 3012/5872/2965 4491/3010/4436
f 4491/3013/4436 1205/2946/1161 1206/3014/1162
f 4492/3012/4437 3075/5874/3027 650/3011/607
f 3075/5772/3027 1207/5770/1163 651/5875/608
f 652/3016/609 3045/4210/2998 651/5876/608
f 1207/5773/1163 4428/3017/4375 652/3016/609
f 4493/3021/4438 4494/3022/4439 1995/5877/1950
f 4494/3022/4439 4495/3024/4440 654/5878/611
f 4495/3024/4440 3076/3023/3028 3077/3025/3029
f 1209/4422/1165 656/5879/613 4497/4420/4442
f 1210/5880/1166 3079/5881/3031 657/5882/614
f 658/5883/615 4498/5884/4443 659/5885/616
f 4498/5886/4443 660/3265/617 659/3264/616
f 1211/5887/1167 1212/5888/1168 660/5889/617
f 660/3265/617 4442/3031/4389 1878/1174/1833
f 1795/3214/1750 661/3213/618 1796/5890/1751
f 4500/5891/4445 662/5892/619 1797/5893/1752
f 4500/5891/4445 1798/5894/1753 662/5892/619
f 663/5895/620 3081/5896/3033 1213/4338/1169
f 3082/5897/3034 4502/5898/4447 665/5899/622
f 665/3175/622 4502/5900/4447 2068/1159/2023
f 4503/4342/4448 1802/5901/1757 1801/5902/1756
f 4503/5903/4448 3357/5904/3309 1802/5905/1757
f 3357/5904/3309 1282/4280/1238 1802/5905/1757
f 3084/5906/3036 4504/3036/4449 1803/3035/1758
f 4505/5907/4450 4504/4281/4449 1214/2162/1170
f 4505/3037/4450 4443/5908/4390 1804/5909/1759
f 1214/5910/1170 4443/5908/4390 4505/3037/4450
f 1805/1146/1760 1804/1145/1759 4443/5911/4390
f 4444/3042/4391 1214/2162/1170 3085/2152/3037
f 4506/3043/4451 3085/2152/3037 1215/2151/1171
f 873/3046/830 876/3045/833 1976/4212/1931
f 1982/1087/1937 1997/1086/1952 879/1090/836 1990/3049/1945
f 1979/3052/1934 877/3047/834 873/3046/830
f 1980/3048/1935 876/3045/833 1981/1072/1936
f 1989/1080/1944 878/1079/835 874/5912/831
f 1985/1099/1940 2003/1098/1958 1980/3048/1935
f 1983/1074/1938 1980/3048/1935 1981/1072/1936
f 1990/3049/1945 879/1090/836 880/3060/837 1993/3062/1948
f 1986/1077/1941 1985/1099/1940 1983/1074/1938
f 1986/1077/1941 2002/1082/1957 1985/1099/1940
f 1992/1078/1947 1994/1081/1949 1988/1076/1943
f 1994/1081/1949 1986/1077/1941 1988/1076/1943
f 1991/3051/1946 1989/1080/1944 875/5913/832
f 1978/4213/1933 1977/4197/1932 1976/4212/1931 1996/3064/1951
f 1993/3062/1948 1991/3050/1946 1990/3049/1945
f 2000/1085/1955 1994/1081/1949 1992/1078/1947
f 1995/3063/1950 1991/3051/1946 1993/5914/1948
f 1996/3064/1951 1884/3065/1839 1978/4213/1933
f 872/5915/829 875/1070/832 874/1069/831 1975/5916/1930
f 876/3045/833 1996/3064/1951 1976/4212/1931
f 873/3046/830 1976/4212/1931 3046/2097/2999
f 1979/3052/1934 1975/2095/1930 874/5912/831
f 1974/1088/1929 1982/1087/1937 875/1070/832 872/5915/829
f 1974/1088/1929 871/4200/828 1997/1086/1952
f 2007/1104/1962 2021/3079/1976 666/1123/623 883/3068/840
f 1973/3053/1928 653/5917/610 1760/3057/1715
f 1997/3054/1952 1973/3053/1928 1998/3056/1953
f 1997/1086/1952 1998/5918/1953 1999/1089/1954
f 614/1092/571 879/1090/836 1999/1089/1954
f 2001/1093/1956 760/1097/717 881/1083/838
f 2002/1082/1957 759/1096/716 1985/1099/1940
f 759/1096/716 758/3253/715 2003/1098/1958
f 876/3045/833 2003/1098/1958 2125/1100/2080
f 2003/1098/1958 758/3253/715 911/1101/868
f 2004/5919/1959 882/3067/839 2020/3066/1975
f 2004/5919/1959 2010/3070/1965 884/1103/841 779/3081/736
f 2007/1104/1962 2006/1102/1961 2021/3079/1976
f 882/3067/839 2009/1107/1964 2005/1371/1960
f 2016/1108/1971 2011/3069/1966 2012/3071/1967 2017/3076/1972
f 2010/3070/1965 882/3067/839 2004/5919/1959
f 2006/1102/1961 779/3081/736 884/1103/841
f 2010/3070/1965 2011/3069/1966 882/3067/839
f 2013/1106/1968 2007/1104/1962 884/1103/841
f 2015/3074/1970 2017/3076/1972 2012/3071/1967
f 2020/3066/1975 780/1370/737 779/3081/736 2004/5919/1959
f 2013/1106/1968 2015/3074/1970 2012/3071/1967
f 2018/5920/1973 616/3073/573 2016/1108/1971
f 2017/3076/1972 2018/5920/1973 2016/1108/1971
f 2019/3072/1974 2014/1105/1969 2022/1130/1977 2032/1121/1987
f 2022/1130/1977 2014/1105/1969 883/3068/840
f 616/3073/573 2018/5920/1973 2017/3076/1972 615/3082/572
f 1806/1120/1761 1761/3077/1716 2032/1121/1987
f 2031/3086/1986 887/1129/844 1805/1146/1760 1806/1120/1761
f 2023/3075/1978 615/3082/572 2017/3076/1972
f 618/3084/575 2024/1109/1979 617/3083/574
f 1762/3085/1717 1763/2961/1718 2024/1109/1979
f 800/1125/757 4507/1124/4452 2455/1531/2410
f 2044/3110/1999 2047/3109/2002 2048/3115/2003 2046/3097/2001
f 2038/1138/1993 2036/1144/1991 831/3087/788
f 1848/1150/1803 2041/1132/1996 711/1142/668
f 1804/1145/1759 2041/1132/1996 1848/1150/1803
f 890/1147/847 888/3094/845 4508/3093/4453
f 888/3094/845 2043/5921/1998 2045/3095/2000
f 1950/3092/1905 2051/3104/2006 2046/3097/2001
f 2046/3097/2001 2051/3104/2006 2044/3110/1999
f 2045/3096/2000 2046/3097/2001 2048/3115/2003
f 2049/3099/2004 4508/3093/4453 2048/3098/2003 892/3100/849
f 1848/1150/1803 2050/1148/2005 2049/3099/2004 2054/3102/2009
f 1864/3179/1819 1865/3178/1820 892/5922/849 2053/3116/2008
f 2042/1881/1997 1106/1880/1063 888/3094/845
f 2042/1881/1997 888/3094/845 890/1147/847
f 2051/3104/2006 1872/3105/1827 849/4067/806
f 2052/3108/2007 849/5923/806 2071/5924/2026
f 2051/3107/2006 849/5923/806 2052/3108/2007
f 2052/3108/2007 2071/5924/2026 1863/3182/1818
f 2048/3115/2003 2047/3109/2002 725/3113/682
f 2048/3115/2003 725/3113/682 2053/3116/2008
f 2053/3116/2008 725/3113/682 1864/3179/1819
f 893/3101/850 892/3100/849 1865/5925/1820 1866/5926/1821
f 894/5927/851 897/1153/854 896/1155/853 2081/3180/2036
f 1866/5926/1821 2054/3102/2009 893/3101/850
f 1803/1151/1758 1848/1150/1803 2054/3102/2009
f 2057/3120/2012 2073/3122/2028 2060/3121/2015
f 2058/5928/2013 2075/3129/2030 2059/3128/2014
f 2082/3135/2037 2056/3132/2011 2060/3131/2015
f 894/3134/851 2060/3131/2015 895/5929/852
f 2060/3121/2015 2058/3123/2013 2061/3137/2016
f 2061/3137/2016 2058/3123/2013 2059/3138/2014
f 2062/1178/2017 1873/3145/1828 2064/3144/2019 2059/5930/2014
f 894/3134/851 895/5929/852 2063/3142/2018
f 2061/3150/2016 2067/3149/2022 2066/3147/2021 895/5929/852
f 2065/1157/2020 896/1155/853 898/1154/855
f 2063/3142/2018 895/5929/852 2066/3147/2021
f 1957/5931/1912 2073/5932/2028 2072/5933/2027 1958/5934/1913
f 1865/3178/1820 2065/1157/2020 2079/3153/2034
f 899/1156/856 2066/3154/2021 900/1160/857
f 2067/3155/2022 739/3158/696 901/3156/858
f 2078/5935/2033 2079/3153/2034 899/1156/856
f 2078/5935/2033 899/1156/856 2068/1159/2023
f 901/3156/858 739/3158/696 2070/3157/2025
f 849/4067/806 1959/3161/1914 2071/3119/2026
f 2071/3119/2026 1959/3161/1914 2072/3160/2027
f 2057/3120/2012 2072/3160/2027 2073/3122/2028
f 2071/3119/2026 2072/3160/2027 2057/3120/2012
f 2887/3163/2842 2074/5936/2029 2073/5937/2028 1957/4066/1912
f 2070/3157/2025 1799/4340/1754 664/3174/621 901/3156/858
f 2074/5936/2029 2887/3163/2842 2075/3129/2030
f 738/3130/695 610/1957/567 857/1956/814
f 663/3169/620 2076/3159/2031 2093/3170/2048
f 901/3156/858 664/3174/621 2077/3173/2032 2069/1158/2024
f 1799/4340/1754 2070/3157/2025 663/3169/620
f 2079/3153/2034 2078/5935/2033 1800/5938/1755 1801/5902/1756
f 665/3175/622 2077/3173/2032 3082/3172/3034
f 1800/5938/1755 2078/5935/2033 2068/1159/2023
f 2080/5939/2035 2079/5940/2034 1801/5941/1756 1802/3117/1757
f 2080/5939/2035 2054/3102/2009 1866/5926/1821
f 904/1162/861 905/3195/862 2102/5942/2057 903/3189/860
f 1802/3117/1757 2054/3102/2009 2080/5939/2035
f 1866/3177/1821 1865/3178/1820 2079/3153/2034
f 1864/3179/1819 896/1155/853 2065/1157/2020
f 1864/3179/1819 2081/3180/2036 896/1155/853
f 725/3113/682 1863/3112/1818 2081/3180/2036
f 1863/3182/1818 2071/5924/2026 2056/3132/2011
f 2086/3183/2041 2103/3184/2058 856/3186/813
f 1877/1194/1832 2083/3185/2038 745/1184/702
f 2088/1163/2043 2087/3188/2042 2089/1161/2044
f 903/3189/860 2088/1163/2043 904/1162/861
f 905/5943/862 907/3193/864 2090/3192/2045 2102/3166/2057
f 2096/3199/2051 2101/3212/2056 662/5944/619 2095/3191/2050
f 905/3195/862 904/1162/861 2091/1166/2046
f 748/3234/705 906/1164/863 747/1189/704
f 908/3190/865 906/1164/863 748/3234/705
f 2093/5945/2048 2090/3192/2045 2095/3191/2050
f 2091/3197/2046 2096/3199/2051 907/3193/864
f 2095/3191/2050 907/3193/864 2096/3199/2051
f 2094/3201/2049 908/3190/865 748/3234/705
f 738/3130/695 857/1956/814 2103/3184/2058
f 2083/3185/2038 1963/3204/1918 1962/3206/1917
f 2100/3207/2055 2099/3205/2054 1881/5946/1836
f 2094/3201/2049 748/3234/705 2119/5947/2074
f 661/3210/618 2098/5948/2053 749/3208/706
f 1795/5949/1750 2101/5950/2056 2098/5951/2053
f 2101/3212/2056 2096/3199/2051 2097/3198/2052
f 2102/3166/2057 2090/3192/2045 1874/5952/1829 739/3167/696
f 662/5944/619 2101/3212/2056 1797/3218/1752
f 1798/5953/1753 2095/3191/2050 662/5944/619
f 1874/5952/1829 2090/3192/2045 2093/5945/2048
f 2100/1167/2055 2104/3247/2059 912/5954/869 745/1168/702
f 1873/3145/1828 902/3187/859 903/3189/860
f 2084/1176/2039 738/3130/695 2103/3184/2058
f 2104/3247/2059 2100/1167/2055 2124/1192/2079
f 2104/3247/2059 909/3223/866 2105/3222/2060 912/5954/869
f 2108/3229/2063 914/3230/871 2126/3254/2081 915/5955/872
f 913/3225/870 910/5956/867 860/3226/817
f 2108/1187/2063 2105/3228/2060 910/5957/867
f 2108/1187/2063 910/5957/867 913/1185/870
f 2111/3233/2066 2109/3231/2064 2105/3228/2060
f 915/5958/872 2111/3233/2066 2108/1187/2063
f 2113/1190/2068 2114/3236/2069 2117/5959/2072 2116/1191/2071
f 748/3234/705 2112/1188/2067 2115/3235/2070
f 2113/1190/2068 2110/3232/2065 2111/3233/2066
f 2114/3236/2069 2111/3233/2066 915/5958/872
f 2115/5960/2070 2116/5961/2071 916/5962/873 2120/5963/2075
f 2119/1171/2074 748/5964/705 2115/3243/2070
f 2116/5961/2071 2117/3240/2072 2123/3245/2078 2121/5965/2076
f 916/5962/873 2116/5961/2071 2121/5965/2076
f 2128/3263/2083 916/5962/873 2121/5965/2076
f 2123/3245/2078 2122/3244/2077 656/3260/613 1794/5966/1749
f 2127/3255/2082 2118/3258/2073 915/3256/872
f 909/3223/866 862/3248/819 861/3246/818
f 2125/3251/2080 860/3226/817 2970/3252/2925
f 760/1097/717 2126/3254/2081 759/1096/716
f 760/1097/717 915/3256/872 2126/3254/2081
f 2001/1093/1956 2127/3255/2082 760/1097/717
f 655/1095/612 2127/3255/2082 2001/1093/1956
f 1793/3259/1748 2122/3244/2077 2118/3238/2073
f 655/1095/612 1793/3257/1748 2127/3255/2082
f 2121/5965/2076 2123/3245/2078 1794/5966/1749 657/3261/614
f 2141/1208/2096 2142/1211/2097 2133/1200/2088 917/5967/874
f 657/3261/614 2128/3263/2083 2121/5965/2076
f 658/3262/615 916/5962/873 2128/3263/2083
f 658/5968/615 659/3264/616 916/5969/873
f 659/3264/616 2120/3241/2075 916/5969/873
f 660/3265/617 2129/3242/2084 2120/3241/2075
f 2141/1208/2096 2132/1218/2087 2130/1209/2085
f 917/5967/874 2132/1218/2087 2141/1208/2096
f 920/1204/877 2135/1199/2090 2136/1198/2091 919/3269/876
f 2143/1197/2098 2133/1200/2088 2142/1211/2097
f 917/5967/874 2137/1201/2092 2132/1218/2087
f 2134/3266/2089 917/5967/874 2133/1200/2088
f 2134/3266/2089 2137/1201/2092 917/5967/874
f 922/1225/879 923/3282/880 2147/3274/2102 2150/1226/2105
f 919/3269/876 2136/1198/2091 668/1213/625
f 2144/1203/2099 2138/3268/2093 2137/1201/2092
f 764/3270/721 921/1202/878 918/3267/875
f 2142/1211/2097 637/3271/594 1772/1210/1727
f 667/1212/624 2136/1198/2091 2131/1196/2086
f 2139/1205/2094 919/3269/876 668/1213/625
f 2138/3268/2093 611/1219/568 2137/1201/2092
f 2149/3273/2104 2146/1223/2101 2147/3274/2102
f 2150/1226/2105 2146/1223/2101 763/1206/720
f 2155/1230/2110 2153/3277/2108 2159/3280/2114 2160/1241/2115
f 2152/1244/2107 2162/1221/2117 2148/1224/2103
f 924/3275/881 2149/3273/2104 2147/3274/2102
f 2153/3277/2108 2152/1244/2107 924/3275/881
f 2153/3277/2108 2155/1230/2110 2152/1244/2107
f 2151/3278/2106 2154/1233/2109 924/3275/881
f 925/1234/882 2154/1233/2109 2151/3278/2106
f 2163/1222/2118 2162/1221/2117 635/3289/592 1771/1236/1726
f 2159/3280/2114 2153/3277/2108 2154/1233/2109
f 2146/1223/2101 765/1216/722 764/3270/721
f 922/1225/879 2139/1205/2094 782/1215/739
f 922/1225/879 763/1206/720 2139/1205/2094
f 2151/5970/2106 1808/5971/1763 2157/5972/2112
f 766/3281/723 2157/3279/2112 2158/1261/2113
f 2173/1259/2128 767/1258/724 766/5973/723
f 2161/1245/2116 2162/1221/2117 2152/1244/2107
f 2161/1245/2116 635/3289/592 2162/1221/2117
f 2170/3301/2125 2167/5974/2122 2168/3299/2123 673/3298/630
f 2164/3294/2119 926/1251/883 928/1250/885
f 4510/1262/4455 2172/1246/2127 2173/1263/2128
f 2168/3292/2123 2167/3290/2122 671/1247/628
f 928/1250/885 927/1249/884 2166/3295/2121
f 929/1254/886 928/1250/885 1890/1252/1845
f 2170/5975/2125 2169/3296/2124 2167/3290/2122
f 2175/3293/2130 929/1254/886 770/1253/727 2176/3312/2131
f 632/5976/589 926/1251/883 2164/3294/2119 631/3314/588
f 2169/3296/2124 930/1273/887 2166/3295/2121
f 2171/5977/2126 2169/5978/2124 2170/3301/2125
f 2171/5977/2126 1889/5979/1844 2169/5978/2124
f 2171/5977/2126 2170/3301/2125 2174/3300/2129
f 768/1242/725 926/1251/883 1886/1243/1841
f 2158/1261/2113 2173/1263/2128 766/3281/723
f 672/3303/629 1809/3297/1764 2361/3512/2316
f 2358/1421/2313 2174/3305/2129 1810/3304/1765
f 1887/3307/1842 2171/3309/2126 2174/3305/2129
f 2171/5977/2126 1888/5980/1843 1889/5979/1844
f 630/3311/587 2175/3293/2130 2176/3312/2131
f 2179/3321/2134 2196/3320/2151 932/3338/889 2182/3325/2137
f 931/3315/888 2200/3310/2155 770/1253/727
f 2181/3316/2136 769/1275/726 2177/1274/2132 2180/3323/2135
f 2186/3322/2141 2187/3324/2142 2190/1270/2145 2184/1268/2139
f 2180/3323/2135 2177/1274/2132 2179/3321/2134
f 2183/1264/2138 931/3315/888 2178/1267/2133
f 2187/3324/2142 2180/3323/2135 2179/3321/2134
f 2185/3326/2140 2182/3325/2137 932/3338/889
f 2191/1271/2146 2187/3324/2142 2182/3325/2137
f 933/3329/890 1768/1265/1723 2188/3327/2143
f 1887/3307/1842 2358/1421/2313 1811/1422/1766 2196/3320/2151
f 2189/1269/2144 2184/1268/2139 2193/3332/2148
f 936/3331/893 2184/1268/2139 2190/1270/2145
f 2197/3339/2152 2192/1272/2147 2191/1271/2146
f 2199/1277/2154 935/3330/892 2194/3343/2149
f 935/3330/892 2189/1269/2144 2193/3332/2148
f 2194/3343/2149 935/3330/892 2195/3333/2150
f 2195/3333/2150 2193/3332/2148 2192/1272/2147
f 2193/3332/2148 936/3331/893 2192/1272/2147
f 2198/3341/2153 2192/1272/2147 2197/3339/2152
f 2196/3320/2151 1888/3308/1843 1887/3307/1842
f 2198/3341/2153 1815/3340/1770 1816/5981/1771 1891/3342/1846
f 1812/3337/1767 2196/3320/2151 1811/1422/1766
f 1813/3612/1768 932/3338/889 1812/3337/1767
f 2185/3326/2140 932/3338/889 1813/3612/1768
f 1814/3610/1769 2197/3339/2152 2185/3326/2140
f 1815/3340/1770 2197/3339/2152 1814/3610/1769
f 2208/1291/2163 2207/3344/2162 2209/3345/2164 2214/1292/2169
f 771/1301/728 2195/3333/2150 2192/1272/2147
f 1892/1299/1847 2195/3333/2150 771/1301/728
f 1893/1278/1848 2199/1277/2154 2194/3343/2149
f 2202/1283/2157 2203/1281/2158 2201/1280/2156
f 2204/1285/2159 2203/1281/2158 2202/1283/2157
f 2204/1285/2159 2205/1284/2160 2208/1291/2163
f 2207/3344/2162 2205/1284/2160 2206/1286/2161
f 2204/1285/2159 2211/1293/2166 2212/1289/2167 2203/1281/2158
f 772/1279/729 1893/1278/1848 2201/1280/2156 2222/1282/2177
f 939/5982/896 2209/5983/2164 938/5984/895
f 940/1294/897 2212/1289/2167 2213/1296/2168
f 940/1294/897 2213/1296/2168 1896/1324/1851
f 942/1311/899 941/1325/898 1895/1323/1850 2225/3362/2180
f 937/1475/894 2217/1300/2172 1891/3342/1846
f 1817/5985/1772 1891/5986/1846 1816/5987/1771
f 1818/1472/1773 2216/3354/2171 2422/1470/2377
f 1896/1324/1851 1895/1323/1850 2214/3348/2169
f 1897/1305/1852 940/1294/897 2219/3357/2174
f 625/5988/582 626/5989/583 940/5990/897
f 626/5991/583 2220/1295/2175 940/1294/897
f 4461/3358/4408 2220/1295/2175 626/5991/583
f 2225/5992/2180 1895/5993/1850 946/5994/903 2227/5995/2182
f 2230/3369/2185 2227/5996/2182 947/1321/904 2232/1320/2187
f 2227/5995/2182 945/5997/902 2225/5992/2180
f 2228/3370/2183 1895/5998/1850 943/1316/900
f 946/5994/903 1895/5993/1850 2228/5999/2183
f 2227/5996/2182 2230/3369/2185 945/6000/902
f 2234/1318/2189 2228/1317/2183 2238/3382/2193 949/3380/906
f 2227/5996/2182 946/1319/903 2234/1318/2189
f 2233/6001/2188 2223/3360/2178 2231/3373/2186
f 947/1321/904 2227/5996/2182 2234/1318/2189
f 948/3379/905 2233/6002/2188 2231/3377/2186
f 2219/3357/2174 1896/1324/1851 3056/5808/3009 1897/1305/1852
f 2235/1334/2190 2233/3383/2188 948/6003/905
f 774/1332/731 948/6003/905 2236/1331/2191
f 2235/1334/2190 948/6003/905 774/1332/731
f 1894/1326/1849 604/3356/561 2240/6004/2195 2223/6005/2178
f 1767/1338/1722 3056/5808/3009 1896/1324/1851
f 2235/1334/2190 775/1333/732 1898/3388/1853 2238/3382/2193
f 943/1327/900 1894/1326/1849 2223/6005/2178
f 2240/3385/2195 604/6006/561 2437/1506/2392
f 2224/3387/2179 2240/3385/2195 2236/1505/2191
f 621/6007/578 2232/1320/2187 1899/1322/1854 1900/1351/1855
f 2237/3381/2192 949/3380/906 2238/3382/2193
f 2242/1352/2197 1899/1322/1854 947/1321/904
f 2232/1320/2187 621/6007/578 622/1336/579
f 623/3390/580 2241/1337/2196 2230/3369/2185 3054/6008/3007
f 2232/1320/2187 4458/1335/4405 2230/3369/2185
f 2243/1339/2198 2255/3393/2210 950/1343/907 2260/3389/2215
f 4458/4639/4405 3054/4641/3007 2230/6009/2185
f 624/3391/581 1767/1338/1722 2241/1337/2196
f 1764/1356/1719 2275/1359/2230 2274/1361/2229 619/1111/576
f 2249/1342/2204 2246/1340/2201 775/1333/732
f 2247/1341/2202 774/1332/731 773/1330/730
f 2253/3394/2208 2262/3397/2217 2244/3392/2199
f 2249/1342/2204 2248/3395/2203 2246/1340/2201
f 2248/3395/2203 2249/1342/2204 2252/1347/2207
f 2254/1344/2209 2257/3401/2212 2253/3394/2208
f 2255/3393/2210 2248/3395/2203 2256/1346/2211
f 2252/1347/2207 674/3398/631 2258/1349/2213
f 2259/1348/2214 951/3399/908 2256/1346/2211
f 2259/1348/2214 777/1365/734 951/3399/908
f 2244/3392/2199 1766/1350/1721 2242/1352/2197
f 775/1333/732 2243/1339/2198 1898/3388/1853
f 773/1330/730 1819/1329/1774 1820/1509/1775
f 674/3398/631 2250/3396/2205 2443/1524/2398
f 676/1522/633 776/1368/733 2258/1349/2213
f 2263/3400/2218 2261/1355/2216 2251/1358/2206
f 2261/1355/2216 1765/3404/1720 620/1357/577
f 677/3412/634 2264/1369/2219 776/1368/733
f 1822/3408/1777 2267/3405/2222 2264/1369/2219
f 2267/3405/2222 2269/3407/2224 2268/1363/2223
f 2271/3410/2226 2272/3411/2227 953/1364/910
f 2270/3406/2225 2271/3410/2226 2268/1363/2223
f 2273/3413/2228 2270/3406/2225 2267/3405/2222
f 954/3409/911 2273/3413/2228 2267/3405/2222
f 2263/3400/2218 2275/1359/2230 2261/1355/2216
f 1901/3078/1856 2273/3413/2228 954/3409/911
f 1902/3080/1857 779/3081/736 2271/3410/2226
f 779/3081/736 2272/3411/2227 2271/3410/2226
f 779/3081/736 780/1370/737 2272/3411/2227
f 957/3428/914 2285/3432/2240 2286/3434/2241 2281/6010/2236
f 3599/6011/3551 640/3419/597 2279/3418/2234
f 956/6012/913 2277/1386/2232 2281/6010/2236
f 2281/6010/2236 2277/1386/2232 957/3428/914
f 2280/1387/2235 957/3428/914 2277/1386/2232
f 2282/3423/2237 2279/3417/2234 4509/6013/4454
f 2284/1373/2239 2283/3422/2238 2278/1374/2233
f 4509/3425/4454 2281/3427/2236 2286/6014/2241
f 669/1214/626 2291/1375/2246 1905/1396/1860 782/1215/739
f 2285/3432/2240 957/3428/914 2287/3429/2242
f 680/6015/637 2287/3429/2242 2295/1389/2250
f 2282/1372/2237 4509/1378/4454 959/1377/916
f 2289/6016/2244 4509/6017/4454 2286/6018/2241
f 959/1377/916 2289/1376/2244 2292/1393/2247
f 2289/1376/2244 2286/3434/2241 2290/3433/2245
f 2288/6019/2243 2290/6020/2245 2285/6021/2240
f 781/1395/738 2291/1375/2246 958/3430/915
f 781/1395/738 958/3430/915 959/1377/916
f 1904/3447/1859 2289/1376/2244 2290/3433/2245
f 1807/1195/1762 1773/3436/1728 2293/1379/2248
f 2276/3438/2231 641/1384/598 956/6012/913
f 2277/1386/2232 956/6012/913 641/1384/598
f 601/3698/558 678/3441/635 2294/1385/2249
f 2280/1387/2235 2294/1385/2249 678/3441/635
f 680/3714/637 2295/6022/2250 679/3716/636
f 2321/6023/2276 2290/6024/2245 2288/6025/2243
f 1904/6026/1859 2290/6027/2245 2321/6028/2276
f 2297/3446/2252 2292/1393/2247 2289/1376/2244
f 2297/6029/2252 2321/3445/2276 2298/3459/2253 2301/3454/2256
f 668/1213/625 667/1212/624 2283/3422/2238
f 667/1212/624 2131/1196/2086 955/1380/912
f 961/1400/918 2299/3452/2254 2300/3451/2255
f 1905/1396/1860 961/1400/918 962/1403/919 2330/1239/2285
f 2298/3459/2253 2321/3445/2276 1903/1408/1858
f 960/1410/917 2298/3459/2253 1903/1408/1858
f 2302/6030/2257 2303/3455/2258 2306/3464/2261 2309/3461/2264
f 2302/1401/2257 2300/3451/2255 2297/3446/2252
f 2305/3458/2260 2301/3454/2256 2298/3459/2253
f 2305/3458/2260 2303/3455/2258 2301/3454/2256
f 2304/3457/2259 2298/3459/2253 960/1410/917
f 2304/3457/2259 2322/3488/2277 2323/6031/2278 2307/3470/2262
f 2307/3470/2262 2305/3458/2260 2304/3457/2259
f 2311/6032/2266 2310/1404/2265 2308/1402/2263
f 2312/3465/2267 2308/3467/2263 963/3462/920
f 965/3469/922 2309/3461/2264 2306/3464/2261
f 965/3469/922 2306/3464/2261 2305/3458/2260
f 965/3469/922 2305/3458/2260 2307/3470/2262
f 967/3479/924 2313/3472/2268 964/3471/921
f 968/6033/925 2329/3283/2284 2314/3475/2269
f 2314/3475/2269 2310/1404/2265 2311/6032/2266
f 2315/1406/2270 2311/3466/2266 2312/3465/2267
f 969/3477/926 2315/1406/2270 2312/3465/2267
f 969/3477/926 2312/3465/2267 2309/3461/2264
f 969/3477/926 2309/3461/2264 965/3469/922
f 971/3480/928 2316/6034/2271 966/3481/923
f 967/3479/924 966/3481/923 2313/3472/2268
f 968/6035/925 2317/6036/2272 2329/6037/2284
f 2319/6038/2274 968/6039/925 2314/6040/2269
f 2318/3482/2273 2315/1406/2270 969/3477/926
f 2320/6041/2275 2315/1406/2270 2318/3482/2273
f 2327/6042/2282 2318/3482/2273 970/3478/927
f 971/3480/928 970/3484/927 2316/6034/2271
f 2326/3486/2281 971/3480/928 967/3479/924
f 1907/3494/1862 2326/3486/2281 2325/3485/2280
f 2299/3452/2254 1905/1396/1860 781/1395/738
f 2297/3446/2252 2296/1394/2251 2292/1393/2247
f 2321/6043/2276 2297/3446/2252 1904/3447/1859
f 682/3489/639 960/1410/917 681/1409/638
f 2322/6044/2277 682/6045/639 1825/6046/1780 2323/3490/2278
f 2323/3490/2278 1825/6046/1780 2505/3759/2460 2324/3492/2279
f 2324/3492/2279 964/3471/921 2323/3490/2278
f 2324/3492/2279 2505/3759/2460 1826/3493/1781 2325/3485/2280
f 2325/3485/2280 967/3479/924 2324/3492/2279
f 2317/6036/2272 968/6035/925 2319/6047/2274 2355/6048/2310
f 1908/3498/1863 2327/3483/2282 971/3480/928
f 783/3497/740 1908/3498/1863 2326/3486/2281
f 2327/6049/2282 2320/6041/2275 2318/3482/2273
f 2320/6041/2275 2328/3542/2283 2315/1406/2270
f 784/3545/741 2328/3542/2283 2320/6041/2275
f 2328/3542/2283 2319/1407/2274 2315/1406/2270
f 2333/6050/2288 972/3514/929 2336/3513/2291 2334/6051/2289
f 2355/3541/2310 785/3501/742 2317/3502/2272
f 2158/1261/2113 670/3287/627 785/3501/742
f 2329/3283/2284 1808/1240/1763 2310/1404/2265
f 2310/1404/2265 1808/1240/1763 2330/1239/2285
f 1905/1396/1860 2330/1239/2285 782/1215/739
f 2333/3511/2288 2355/6052/2310 972/3544/929
f 2333/3511/2288 2362/3565/2317 2355/6052/2310
f 975/3504/932 972/3514/929 2331/6053/2286
f 975/3504/932 2331/6053/2286 784/3499/741
f 976/3506/933 975/3504/932 973/3503/930
f 2334/6051/2289 2336/3513/2291 978/3515/935 2340/3523/2295
f 978/3515/935 2336/3513/2291 975/3504/932
f 2337/3508/2292 976/3506/933 974/3505/931
f 2338/1412/2293 977/1411/934 1827/3547/1782
f 2340/3523/2295 2335/6054/2290 2334/6051/2289
f 2340/3523/2295 2360/3564/2315 2335/6054/2290
f 979/1413/936 2338/1412/2293 980/3548/937 2339/3518/2294
f 981/3516/938 978/3515/935 976/3506/933
f 2360/3564/2315 2340/3523/2295 2345/3522/2300 2341/3532/2296
f 984/3524/941 985/1417/942 986/1414/943 2347/3531/2302
f 2342/3521/2297 2340/3523/2295 978/3515/935
f 984/3524/941 2342/3521/2297 981/3516/938
f 2344/3525/2299 2343/3520/2298 2339/3518/2294
f 2344/3525/2299 2339/3518/2294 980/3548/937
f 2347/3531/2302 2345/3522/2300 2342/3521/2297
f 2347/3531/2302 2342/3521/2297 984/3524/941
f 2358/1421/2313 2352/3540/2307 986/1414/943 1912/1416/1867
f 2348/3526/2303 985/1417/942 2343/3520/2298
f 2349/3533/2304 2348/3526/2303 2344/3525/2299
f 2350/6055/2305 2346/3530/2301 983/3527/940
f 787/6056/744 2349/3536/2304 2346/3535/2301
f 2351/3534/2306 2349/3533/2304 787/1419/744 2353/1418/2308
f 1908/3498/1863 783/3497/740 2332/3507/2287 974/3505/931
f 2357/3558/2312 787/1419/744 2350/3538/2305
f 972/3544/929 2355/6052/2310 2319/1407/2274
f 973/3503/930 784/3499/741 2327/3483/2282
f 974/3505/931 973/3503/930 1908/3498/1863
f 783/3497/740 1907/3494/1862 1906/3495/1861 2332/3507/2287
f 2357/3558/2312 685/3561/642 1909/3560/1864 786/1423/743
f 2356/6057/2311 980/3548/937 1828/3546/1783
f 684/6058/641 2356/3550/2311 683/3549/640
f 684/3555/641 983/3556/940 2356/6059/2311
f 2357/3558/2312 2350/3538/2305 684/3555/641
f 1912/1416/1867 2354/1415/2309 1911/1429/1866 2390/1441/2345
f 786/1423/743 787/1419/744 2357/3558/2312
f 1910/1420/1865 2354/1415/2309 2353/1418/2308
f 672/6060/629 2360/3564/2315 2359/3562/2314 673/3563/630
f 2352/3540/2307 1810/3304/1765 2359/3562/2314
f 2341/3532/2296 2352/3540/2307 2359/3562/2314
f 2352/3540/2307 2358/1421/2313 1810/3304/1765
f 786/1423/743 2391/3599/2346 2365/3601/2320 988/1424/945
f 2361/3512/2316 2362/3565/2317 2333/3511/2288
f 2361/3512/2316 1809/3297/1764 2362/3565/2317
f 2362/3565/2317 4510/3567/4455 2355/6052/2310
f 987/6061/944 2364/3569/2319 1911/1429/1866
f 2370/1431/2325 2364/3569/2319 987/6061/944
f 2368/1427/2323 2369/3570/2324 2374/6062/2329 2371/3574/2326
f 2369/3570/2324 2366/1426/2321 2364/3569/2319
f 2373/1430/2328 987/6061/944 1911/1429/1866
f 2367/1425/2322 687/1442/644 2377/1435/2332 2373/1430/2328
f 2376/1432/2331 2370/1431/2325 987/6061/944
f 2375/1433/2330 2372/3579/2327 2370/1431/2325
f 2373/1430/2328 2376/1432/2331 987/6061/944
f 2379/3580/2334 2380/6063/2335 2384/3594/2339 990/6064/947
f 2379/3580/2334 2378/3575/2333 2371/3574/2326
f 2380/6063/2335 2374/6062/2329 2372/3579/2327
f 2380/6065/2335 2379/3583/2334 2374/3582/2329
f 2380/6063/2335 2372/3579/2327 2375/1433/2330
f 990/3605/947 2387/1446/2342 2379/6066/2334
f 2384/3594/2339 2380/6063/2335 2375/1433/2330
f 2386/6067/2341 991/3595/948 790/3603/747 2388/6068/2343
f 2383/1436/2338 2381/3588/2336 989/1434/946
f 991/3595/948 2375/1433/2330 2381/3588/2336
f 2389/1438/2344 2383/1436/2338 2377/1435/2332
f 991/3595/948 2383/1436/2338 789/1452/746 790/3603/747
f 1815/3340/1770 2393/3609/2348 1913/6069/1868 1816/5981/1771
f 788/1440/745 2389/1438/2344 2385/1437/2340
f 2363/3568/2318 1811/1422/1766 2390/1441/2345
f 786/1423/743 1910/1420/1865 787/1419/744
f 686/3600/643 1909/3560/1864 1931/3559/1886
f 2365/6070/2320 2391/6071/2346 1909/6072/1864
f 687/1442/644 2365/3601/2320 686/3600/643
f 2388/3633/2343 2384/3604/2339 2386/6073/2341
f 2397/3606/2352 2384/3604/2339 2388/3633/2343
f 791/1447/748 2387/1446/2342 990/3605/947
f 2419/1448/2374 2392/3596/2347 2387/1446/2342
f 2394/3611/2349 2378/3575/2333 2382/3589/2337 1814/3610/1769
f 2419/1448/2374 1913/3607/1868 2392/3596/2347
f 2392/6074/2347 2393/3609/2348 2382/3589/2337
f 1813/3612/1768 2395/1428/2350 2394/3611/2349 2185/3326/2140
f 2378/3575/2333 2394/3611/2349 2368/1427/2323
f 2420/6075/2375 2398/3602/2353 2405/3616/2360 993/3620/950
f 2395/1428/2350 1813/3612/1768 2366/1426/2321
f 1812/3337/1767 1811/1422/1766 2396/3598/2351
f 2401/3614/2356 791/1447/748 2397/3606/2352
f 2400/1453/2355 2398/3602/2353 789/1452/746
f 2404/6076/2359 993/3620/950 2409/6077/2364 2410/6078/2365
f 2406/1455/2361 2400/1453/2355 788/1440/745
f 2403/3623/2358 2424/1474/2379 2399/6079/2354
f 2404/1457/2359 2401/3614/2356 2420/3615/2375
f 994/1468/951 992/1454/949 2402/1445/2357
f 2408/3622/2363 2403/3623/2358 2404/6080/2359
f 2407/3618/2362 2405/3616/2360 2400/1453/2355
f 2410/6078/2365 2409/6077/2364 1915/3642/1870 2415/3637/2370
f 2411/3619/2366 2409/6077/2364 993/3620/950
f 2414/3625/2369 2407/1461/2362 992/1460/949
f 2412/3621/2367 2414/6081/2369 992/1454/949
f 2413/3626/2368 2411/6082/2366 2407/1461/2362
f 2413/6083/2368 2409/6077/2364 2411/3619/2366
f 2418/1469/2373 2412/3621/2367 994/1468/951
f 2418/1469/2373 2414/6081/2369 2412/3621/2367
f 2418/1469/2373 2435/3636/2390 792/1482/749 2416/6084/2371
f 1915/3628/1870 2413/3626/2368 995/3631/952
f 995/3631/952 2413/3626/2368 2414/3625/2369
f 2418/1469/2373 2416/6084/2371 2414/6081/2369
f 1817/3632/1772 1816/6085/1771 1913/3607/1868
f 788/1440/745 789/1452/746 2389/1438/2344
f 2402/1445/2357 992/1454/949 788/1440/745
f 2421/1610/2376 2418/1469/2373 4511/1467/4456
f 2416/6084/2371 792/1482/749 1914/1484/1869 995/6086/952
f 1817/3632/1772 2419/1448/2374 2399/1456/2354 2424/6087/2379
f 1915/3628/1870 995/3631/952 1914/3658/1869
f 2429/3647/2384 2431/1487/2386 2430/1489/2385 998/3648/955
f 2427/3643/2382 1914/1484/1869 2428/1483/2383
f 999/1492/956 996/1485/953 1832/1490/1787
f 2445/1514/2400 2446/1513/2401 798/3662/755 1918/1523/1873
f 2431/3649/2386 997/1486/954 1000/1491/957
f 2432/3650/2387 1000/1491/957 794/3656/751
f 2430/6088/2385 2432/6089/2387 2434/6090/2389
f 2426/1480/2381 1915/3642/1870 2427/3643/2382
f 996/1485/953 2435/3636/2390 1832/1490/1787
f 795/3652/752 2434/3651/2389 794/3656/751
f 1917/3402/1872 2433/1497/2388 2448/1496/2403
f 2447/1520/2402 2444/3660/2399 2445/1514/2400
f 1918/1523/1873 2447/1520/2402 2445/1514/2400
f 794/3656/751 1001/3659/958 2440/1510/2395 795/3652/752
f 1820/1509/1775 2448/1496/2403 2438/1507/2393
f 1006/6091/963 1004/3679/961 695/3678/652 1007/6092/964
f 1001/3659/958 793/1494/750 690/1518/647
f 1919/1521/1874 776/1368/733 676/1522/633
f 675/3403/632 674/3398/631 2444/3660/2399
f 2455/1531/2410 4507/1124/4452 2454/3666/2409
f 1833/1645/1788 2456/3663/2411 796/1516/753
f 693/1532/650 2451/3664/2406 2608/3665/2563
f 2026/1113/1981 2454/3666/2409 4507/1124/4452
f 2454/3666/2409 1920/1122/1875 1822/3408/1777
f 2460/3672/2415 2458/3674/2413 1777/3701/1732
f 2463/3673/2418 2477/3667/2432 2458/3674/2413
f 2465/3681/2420 2460/3672/2415 2461/3682/2416
f 2464/3684/2419 2461/3682/2416 644/3704/601
f 1006/3676/963 1007/6093/964 2479/1535/2434 2467/1534/2422
f 1008/3686/965 1005/6094/962 2462/3668/2417
f 2468/3680/2423 2463/3673/2418 2465/3681/2420 2469/3688/2424
f 1009/3687/966 2462/3668/2417 2468/3680/2423
f 2464/3677/2419 1778/3705/1733 645/5850/602 1004/3675/961
f 2473/3689/2428 2468/3680/2423 1010/3690/967
f 1010/3690/967 2469/3688/2424 2466/3683/2421
f 2475/1542/2430 2472/3694/2427 2473/3695/2428
f 1011/1541/968 1010/1540/967 2470/1536/2425
f 2476/3697/2431 678/3441/635 601/3698/558
f 2477/3700/2432 1776/3699/1731 642/6095/599
f 2459/3442/2414 2476/3697/2431 1776/3699/1731
f 2458/3674/2413 2477/3667/2432 1777/3701/1732
f 1007/6093/964 1834/3877/1789 696/1668/653 2479/1535/2434
f 2478/1544/2433 1004/3679/961 645/6096/602
f 2478/1544/2433 602/3707/559 694/3708/651
f 2475/1542/2430 1011/1541/968 1921/3712/1876 2481/3744/2436
f 2619/1656/2574 2480/1546/2435 2470/1536/2425
f 1923/6097/1878 2474/6098/2429 2471/1551/2426 802/1550/759
f 2481/3744/2436 801/3693/758 2475/1542/2430
f 1823/1388/1778 1005/3671/962 1008/6099/965 679/3443/636
f 1923/6100/1878 1824/1391/1779 2474/3444/2429
f 2471/6101/2426 2474/3444/2429 2287/1390/2242
f 2471/1539/2426 680/3714/637 1008/1537/965
f 2482/1552/2437 2481/3744/2436 1013/3711/970 2487/1553/2442
f 2459/3442/2414 678/3441/635 2476/3697/2431
f 2484/3717/2439 1012/3719/969 802/1550/759
f 1922/1549/1877 2482/1552/2437 2488/3725/2443 1016/3722/973
f 1014/1554/971 2488/3725/2443 2482/1552/2437
f 2490/3728/2445 1019/6102/976 2495/6103/2450 2498/1556/2453
f 1015/1559/972 1017/3727/974 2489/3723/2444
f 1016/3722/973 2490/3728/2445 2484/3717/2439
f 2491/3726/2446 1016/3722/973 2488/3725/2443
f 2492/3724/2447 1014/1554/971 2487/1553/2442
f 2489/3723/2444 2492/3724/2447 2487/1553/2442
f 1019/6102/976 2490/3728/2445 1016/3722/973
f 1019/6102/976 1016/3722/973 2491/3726/2446
f 2493/6104/2448 2491/3726/2446 2492/3724/2447
f 2494/1694/2449 1017/3727/974 1015/1559/972
f 2493/6104/2448 2492/3724/2447 2497/3732/2452 1020/3739/977
f 2496/6105/2451 1019/6106/976 2493/6107/2448
f 1020/6108/977 2496/6105/2451 2493/6107/2448
f 2498/6109/2453 2495/3734/2450 2500/6110/2455 2501/6111/2456
f 2499/3733/2454 2496/3736/2451 1020/6112/977 2500/6110/2455
f 2500/6110/2455 2495/3734/2450 2499/3733/2454
f 1824/6113/1779 1923/3743/1878 1012/3742/969 681/6114/638
f 2502/3740/2457 2500/3753/2455 1020/3739/977
f 803/1695/760 2497/3732/2452 2494/1694/2449
f 2501/6111/2456 2500/6110/2455 2509/6115/2464 1925/3754/1880
f 697/1685/654 2483/1548/2438 1835/1547/1790
f 1924/3766/1879 2509/3752/2464 2502/3740/2457
f 1925/3754/1880 2503/3756/2458 2501/6111/2456
f 2504/1557/2459 2503/3738/2458 1926/3758/1881 805/3496/762
f 682/6045/639 2506/3760/2461 2505/3759/2460 1825/6046/1780
f 2504/1557/2459 1826/3493/1781 1018/1555/975
f 2534/3803/2489 2508/6116/2463 2513/1561/2468 1022/1560/979
f 1018/1555/975 2505/3759/2460 2486/3721/2441
f 2506/3760/2461 682/6045/639 2507/3720/2462
f 2507/3720/2462 681/6117/638 1012/3719/969
f 2514/3774/2469 1021/3764/978 1025/3775/982 2519/6118/2474
f 2512/3765/2467 2513/1561/2468 2509/3752/2464
f 2512/3765/2467 2509/3752/2464 1924/3766/1879
f 2515/3771/2470 2510/6119/2465 2502/3740/2457
f 2515/3771/2470 1021/3764/978 2510/6119/2465
f 2516/6120/2471 2514/6121/2469 2519/6122/2474 1024/6123/981
f 1024/6124/981 2519/6118/2474 1025/3775/982 1027/6125/984
f 1025/3775/982 1021/3764/978 2515/3771/2470
f 2518/1563/2473 2517/3770/2472 2511/3772/2466
f 1026/3778/983 1023/1562/980 2513/1561/2468
f 1026/3778/983 2513/1561/2468 2516/3773/2471
f 2520/6126/2475 1026/3778/983 1024/3777/981
f 2520/6126/2475 1027/6125/984 1028/3787/985 2526/3790/2481
f 2518/1563/2473 2523/6127/2478 2521/3776/2476
f 2523/6127/2478 2524/1565/2479 2529/1566/2484 2528/3800/2483
f 2526/3790/2481 2522/3782/2477 2520/6126/2475
f 1028/3787/985 1027/6125/984 1025/3775/982
f 2524/1565/2479 2523/6127/2478 2518/1563/2473
f 2526/6128/2481 2525/6129/2480 2522/6130/2477
f 2527/3793/2482 2539/3795/2494 2525/6131/2480
f 2528/3800/2483 2521/3776/2476 2523/6127/2478
f 1926/6132/1881 804/6133/761 2513/6134/2468 2508/6135/2463
f 2530/3792/2485 2524/1565/2479 2535/3788/2490
f 2532/3796/2487 2527/3791/2482 2526/3790/2481
f 2532/3796/2487 2531/3818/2486 2527/3791/2482
f 808/3798/765 2532/3796/2487 1028/3787/985
f 2537/3797/2492 1028/3787/985 2521/3776/2476
f 2533/3801/2488 807/3799/764 2528/3800/2483
f 804/3757/761 1925/6136/1880 2509/3752/2464 2513/1561/2468
f 2508/6135/2463 2534/6137/2489 1926/6132/1881
f 2538/3821/2493 2531/3818/2486 809/3817/766 1931/3559/1886
f 2517/3770/2472 2502/3740/2457 803/1695/760
f 701/1691/658 2511/3772/2466 803/1695/760
f 2536/3802/2491 2530/3792/2485 703/3812/660
f 1058/1709/1015 2536/3802/2491 703/3812/660
f 1058/1709/1015 1927/3814/1882 2536/3802/2491
f 1930/3816/1885 808/3798/765 2537/3797/2492
f 2555/3819/2510 809/3817/766 2532/3796/2487
f 1931/6138/1886 685/6139/642 2538/6140/2493
f 1827/6141/1782 2541/6142/2496 1022/3823/979 1828/3551/1783
f 2538/3821/2493 2357/3558/2312 2539/3789/2494
f 2540/3557/2495 1023/1562/980 1026/3778/983
f 1023/1562/980 683/3822/640 1022/1560/979
f 2547/1571/2502 1928/1567/1883 2544/1575/2499 2548/1577/2503
f 1022/6143/979 2541/6144/2496 2534/6145/2489
f 1031/3825/988 2543/3828/2498 1029/3826/986
f 1032/1572/989 1031/3825/988 1030/3824/987
f 1035/3829/992 1031/3825/988 1032/1572/989
f 1931/3559/1886 809/3817/766 2555/3819/2510 686/3600/643
f 2545/3830/2500 1034/3827/991 1035/3829/992
f 2546/1573/2501 1035/3829/992 1032/1572/989
f 2546/1573/2501 2545/3830/2500 1035/3829/992
f 2551/3832/2506 2550/3831/2505 2546/1573/2501
f 2553/1579/2508 2549/1576/2504 704/3833/661
f 2557/1580/2512 2551/3832/2506 2552/1578/2507
f 2554/1587/2509 2557/1580/2512 2553/1579/2508
f 2554/1587/2509 2553/1579/2508 2556/1583/2511
f 810/1585/767 2554/1587/2509 2556/1583/2511
f 2555/3819/2510 808/3798/765 1029/3826/986 2543/3828/2498
f 686/3600/643 2555/3819/2510 2543/3828/2498 687/1442/644
f 1030/3824/987 1029/3826/986 1930/3816/1885
f 2542/1569/2497 1930/3816/1885 1929/3815/1884
f 2659/1711/2614 704/3833/661 2544/1575/2499
f 2554/1587/2509 2559/1589/2514 2557/1580/2512
f 2558/1588/2513 2551/3832/2506 2557/1580/2512
f 2551/3832/2506 1829/1439/1784 2550/3831/2505
f 2550/3831/2505 1829/1439/1784 688/1443/645
f 1034/3827/991 2550/3831/2505 688/1443/645
f 688/1443/645 687/1442/644 2543/3828/2498
f 1932/3834/1887 812/1619/769 2573/1618/2528 2574/3837/2529
f 2563/1596/2518 1038/1600/995 1037/1591/994
f 1039/1603/996 2563/1596/2518 2562/1594/2517
f 2564/1601/2519 1038/1600/995 2563/1596/2518
f 2568/1612/2523 813/1602/770 2567/1605/2522
f 706/1607/663 1039/1603/996 2562/1594/2517
f 1932/3834/1887 2567/1605/2522 1840/1604/1795
f 2575/1615/2530 814/1608/771 2580/1611/2535
f 2571/1616/2526 1040/3835/997 2575/1615/2530
f 1932/3834/1887 2574/3837/2529 2570/1614/2525
f 707/6146/664 2595/3858/2550 2594/6147/2549 2592/6148/2547
f 2576/3836/2531 2575/1615/2530 2572/1613/2527
f 1832/1490/1787 2571/1616/2526 2579/1493/2534
f 814/1608/771 1040/3835/997 689/1609/646
f 2581/3840/2536 2577/3839/2532 2573/1618/2528
f 2587/3843/2542 815/3842/772 2583/1627/2538
f 2588/1634/2543 2584/1621/2539 2589/3849/2544
f 2589/3849/2544 2585/1622/2540 2586/3844/2541
f 1042/3851/999 2586/3844/2541 2594/3850/2549
f 2594/3850/2549 1933/3853/1888 2605/1632/2560 1042/3851/999
f 2592/3845/2547 2583/1627/2538 2694/1630/2649
f 2595/3858/2550 707/6146/664 708/6149/665
f 2595/3858/2550 708/6149/665 1844/3859/1799
f 2595/6150/2550 2606/3855/2561 2605/1632/2560 1933/3853/1888
f 2597/1633/2552 2593/1624/2548 2591/1631/2546
f 816/1625/773 1833/1645/1788 796/1516/753
f 2590/1623/2545 691/1519/648 2588/1634/2543
f 2597/1633/2552 2599/1636/2554 2604/1635/2559
f 1844/6151/1799 2722/3949/2677 2598/3856/2553 2606/3855/2561
f 2601/1641/2556 2600/1640/2555 1845/1639/1800 709/1753/666
f 2613/1647/2568 1046/1646/1003 2617/1654/2572 2620/1655/2575
f 2609/3860/2564 2624/1648/2579 2613/1647/2568
f 2611/1649/2566 2610/3862/2565 646/1660/603
f 647/1661/604 2611/1649/2566 646/1660/603
f 1048/3865/1005 1047/1663/1004 1781/1662/1736
f 1782/3863/1737 1048/3865/1005 1781/1662/1736
f 2615/1653/2570 1046/1646/1003 2612/1652/2567
f 2616/1664/2571 1048/3865/1005 2625/3864/2580
f 2624/1648/2579 646/1660/603 2610/3862/2565 1046/1646/1003
f 1049/1651/1006 2615/1653/2570 2611/1649/2566
f 2618/1666/2573 2614/1650/2569 2616/1664/2571
f 1050/3867/1007 2621/3866/2576 2618/1666/2573
f 1050/3867/1007 2623/1658/2578 2621/3866/2576
f 1937/3876/1892 2622/1657/2577 2623/1658/2578
f 1052/3869/1009 2623/1658/2578 1050/3867/1007
f 1779/3871/1734 1780/1659/1735 2624/1648/2579
f 1054/1669/1011 2629/1672/2584 2635/1674/2590 2632/1670/2587
f 2625/3864/2580 1782/3863/1737 1849/3873/1804
f 712/1785/669 2626/1665/2581 2616/1664/2571
f 714/3875/671 1850/1787/1805 713/3956/670
f 714/3875/671 1051/3868/1008 1850/1787/1805
f 2609/6152/2564 1834/3709/1789 695/3678/652
f 1834/3877/1789 2609/3860/2564 2613/1647/2568
f 695/3678/652 694/3708/651 2609/6152/2564
f 1937/3876/1892 1052/3869/1009 1053/1675/1010 2630/1673/2585
f 2628/1688/2583 2634/1677/2589 2631/1686/2586
f 2637/3881/2592 2628/1688/2583 716/1689/673
f 2637/3881/2592 2634/1677/2589 2628/1688/2583
f 2639/1681/2594 2633/1676/2588 2634/1677/2589
f 2637/3881/2592 2639/1681/2594 2634/1677/2589
f 1056/1692/1013 2636/1678/2591 2632/1670/2587
f 2641/1703/2596 1056/1692/1013 2640/1680/2595
f 818/1683/775 2638/1679/2593 2639/1681/2594
f 698/6153/655 1054/6154/1011 1055/6155/1012 699/6156/656
f 715/3882/672 1851/1687/1806 1852/1788/1807
f 715/3882/672 2628/1688/2583 1851/1687/1806
f 717/1682/674 2644/3888/2599 818/1683/775
f 1056/1692/1013 701/1691/658 2636/1678/2591
f 2636/1678/2591 2494/1694/2449 2642/6157/2597
f 2642/3879/2597 699/3887/656 1055/3880/1012
f 2650/1699/2605 2643/3884/2598 2645/3889/2600 2649/1700/2604
f 1054/1669/1011 698/1558/655 817/1684/774
f 2647/3891/2602 2654/3811/2609 1057/1704/1014
f 2650/1699/2605 2647/3891/2602 1057/1704/1014
f 2649/1700/2604 2645/3889/2600 2644/3888/2599
f 705/1584/662 1941/3898/1896 1839/1606/1794 1838/1593/1793
f 1058/1709/1015 2647/3891/2602 2650/1699/2605
f 2652/1701/2607 1058/1709/1015 2650/1699/2605
f 1854/1826/1809 2651/1698/2606 718/1830/675
f 2651/1698/2606 1938/1717/1893 2648/1706/2603
f 1854/1826/1809 820/1718/777 2651/1698/2606
f 819/1702/776 1836/1693/1791 1056/1692/1013
f 838/3883/795 2653/1697/2608 605/1705/562
f 1853/1827/1808 1854/1826/1809 718/1830/675
f 820/1718/777 1938/1717/1893 2651/1698/2606
f 1058/1709/1015 702/3813/659 2647/3891/2602
f 819/1702/776 2654/3811/2609 1836/1693/1791
f 2666/1715/2621 2657/3893/2612 820/1718/777
f 2660/3892/2615 2664/1713/2619 2656/1712/2611
f 2662/1714/2617 2660/3892/2615 2657/3893/2612
f 2664/1713/2619 2663/3894/2618 2658/1710/2613
f 1061/1716/1018 2661/3895/2616 2662/1714/2617
f 2665/3897/2620 705/1584/662 1060/3896/1017
f 2655/1707/2610 1940/1582/1895 1939/1708/1894
f 1059/3890/1016 2656/1712/2611 1938/1717/1893
f 2657/3893/2612 1059/3890/1016 820/1718/777
f 719/1719/676 820/1718/777 1855/1828/1810
f 2668/1726/2623 1941/3898/1896 1062/3899/1019
f 1065/3904/1022 1067/3907/1024 1066/3913/1023 2681/1629/2636
f 1841/1730/1796 1840/1604/1795 2672/1727/2627
f 2672/1727/2627 706/1607/663 2668/1726/2623
f 706/1607/663 1839/1606/1794 2668/1726/2623
f 2668/1726/2623 1839/1606/1794 1941/3898/1896
f 2680/3900/2635 2678/1740/2633 1943/1747/1898
f 2678/1740/2633 2794/1733/2749 1095/1738/1052
f 1943/1747/1898 721/1739/678 823/1745/780
f 2581/3840/2536 1843/3841/1798 2675/1743/2630
f 2682/1748/2637 825/1742/782 824/3902/781
f 2684/3903/2639 824/3902/781 1064/1746/1021
f 2683/3905/2638 1064/1746/1021 2690/1862/2645
f 2683/3905/2638 1857/3906/1812 722/4000/679
f 2694/1630/2649 2681/1629/2636 1066/3913/1023
f 1067/3907/1024 2688/3920/2643 2687/1749/2642 1066/3913/1023
f 2686/3912/2641 2685/3911/2640 2691/3914/2646
f 2691/3914/2646 826/3945/783 2692/6158/2647 2689/6159/2644
f 2687/1749/2642 2688/3920/2643 2693/6160/2648
f 1067/3907/1024 2686/3912/2641 2689/6159/2644
f 2689/6159/2644 2686/3912/2641 2691/3914/2646
f 2685/3909/2640 722/3908/679 2808/3998/2763
f 2685/3909/2640 2808/3998/2763 1858/6161/1813
f 2691/3914/2646 1859/3916/1814 1860/3918/1815
f 826/3945/783 2691/3914/2646 2719/3917/2674
f 2689/6159/2644 2692/6158/2647 1946/3919/1901 1067/3907/1024
f 1946/6162/1901 1947/3943/1902 827/3942/784 2693/6163/2648
f 1946/3919/1901 2692/6158/2647 826/3945/783
f 2693/6164/2648 2688/3920/2643 1946/3919/1901
f 2715/6165/2670 2700/3930/2655 2695/3929/2650 829/6166/786
f 828/3924/785 2693/6167/2648 827/6168/784
f 708/1750/665 828/3924/785 829/6166/786
f 2722/3949/2677 2695/3929/2650 2699/3934/2654
f 2716/6169/2671 2701/6170/2656 2700/3930/2655 2715/6165/2670
f 1068/6171/1025 2696/6172/2651 2701/6170/2656 2716/6169/2671
f 1069/6173/1026 2697/3927/2652 2696/3926/2651 1068/6174/1025
f 2718/3944/2673 2698/6175/2653 2697/6176/2652 1069/6177/1026
f 2701/6170/2656 2696/6172/2651 2702/6178/2657
f 2702/6178/2657 2703/3937/2658 2705/3931/2660 2701/6170/2656
f 2699/3934/2654 2695/3929/2650 2706/3928/2661
f 2700/3930/2655 2701/6170/2656 2705/3931/2660
f 2697/3927/2652 2704/3932/2659 2703/6179/2658 2702/3925/2657
f 2709/3935/2664 2707/3936/2662 2710/3940/2665 2711/1751/2666
f 709/1753/666 2699/3934/2654 2706/3928/2661
f 2707/3936/2662 2703/3937/2658 2708/3938/2663
f 2707/3936/2662 2708/3938/2663 1070/1758/1027
f 827/6168/784 2716/6169/2671 2715/6165/2670 828/3924/785
f 2710/3940/2665 2707/3936/2662 1070/1758/1027
f 1071/1757/1028 2710/3940/2665 1070/1758/1027
f 832/1143/789 2711/1751/2666 1072/1755/1029
f 1071/1757/1028 2712/1754/2667 2710/3940/2665
f 2713/1760/2668 1072/1755/1029 2712/1754/2667
f 2713/1760/2668 830/3088/787 1072/1755/1029
f 1844/3859/1799 708/6149/665 829/6180/786
f 829/6166/786 828/3924/785 2715/6165/2670
f 2717/6181/2672 1068/6182/1025 2716/6183/2671 1947/6184/1902
f 1947/6184/1902 1946/6185/1901 2717/6181/2672
f 826/3945/783 2718/3944/2673 2717/6186/2672 1946/3919/1901
f 2718/3944/2673 1069/6177/1026 1068/6187/1025 2717/6186/2672
f 2719/3917/2674 723/3946/680 2698/6175/2653 2718/3944/2673
f 2719/3917/2674 1860/3918/1815 1861/3947/1816
f 723/3946/680 2720/6188/2675 2704/6189/2659 2698/6175/2653
f 2720/6190/2675 724/6191/681 2708/6192/2663 2704/6193/2659
f 2720/6188/2675 723/3946/680 724/1756/681
f 830/3088/787 2713/1760/2668 1862/1759/1817 2833/1885/2788
f 829/6180/786 2695/6194/2650 2722/6195/2677 1844/3859/1799
f 832/1143/789 2721/3089/2676 831/3087/788
f 1845/1639/1800 2722/3949/2677 2699/3934/2654
f 2746/1786/2701 1849/3873/1804 1073/3951/1030 2728/3953/2683
f 1073/3951/1030 2725/3950/2680 1074/6196/1031
f 2728/3953/2683 1076/3952/1033 2734/3959/2689 2733/1777/2688
f 1076/3952/1033 1073/3951/1030 2726/6197/2681
f 2729/3957/2684 2746/1786/2701 2728/3953/2683
f 2731/1775/2686 2729/3957/2684 2728/3953/2683
f 1078/3958/1035 1076/3952/1033 1077/6198/1034
f 2729/3957/2684 713/3956/670 2746/1786/2701
f 2733/1777/2688 2739/3962/2694 2731/1775/2686
f 2744/3961/2699 2732/1773/2687 2743/1772/2698 2735/6199/2690
f 2733/1777/2688 2734/3959/2689 2744/1780/2699
f 2744/1780/2699 2735/6200/2690 1867/6201/1822 726/1894/683
f 2737/1779/2692 2739/3962/2694 2733/1777/2688
f 2741/1778/2696 2733/1777/2688 2744/1780/2699
f 1868/1781/1823 2742/3966/2697 2741/1778/2696
f 2723/1762/2678 1783/6202/1738 1784/1784/1739
f 713/3956/670 2736/1774/2691 2738/1776/2693 2745/3968/2700
f 1868/1781/1823 2744/1780/2699 726/1894/683
f 2742/3966/2697 834/3965/791 2741/1778/2696
f 835/3967/792 836/3963/793 2741/1778/2696
f 1948/1799/1903 2745/3968/2700 2738/1776/2693
f 2625/3864/2580 1849/3873/1804 2746/1786/2701 712/1785/669
f 713/3956/670 1850/1787/1805 2746/1786/2701
f 1849/3873/1804 1783/3872/1738 2723/6203/2678 2725/3950/2680
f 2754/3977/2709 2750/3971/2705 1081/1797/1038 2757/1796/2712
f 2752/3974/2707 2766/1790/2721 2747/1789/2702
f 2755/1793/2710 2753/3969/2708 1079/1791/1036
f 2750/3971/2705 2754/3977/2709 2748/1792/2703
f 2752/3974/2707 2753/3969/2708 2755/1793/2710 1082/3975/1039
f 1081/1797/1038 2750/3971/2705 2751/3973/2706
f 2758/1794/2713 1083/3976/1040 1085/1798/1042 2762/3979/2717
f 2754/3977/2709 2755/1793/2710 2748/1792/2703
f 729/1910/686 1081/1797/1038 2751/3973/2706
f 2758/1794/2713 2755/1793/2710 2754/3977/2709
f 1085/1798/1042 1083/3976/1040 2757/1796/2712
f 2759/1795/2714 1084/1806/1041 2755/1793/2710
f 836/3963/793 835/3967/792 2748/1792/2703 1079/1791/1036
f 2760/1801/2715 1085/1798/1042 1081/1797/1038
f 1084/1806/1041 2761/1807/2716 1082/3975/1039
f 1080/3970/1037 2747/1789/2702 2740/1800/2695
f 2751/3973/2706 2749/3972/2704 727/1893/684 728/4045/685
f 607/3964/564 2750/3971/2705 834/3965/791
f 2769/3981/2724 1086/3985/1043 1087/1814/1044 2770/1813/2725
f 728/4045/685 729/1910/686 2751/3973/2706
f 730/1802/687 2760/1801/2715 729/1910/686
f 731/1909/688 2763/1803/2718 730/1802/687
f 2764/1804/2719 2762/3979/2717 1085/1798/1042
f 1949/1820/1904 2761/1807/2716 2759/1795/2714
f 838/3883/795 2756/1690/2711 1082/3975/1039
f 838/3883/795 717/1682/674 2756/1690/2711
f 2769/3981/2724 2782/1829/2737 2761/1807/2716
f 2781/1808/2736 1087/1814/1044 837/1821/794
f 2780/1819/2735 2778/1812/2733 733/3986/690 2784/1834/2739
f 1089/1817/1046 1087/1814/1044 2771/3980/2726
f 2775/3984/2730 2774/1815/2729 1087/1814/1044
f 2779/1824/2734 1090/3983/1047 2774/1815/2729
f 2776/1818/2731 2775/3984/2730 1089/1817/1046
f 2804/1855/2759 2805/3993/2760 2829/1875/2784 842/1860/799
f 2780/1819/2735 839/1822/796 2777/1816/2732
f 2781/1808/2736 837/1821/794 2762/3979/2717
f 2767/1805/2722 2781/1808/2736 2764/1804/2719
f 731/1909/688 2767/1805/2722 2763/1803/2718
f 2783/1831/2738 839/1822/796 2780/1819/2735
f 719/1719/676 1855/1828/1810 1853/1827/1808
f 2773/3982/2728 1853/1827/1808 718/1830/675
f 2773/3982/2728 718/1830/675 2782/1829/2737
f 2770/1813/2725 2773/3982/2728 2782/1829/2737
f 1092/1836/1049 2786/1833/2741 2785/1832/2740
f 1093/3988/1050 1091/3987/1048 2787/1825/2742
f 841/3989/798 2860/1920/2815 2789/1842/2744
f 1869/1835/1824 2784/1834/2739 2856/1916/2811
f 2789/1842/2744 2788/1837/2743 841/3989/798
f 2793/1841/2748 2792/1840/2747 734/1921/691
f 2793/1841/2748 847/1930/804 2790/1838/2745
f 2798/1843/2753 606/1846/563 721/1739/678
f 1096/1934/1053 2801/1851/2756 2800/1847/2755
f 2807/3996/2762 2806/1859/2761 1860/3918/1815 1859/3916/1814
f 2809/4004/2764 2817/6204/2772 2813/6205/2768 843/6206/800
f 1858/6161/1813 2808/3998/2763 2807/3997/2762
f 1857/3906/1812 606/1846/563 1097/1845/1054
f 2817/6204/2772 2809/4004/2764 1100/4003/1057
f 2813/4001/2768 2819/6207/2774 2818/3948/2773 1099/4002/1056
f 2811/4008/2766 2810/1876/2765 2829/1875/2784
f 1100/6208/1057 2810/4007/2765 2814/4006/2769
f 2817/6209/2772 2820/6210/2775 2819/6207/2774 2813/4001/2768
f 1100/4003/1057 2821/6211/2776 2820/6212/2775 2817/6204/2772
f 2814/4006/2769 2822/4009/2777 2821/6213/2776 1100/6208/1057
f 1104/4016/1061 2826/1872/2781 2828/1874/2783 1103/1869/1060
f 2822/6214/2777 2815/6215/2770 2823/6216/2778
f 1101/1866/1058 2878/1947/2833 735/4024/692
f 2822/6217/2777 2823/4021/2778 2824/4020/2779
f 1104/6218/1061 2824/6219/2779 2825/6220/2780
f 2825/6221/2780 2827/4032/2782 2826/1872/2781 1104/4016/1061
f 2827/4032/2782 737/4031/694 2832/4027/2787 2826/1872/2781
f 1105/1884/1062 1103/6222/1060 2828/1882/2783
f 2830/1877/2785 2805/3993/2760 2874/3994/2829 2894/4050/2849
f 1861/3947/1816 1860/3918/1815 2806/1859/2761
f 1861/3947/1816 843/3995/800 1099/4002/1056
f 2829/1875/2784 2805/3993/2760 2830/1877/2785
f 735/4024/692 2831/6223/2786 2825/6224/2780 2824/4023/2779
f 2890/6225/2845 736/6226/693 2827/6227/2782 2831/6228/2786
f 2831/6228/2786 735/6229/692 2890/6225/2845
f 2837/6230/2792 1109/6231/1066 2839/6232/2794 2841/6233/2796
f 2832/4027/2787 737/4031/694 1872/3105/1827
f 1950/3092/1905 2832/4027/2787 1872/3105/1827
f 2043/3091/1998 2832/4027/2787 1950/3092/1905
f 1106/1873/1063 2832/4027/2787 2043/3091/1998
f 1862/1759/1817 1102/4025/1059 2833/1885/2788
f 2841/4039/2796 1108/4038/1065 2837/6234/2792
f 2840/6235/2795 2842/6236/2797 2841/6237/2796 2839/6238/2794
f 2841/4039/2796 2842/4044/2797 844/4042/801 2846/1891/2801
f 2845/6239/2800 2842/6240/2797 2843/6241/2798
f 844/4042/801 2845/4043/2800 2844/4040/2799
f 2742/3966/2697 2838/1890/2793 727/1893/684 607/3964/564
f 2846/1891/2801 2838/1890/2793 2841/4039/2796
f 2868/1937/2823 2869/1936/2824 741/1986/698 2871/1938/2826
f 2838/1890/2793 1868/1781/1823 2834/1895/2789
f 2834/1895/2789 726/1894/683 1107/6242/1064
f 2851/1900/2806 2852/1902/2807 2847/1896/2802
f 2849/1897/2804 2846/1891/2801 2850/1903/2805
f 740/1904/697 2850/1903/2805 609/4041/566
f 2851/1900/2806 730/1802/687 2852/1902/2807
f 2857/1908/2812 2856/1916/2811 733/3986/690
f 2857/1908/2812 733/3986/690 2768/1811/2723
f 2859/1974/2814 2861/1922/2816 2913/1914/2868
f 2862/1924/2817 2863/1926/2818 2861/1922/2816
f 2921/1973/2876 2865/4047/2820 1875/4046/1830
f 846/1929/803 734/1921/691 1955/1923/1910
f 2867/4048/2822 1114/1933/1071 1113/1928/1070
f 1115/4051/1072 2875/4054/2830 2816/4053/2771 1871/1878/1826
f 1956/1942/1911 2876/1948/2831 2874/3994/2829
f 1115/4051/1072 2876/1948/2831 2877/1950/2832 2875/4054/2830
f 2875/6243/2830 2879/1945/2834 2878/1947/2833 2893/6244/2848
f 2876/1948/2831 1956/1942/1911 742/1954/699
f 2877/1950/2832 2881/4064/2836 2880/6245/2835 1116/4056/1073
f 2892/1946/2847 2879/1945/2834 1116/4059/1073
f 2882/1953/2837 2892/1946/2847 1116/4059/1073
f 2886/4060/2841 2885/6246/2840 2889/6247/2844 2884/4062/2839
f 2880/4058/2835 2881/6248/2836 743/4061/700
f 2887/3163/2842 2886/4060/2841 2882/1953/2837
f 2887/3163/2842 2882/1953/2837 744/1952/701
f 2886/4060/2841 1957/4066/1912 1958/6249/1913 2885/6246/2840
f 2883/1951/2838 743/4061/700 2937/4065/2892
f 2885/6250/2840 1958/6251/1913 1959/6252/1914 2889/6253/2844
f 2896/6254/2851 2897/4072/2852 1117/4071/1074 2895/6255/2850
f 1872/3105/1827 2889/4068/2844 849/4067/806
f 736/6226/693 2890/6225/2845 2884/6256/2839
f 737/4031/694 736/4033/693 2889/4068/2844
f 735/4024/692 2878/1947/2833 2892/1946/2847
f 2878/1947/2833 2816/1864/2771 2893/6244/2848
f 2894/4050/2849 1871/1878/1826 2830/1877/2785
f 1118/4070/1075 740/1904/697 1117/4071/1074
f 2906/4077/2861 1117/4071/1074 740/1904/697 609/4041/566
f 1118/4070/1075 2897/4072/2852 1119/4075/1076
f 1119/4075/1076 2897/4072/2852 2898/6257/2853
f 1118/4070/1075 1119/4075/1076 2903/4074/2858
f 2902/4073/2857 1118/4070/1075 2903/4074/2858
f 2903/4074/2858 1120/4076/1077 2900/4084/2855
f 2902/4073/2857 2903/4074/2858 2905/2010/2860
f 2902/4073/2857 1879/1958/1834 2904/1899/2859
f 851/1968/808 2916/1970/2871 2918/1976/2873 852/1979/809
f 1117/4071/1074 2906/4077/2861 2907/6258/2862
f 2905/2010/2860 751/4083/708 752/2008/709
f 2909/1961/2864 2913/1914/2868 2956/1960/2911
f 2955/1965/2910 2909/1961/2864 2956/1960/2911
f 851/1968/808 852/1979/809 2914/1977/2869
f 2942/2000/2897 2935/4088/2890 2881/4064/2836 2888/1949/2843
f 2920/1927/2875 2921/1973/2876 2917/1972/2872
f 2928/1989/2883 2931/1993/2886 2930/4085/2885
f 2926/1985/2881 2929/1988/2884 1121/1982/1078
f 854/1994/811 4513/1992/4458 853/1991/810
f 2934/1997/2889 2933/1955/2888 854/1994/811
f 2939/2002/2894 2935/4088/2890 2942/2000/2897
f 2938/2004/2893 2935/4088/2890 2939/2002/2894
f 1123/4086/1080 2935/4088/2890 2938/2004/2893
f 1122/1999/1079 2939/2002/2894 2942/2000/2897
f 1963/3204/1918 1123/4090/1080 2938/6259/2893
f 1963/6260/1918 2938/2004/2893 1962/2003/1917
f 2941/2045/2896 1122/1999/1079 757/2001/714
f 2099/4089/2054 2941/2045/2896 1881/1193/1836
f 2103/3184/2058 2940/4091/2895 1123/4090/1080
f 2103/3184/2058 1123/4090/1080 856/3186/813
f 2940/4091/2895 744/1952/701 1123/4090/1080
f 744/1952/701 2937/4065/2892 1123/4090/1080
f 2944/6261/2899 1124/2007/1081 2953/4093/2908 2943/4109/2898
f 2978/6262/2931 1966/4130/1921 863/2050/820 2979/4127/2932
f 752/2008/709 751/4083/708 2953/6263/2908
f 753/2009/710 752/2008/709 1128/2013/1085
f 752/2008/709 2953/6263/2908 2947/4098/2902
f 2947/4098/2902 2953/6263/2908 1126/4099/1083
f 1128/2013/1085 1129/4104/1086 2952/2011/2907
f 2958/2023/2913 2959/1971/2914 754/1967/711
f 1137/2043/1094 2963/2046/2918 859/2035/816
f 2964/2041/2919 2965/2039/2920 1135/2038/1092
f 2966/2048/2921 2965/2039/2920 2968/2042/2923
f 2964/2041/2919 1135/2038/1092 3003/2037/2956
f 1884/6264/1839 2970/4115/2925 1883/4114/1838
f 861/3246/818 2966/2048/2921 2969/4113/2924
f 861/3246/818 862/3248/819 2966/2048/2921
f 2967/2044/2922 2124/1192/2079 2941/2045/2896
f 2974/4124/2928 1129/4104/1086 1139/4122/1095
f 2974/4124/2928 2975/4123/2929 2976/4125/2930
f 1140/4126/1096 2979/4127/2932 863/2050/820 2974/4124/2928
f 2984/2052/2937 1786/4132/1741 1787/2055/1742 2982/2053/2935
f 762/2017/719 2974/4124/2928 863/2050/820
f 2952/2011/2907 1129/4104/1086 2974/4124/2928
f 762/2017/719 2952/2011/2907 2974/4124/2928
f 1786/4132/1741 1965/4131/1920 603/6265/560
f 2986/6266/2939 2985/4138/2938 2988/4137/2941 2989/6267/2942
f 648/2998/605 1142/4133/1098 864/2024/821
f 648/2998/605 864/2024/821 1967/2056/1922
f 649/2061/606 1142/4133/1098 648/2998/605
f 865/2063/822 1143/2058/1099 1142/4133/1098
f 2985/4134/2938 1143/2058/1099 865/2063/822
f 2989/6268/2942 1145/4136/1101 2986/4135/2939
f 2989/6267/2942 2988/4137/2941 2990/4139/2943 1968/4173/1923
f 1979/3052/1934 874/5912/831 878/1079/835 877/3047/834
f 1789/3000/1744 2985/4138/2938 1788/6269/1743
f 1790/3002/1745 2988/4137/2941 1789/3000/1744
f 1968/4173/1923 1145/6270/1101 2989/6267/2942
f 1144/2059/1100 1145/4136/1101 1968/6271/1923 3010/4142/2963
f 1969/2060/1924 3010/4142/2963 2991/4141/2944 2993/4157/2946
f 3010/4142/2963 1969/2060/1924 1144/2059/1100
f 2993/4157/2946 2991/4141/2944 2996/4148/2949 1148/4150/1104
f 1147/4144/1103 2994/4147/2947 1146/4145/1102
f 2995/4143/2948 1146/4145/1102 2990/4139/2943
f 2991/6272/2944 2994/4147/2947 2997/4146/2950 2996/4154/2949
f 3003/2037/2956 1969/2060/1924 2993/4157/2946 3004/4156/2957
f 3000/4151/2953 2993/4157/2946 1148/4150/1104
f 1149/4153/1105 2998/4165/2951 2996/4154/2949
f 2999/4152/2952 2996/4154/2949 2997/4146/2950
f 1150/2067/1106 2999/4160/2952 1147/4155/1103
f 3002/2066/2955 1147/4155/1103 2995/2064/2948
f 1151/6273/1107 3002/2066/2955 2992/2065/2945
f 3010/6274/2963 1968/4173/1923 1146/4145/1102 2994/4147/2947
f 1153/4162/1109 2998/4165/2951 1149/4153/1105
f 3001/4161/2954 1149/4153/1105 2999/4152/2952
f 3007/4163/2960 3004/4156/2957 3000/4151/2953
f 3005/4164/2958 1152/4172/1108 2998/4165/2951
f 1154/4169/1110 3005/4164/2958 1153/4162/1109
f 1150/2067/1106 1153/4167/1109 3001/4159/2954
f 3004/4156/2957 870/2078/827 3003/2037/2956
f 3013/4171/2966 3007/6275/2960 1152/4172/1108
f 3008/4170/2961 1152/4172/1108 3005/4164/2958
f 3009/2069/2962 1154/4166/1110 1150/2067/1106
f 2990/4139/2943 1790/3002/1745 3011/4174/2964 2992/2070/2945
f 3011/4174/2964 1790/3002/1745 4490/3001/4435 3012/2071/2965
f 3012/2071/2965 3043/6276/2996 867/6277/824 1151/2072/1107
f 3008/6278/2961 1154/4166/1110 3009/2069/2962 1970/4175/1925
f 867/2076/824 3002/2066/2955 1151/6273/1107
f 1970/6279/1925 3013/4171/2966 3008/4170/2961
f 3007/6275/2960 3013/4171/2966 868/4202/825 1971/4204/1926
f 3006/4168/2959 3007/4163/2960 1971/6280/1926 869/4178/826
f 3015/6281/2968 1156/6282/1112 1159/6283/1115 3020/6284/2973
f 1972/4179/1927 870/2078/827 3006/4168/2959
f 1157/4182/1113 3048/4111/3001 3014/4180/2967
f 3014/4180/2967 3015/6285/2968 3020/6286/2973 1158/4181/1114
f 1156/6282/1112 3016/4203/2969 3026/6287/2979 1159/6283/1115
f 3019/2084/2972 3016/4183/2969 868/4176/825
f 868/4176/825 3017/2079/2970 3021/2081/2974 3019/2084/2972
f 1157/4182/1113 1158/4181/1114 1161/6288/1117 3024/4185/2977
f 3020/6284/2973 1159/6283/1115 1162/6289/1118 3025/6290/2978
f 1158/6291/1114 3020/6284/2973 3025/6290/2978 1161/6292/1117
f 3021/2081/2974 3028/4184/2981 1163/4192/1119 3027/4188/2980
f 1167/6293/1123 3022/6294/2975 867/4207/824 1164/4206/1120
f 3023/2082/2976 3028/4184/2981 3018/2080/2971
f 3024/6295/2977 1161/6292/1117 1166/6296/1122 3029/6297/2982
f 1167/4193/1123 3023/2082/2976 3022/2077/2975
f 1160/4186/1116 3024/4185/2977 3029/6298/2982 1165/6299/1121
f 1161/6292/1117 3025/6290/2978 3034/6300/2987 1166/6296/1122
f 1165/6301/1121 3029/6302/2982 1166/6303/1122 1168/6304/1124
f 3030/2085/2983 1162/2086/1118 3026/2083/2979
f 3023/2082/2976 1163/4192/1119 3028/4184/2981
f 1167/4193/1123 1163/4192/1119 3023/2082/2976
f 1164/4206/1120 3031/6305/2984 1167/6293/1123
f 3032/4195/2985 3019/2084/2972 3027/4188/2980 3035/4191/2988
f 1169/2087/1125 3034/4189/2987 1162/2086/1118
f 3032/4195/2985 3030/2085/2983 3019/2084/2972
f 3038/6306/2991 3041/2098/2994 1977/4197/1932 1169/2087/1125
f 1163/6307/1119 3035/6308/2988 3027/6309/2980
f 3040/4198/2993 1168/4214/1124 1166/6310/1122
f 3038/6306/2991 1169/2087/1125 3030/2085/2983
f 3032/4195/2985 3038/6306/2991 3030/2085/2983
f 1170/2091/1126 3036/4194/2989 3035/4191/2988
f 3037/4196/2990 3031/2089/2984 3033/4211/2986
f 3034/4189/2987 3040/4198/2993 1166/6310/1122
f 1169/2087/1125 3040/4198/2993 3034/4189/2987
f 3038/6306/2991 3032/4195/2985 3041/2098/2994
f 3036/4194/2989 3042/2096/2995 3041/2098/2994 3032/4195/2985
f 1972/4179/1927 869/4178/826 1156/6311/1112 3015/6285/2968
f 3039/2093/2992 1171/2092/1127 872/2094/829
f 3042/2096/2995 3039/2093/2992 1975/2095/1930
f 870/2078/827 1972/4179/1927 3015/6285/2968 3014/4180/2967
f 869/6312/826 1971/4204/1926 3016/4203/2969 1156/6282/1112
f 3045/6313/2998 652/6314/609 653/5917/610 1973/3053/1928
f 3017/2079/2970 868/4176/825 1970/4175/1925
f 3017/2079/2970 1970/4175/1925 3009/2069/2962
f 3018/2080/2971 3017/2079/2970 3009/2069/2962
f 3075/6315/3027 3043/6316/2996 650/6317/607
f 1791/6318/1746 867/6319/824 3043/6316/2996
f 3075/6315/3027 1791/6318/1746 3043/6316/2996
f 3044/4209/2997 1164/4206/1120 1791/4205/1746
f 3044/4209/2997 3031/6305/2984 1164/4206/1120
f 3044/6320/2997 3033/4211/2986 3031/2089/2984
f 651/5876/608 3033/4211/2986 3044/6320/2997
f 3045/4210/2998 3033/4211/2986 651/5876/608
f 3047/6321/3000 1168/4214/1124 1978/4213/1933 1884/3065/1839
f 1973/6322/1928 871/4200/828 3045/4210/2998
f 1884/6323/1839 1883/6324/1838 3047/6325/3000
f 1882/2047/1837 1165/6299/1121 1168/6326/1124 3047/4215/3000
f 3048/4111/3001 1160/4186/1116 1165/6299/1121 1882/2047/1837
f 3275/4247/3227 3280/4224/3232 3255/4222/3207 1459/4235/1415
f 1160/4186/1116 3048/4111/3001 1157/4182/1113
f 3276/4219/3228 1459/4235/1415 3255/4222/3207 3256/4218/3208
f 1460/2101/1416 3260/2100/3212 3258/4230/3210 3248/5775/3200
f 1460/2101/1416 3253/4220/3205 3254/4216/3206
f 3261/4223/3213 3279/4229/3231 3265/2108/3217 3262/2106/3214
f 3261/4223/3213 1462/2105/1418 3255/4222/3207
f 3263/4225/3215 1461/2099/1417 3257/4221/3209
f 3264/2103/3216 3268/2111/3220 3267/4233/3219 3278/4226/3230
f 3266/2110/3218 3270/2109/3222 3272/2119/3224 3271/2112/3223
f 3251/6327/3203 1314/4248/1270 3275/4247/3227 4431/5776/4378
f 3268/2115/3220 3258/4230/3210 3273/2113/3225
f 3273/2113/3225 4494/6328/4439 4493/6329/4438 3274/2114/3226
f 1459/4235/1415 4431/5776/4378 3275/4247/3227
f 3252/4217/3204 3250/4236/3202 3276/4219/3228
f 3249/2948/3201 3252/4217/3204 3253/4220/3205
f 1759/5758/1714 3253/4220/3205 1460/2101/1416
f 1759/5758/1714 1460/2101/1416 3248/5775/3200
f 3277/4227/3229 3248/2104/3200 3264/2103/3216
f 3050/4238/3003 3278/4226/3230 3051/4239/3004
f 1182/4240/1138 3267/4233/3219 3274/4232/3226
f 4448/4242/4395 1182/4240/1138 3274/4232/3226
f 3406/6330/3358 1315/4246/1271 3279/4229/3231 3280/4224/3232
f 4494/6328/4439 3273/2113/3225 3076/2120/3028
f 3161/4243/3113 3269/4228/3221 3160/4245/3112
f 3269/4228/3221 3279/4229/3231 3160/4245/3112
f 3289/2146/3241 3293/4252/3245 3292/4251/3244 3290/2455/3242
f 3261/4223/3213 3280/4224/3232 3279/4229/3231
f 3280/4224/3232 1314/4248/1270 3406/6330/3358
f 3283/2131/3235 1464/2130/1420 3285/2122/3237
f 1463/2140/1419 4452/2141/4399 4451/2139/4398
f 1467/2148/1423 3294/4253/3246 1215/2151/1171 3298/2149/3250
f 3307/6331/3259 4515/6332/4460 3306/4261/3258 3305/4259/3257
f 3318/2167/3270 1470/2166/1426 3304/2171/3256
f 3219/6333/3171 3318/2167/3270 3305/4256/3257
f 1425/4257/1381 3305/4259/3257 3306/4261/3258
f 3307/4263/3259 3304/2171/3256 3311/4262/3263
f 3305/4256/3257 3304/2171/3256 3307/4263/3259
f 3306/4261/3258 1280/4275/1236 4516/4274/4461 3319/4260/3271
f 3306/4261/3258 4515/6332/4460 3308/4276/3260
f 3315/2169/3267 3310/2170/3262 1470/2166/1426
f 3309/6334/3261 3311/4262/3263 3313/2173/3265
f 4187/4267/4139 1427/2168/1383 3318/2167/3270
f 1424/4272/1380 3218/4270/3170 3319/4260/3271
f 3139/6335/3091 3319/6336/3271 4516/4346/4461
f 4515/6332/4460 3309/4279/3261 4517/4278/4462 3308/4276/3260
f 3141/4344/3093 3308/4276/3260 1281/6337/1237
f 1280/4275/1236 3308/4276/3260 3141/4344/3093
f 3308/4276/3260 4517/4278/4462 3142/4306/3094 1281/6337/1237
f 3309/6334/3261 3313/2173/3265 3321/6338/3273 3320/6339/3272
f 3317/2172/3269 3316/2163/3268 4504/4281/4449 3084/6340/3036
f 3321/6338/3273 3313/2173/3265 1282/4280/1238
f 1282/4280/1238 3317/2172/3269 3084/6340/3036
f 3325/6341/3277 3327/4287/3279 3349/4286/3301 1471/4323/1427
f 3358/4345/3310 3140/4289/3092 3329/4288/3281
f 3358/4345/3310 3329/4288/3281 1472/6342/1428
f 3322/4283/3274 3358/6343/3310 1472/6344/1428
f 3322/4283/3274 1472/6344/1428 3325/4284/3277
f 3327/4287/3279 3328/4329/3280 3326/6345/3278 3323/4285/3275
f 3324/6346/3276 3323/4285/3275 3326/6345/3278
f 3336/6347/3288 3337/4300/3289 3329/6348/3281 1473/6349/1429
f 1472/6342/1428 3329/4288/3281 3332/4293/3284
f 1472/6342/1428 3332/4293/3284 3330/2181/3282
f 3325/4284/3277 1472/6344/1428 3330/2178/3282
f 3331/2177/3283 3325/4284/3277 3330/2178/3282
f 4518/6350/4463 3339/4301/3291 3337/4300/3289 3336/6347/3288
f 3332/4293/3284 3337/4294/3289 1474/4295/1430
f 3330/2181/3282 3332/4293/3284 3334/2179/3286
f 3333/2180/3285 3334/2179/3286 3338/6351/3290
f 3333/4297/3285 3338/6352/3290 1475/4298/1431
f 3142/4306/3094 3341/4303/3293 3339/4301/3291 4518/6350/4463
f 3341/4303/3293 1476/4307/1432 3334/6353/3286 1474/4302/1430
f 1476/6354/1432 1477/4313/1433 3338/6351/3290 3334/2179/3286
f 1477/4313/1433 1478/6355/1434 1475/6356/1431 3338/6351/3290
f 3083/2190/3035 3355/6357/3307 3345/4316/3297 3342/2191/3294
f 3335/4296/3287 1475/4298/1431 3340/4304/3292
f 3341/4303/3293 3342/2191/3294 3343/4308/3295
f 3343/4308/3295 3342/2191/3294 1480/4311/1436
f 1477/4313/1433 1480/6358/1436 1481/4314/1437
f 1478/6355/1434 1477/4313/1433 3344/4312/3296
f 3344/4312/3296 1481/4314/1437 1482/4318/1438
f 3354/4317/3306 3353/6359/3305 3346/6360/3298 1480/4311/1436
f 1480/4311/1436 3342/2191/3294 3345/4316/3297
f 3345/4316/3297 3355/6357/3307 3354/4317/3306
f 3347/4339/3299 3352/6361/3304 1482/6362/1438 3346/6360/3298
f 1481/6363/1437 1480/4311/1436 3346/6360/3298
f 3346/6360/3298 3353/6359/3305 3347/4339/3299
f 3322/6364/3274 3348/4322/3300 1440/6365/1396 1441/6366/1397
f 3139/6335/3091 4516/4346/4461 3358/4345/3310
f 1442/4321/1398 3139/4271/3091 3358/6343/3310
f 1442/4321/1398 3358/6343/3310 3322/4283/3274
f 3348/4322/3300 3349/4286/3301 1439/6367/1395 1440/6365/1396
f 3348/4322/3300 3322/6368/3274 1471/4323/1427
f 3349/6369/3301 3350/4325/3302 1722/4324/1677 1439/6370/1395
f 3323/6371/3275 3324/4327/3276 4242/2834/4193 3350/4325/3302
f 3350/6372/3302 3349/4286/3301 3323/4285/3275
f 3328/4329/3280 3351/2207/3303 1296/2209/1252 3326/6345/3278
f 4242/2834/4193 3324/4327/3276 1296/4326/1252
f 3344/6373/3296 1298/4334/1254 3340/4304/3292 1478/4305/1434
f 664/3174/621 1799/4340/1754 3347/4339/3299 3353/6359/3305
f 1298/4333/1254 1482/4318/1438 3153/4335/3105
f 3352/6361/3304 1213/4338/1169 3081/5896/3033
f 3082/6374/3034 664/3174/621 3353/6359/3305 3354/4317/3306
f 3352/6361/3304 3347/4339/3299 1213/4338/1169
f 3082/6374/3034 3354/4317/3306 4502/6375/4447
f 3320/4277/3272 3321/6376/3273 3357/4341/3309 4517/4278/4462
f 3355/6357/3307 3083/2190/3035 4502/6377/4447
f 3357/5904/3309 3321/6338/3273 1282/4280/1238
f 4517/4278/4462 3357/4341/3309 1479/4315/1435 3142/4306/3094
f 4518/6350/4463 3336/6347/3288 1473/6349/1429 1281/6337/1237
f 4518/6350/4463 1281/6337/1237 3142/4306/3094
f 1281/6337/1237 1473/6349/1429 3140/6378/3092 3141/4344/3093
f 3365/4350/3317 1485/2202/1441 1307/2201/1263 3367/4358/3319
f 3359/2193/3311 3360/2192/3312 1484/2195/1440
f 3360/2192/3312 3376/4348/3328 1484/2195/1440
f 3362/2199/3314 3376/4348/3328 3375/4371/3327
f 3362/2199/3314 3375/4371/3327 3366/2197/3318
f 3375/4371/3327 3374/4366/3326 3366/2197/3318
f 3373/6379/3325 3372/6380/3324 1308/4429/1264 3369/6381/3321
f 3366/4354/3318 3374/6382/3326 4501/4352/4446
f 3364/2198/3316 3368/4351/3320 3370/4355/3322
f 1485/2202/1441 3370/4355/3322 3373/6383/3325
f 1485/2202/1441 3373/6383/3325 3369/2200/3321
f 4499/4361/4444 4442/6384/4389 3371/6385/3323 3372/4359/3324
f 3386/2223/3338 3363/4349/3315 3365/4350/3317
f 3371/6385/3323 4442/6384/4389 1212/5888/1168
f 1308/4429/1264 3372/6380/3324 3371/4430/3323
f 1297/4331/1253 3375/4371/3327 3376/4348/3328 3351/4332/3303
f 3373/4360/3325 3080/6386/3032 4499/4361/4444
f 3370/4363/3322 3368/4353/3320 1797/4365/1752
f 3080/3034/3032 3370/4363/3322 1797/4365/1752
f 3153/4335/3105 3081/4337/3033 4501/6387/4446
f 1451/4407/1407 3379/6388/3331 3382/4413/3334 1450/4405/1406
f 3379/4376/3331 3377/4374/3329 3378/4373/3330
f 3387/4379/3339 1487/2211/1443 3388/4387/3340 3380/4380/3332
f 3382/4413/3334 3379/6388/3331 3381/6389/3333
f 3387/4379/3339 3383/4377/3335 3413/2224/3365
f 3384/4385/3336 3381/4382/3333 1486/4381/1442
f 3385/6390/3337 3382/4386/3334 3384/4385/3336
f 3387/4379/3339 3413/2224/3365 3386/2223/3338
f 3392/2212/3344 1489/4395/1445 3395/6391/3347 3393/6392/3345
f 3389/4389/3341 3384/4391/3336 1486/6393/1442
f 3389/4394/3341 1486/4388/1442 3388/4387/3340
f 3391/2213/3343 3388/4387/3340 1487/2211/1443
f 1488/4393/1444 3390/4392/3342 3391/2213/3343
f 3390/4392/3342 3389/4394/3341 3388/4387/3340
f 3393/6392/3345 3391/2213/3343 3392/2212/3344
f 3393/6394/3345 3395/4400/3347 3396/6395/3348 3394/6396/3346
f 3394/4396/3346 3391/2213/3343 3393/6392/3345
f 3394/6396/3346 3397/4403/3349 1490/6397/1446 1488/6398/1444
f 3397/4403/3349 3394/6396/3346 3396/6395/3348
f 3395/4400/3347 3400/4398/3352 3403/6399/3355 3396/6395/3348
f 3398/2214/3350 3412/4428/3364 3399/4427/3351
f 1489/2215/1445 3398/2214/3350 3399/4427/3351
f 3400/4398/3352 3410/4397/3362 3402/4425/3354
f 3397/6400/3349 3404/4421/3356 3409/4417/3361 1490/4419/1446
f 3403/6399/3355 3400/4398/3352 3402/4425/3354
f 3401/4404/3353 3396/6395/3348 3403/6399/3355
f 3397/4403/3349 3396/6395/3348 3401/4404/3353
f 3382/6401/3334 3385/4390/3337 3406/6330/3358 1314/4248/1270
f 1453/6402/1409 3414/2205/3366 1452/2210/1408
f 1451/2922/1407 3236/2219/3188 3377/4374/3329
f 3405/4412/3357 1450/4405/1406 3382/4413/3334
f 3407/6403/3359 3408/4418/3360 3160/4245/3112 1315/4246/1271
f 3406/6330/3358 3385/4390/3337 3389/4389/3341
f 1315/4246/1271 3406/6330/3358 3407/6404/3359
f 3407/4415/3359 3389/6405/3341 1488/4416/1444
f 3408/4418/3360 1488/6406/1444 1490/4419/1446
f 3408/4418/3360 3409/4417/3361 3161/4243/3113 3160/4245/3112
f 3409/4417/3361 3404/4421/3356 4497/4420/4442 3162/4244/3114
f 3162/4244/3114 3161/4243/3113 3409/4417/3361
f 3404/4402/3356 3401/4404/3353 1209/6407/1165
f 3402/4425/3354 1210/4424/1166 3078/6408/3030 3403/6399/3355
f 3403/6399/3355 3078/6408/3030 1209/6407/1165 3401/4404/3353
f 4498/6409/4443 3079/5881/3031 3410/6410/3362 3411/6411/3363
f 3402/4425/3354 3410/4397/3362 3079/4423/3031
f 3410/6412/3362 3399/4427/3351 3411/4426/3363
f 3369/6381/3321 1308/4429/1264 3412/4428/3364 3398/2214/3350
f 3411/4426/3363 1211/4431/1167 4498/6413/4443
f 3411/4426/3363 3412/4428/3364 1211/4431/1167
f 1307/2216/1263 3369/6381/3321 3398/2214/3350
f 3415/4437/3367 3418/2229/3370 3421/2226/3373 3416/4438/3368
f 1487/2211/1443 3386/2223/3338 3367/4358/3319
f 3413/2224/3365 1306/4378/1262 3361/2225/3313
f 3448/4457/3400 3435/2256/3387 1494/2258/1450 3449/4446/3401
f 3431/2228/3383 3416/4438/3368 3421/2226/3373
f 1492/2234/1448 3422/4440/3374 3419/4434/3371
f 3422/4440/3374 3420/4435/3372 3419/4434/3371
f 3420/4435/3372 3422/4440/3374 3424/2232/3376
f 1492/2234/1448 3433/2248/3385 3432/2235/3384
f 3426/2238/3378 1491/2227/1447 3423/2230/3375
f 1192/6414/1148 1191/6415/1147 3049/2252/3002
f 3417/2251/3369 1192/6414/1148 3049/2252/3002
f 3416/4438/3368 1193/4441/1149 3415/4437/3367
f 1194/4442/1150 3416/4438/3368 1172/4439/1128
f 1217/4444/1173 1491/2227/1447 3426/2238/3378
f 1217/4444/1173 3426/2238/3378 3587/2242/3539
f 3432/2235/3384 1181/2247/1137 1325/2240/1281
f 3439/6416/3391 3441/4448/3393 3445/4464/3397 3440/4460/3392
f 3436/2254/3388 1494/2258/1450 1496/4447/1452
f 1495/2253/1451 1494/2258/1450 3436/2254/3388
f 3437/2259/3389 3436/2254/3388 3439/6416/3391
f 3438/2257/3390 3442/2262/3394 3443/4453/3395 1496/4447/1452
f 3437/2259/3389 3439/6416/3391 3440/4460/3392
f 3442/2262/3394 3446/2266/3398 3450/4468/3402 3443/4453/3395
f 3443/4453/3395 3441/4448/3393 1496/4447/1452
f 3444/4452/3396 3445/4464/3397 3441/4448/3393
f 3446/2266/3398 3442/2262/3394 3063/2261/3016
f 3443/4453/3395 3450/4468/3402 1326/4455/1282 3444/4452/3396
f 3445/4464/3397 3444/4452/3396 3447/4456/3399 3088/2370/3040
f 3062/4454/3015 4439/6417/4386 1328/6418/1284 3446/2266/3398
f 1495/2253/1451 1324/2241/1280 3449/4446/3401
f 3434/2255/3386 3430/2237/3382 1323/2246/1279
f 1348/2243/1304 3430/2237/3382 3434/2255/3386
f 1218/4799/1174 3445/4464/3397 3088/2370/3040
f 3458/4475/3410 3457/4473/3409 4519/4471/4464 3454/4470/3406
f 3448/4457/3400 3451/4458/3403 3435/2256/3387
f 3457/4478/3409 1500/4484/1456 3459/4480/3411 1220/4476/1176
f 1500/6419/1456 3457/4473/3409 1499/4479/1455
f 3464/6420/3416 3452/6421/3404 3446/6422/3398 1328/4486/1284
f 3455/2264/3407 3461/2263/3413 3460/4482/3412
f 3461/2263/3413 1498/2265/1454 3463/2279/3415
f 1500/6423/1456 1499/6424/1455 1330/6425/1286
f 3462/4483/3414 1500/4484/1456 1330/4501/1286
f 1328/4486/1284 4469/4485/4416 3464/6420/3416
f 3473/4513/3425 1502/2283/1458 1501/4512/1457 3472/4511/3424
f 1327/2268/1283 1497/4469/1453 3454/4470/3406
f 3453/4472/3405 1326/4455/1282 4519/4471/4464
f 3089/2381/3041 3088/2370/3040 3453/4472/3405
f 3456/4474/3408 3089/2381/3041 3453/4472/3405
f 1222/4495/1178 1221/4481/1177 3459/4480/3411
f 3091/4496/3043 1222/6426/1178 3462/4497/3414
f 3092/2383/3044 3462/4497/3414 3164/4499/3116
f 3463/2279/3415 1188/4502/1144 3061/2294/3014
f 1498/2265/1454 1188/4502/1144 3463/2279/3415
f 3464/4504/3416 1189/4503/1145 3452/2267/3404
f 3468/4510/3420 3467/4509/3419 3483/2281/3435
f 3472/4511/3424 3468/4510/3420 3483/2281/3435
f 1223/2394/1179 3469/4508/3421 1501/4512/1457
f 3482/4506/3434 4520/2273/4465 3477/4514/3429
f 3471/4507/3423 3482/4506/3434 3477/4514/3429
f 3473/4513/3425 3471/4507/3423 3477/4514/3429
f 3475/4515/3427 3474/2276/3426 1502/2283/1458 3473/4513/3425
f 4520/2273/4465 3470/2270/3422 1503/2269/1459
f 1334/2291/1290 1187/2290/1143 3166/6427/3118 3165/4557/3117
f 3475/4515/3427 3477/4514/3429 3479/4520/3431
f 3474/2276/3426 3479/4520/3431 3481/2274/3433
f 3476/2275/3428 3481/2274/3433 3484/2286/3436
f 3478/4516/3430 3486/2292/3438 1334/2291/1290
f 3480/4521/3432 1504/2272/1460 3478/4516/3430
f 3479/4520/3431 3480/4521/3432 3481/2274/3433
f 3463/2279/3415 3061/2294/3014 3465/2277/3417
f 3164/4499/3116 1329/4498/1285 3467/4509/3419
f 3710/4527/3662 3093/4526/3045 3469/4508/3421
f 1223/2394/1179 1502/2283/1458 3094/2392/3046
f 3094/2392/3046 1502/2283/1458 1224/2284/1180
f 3095/2288/3047 3484/2286/3436 3481/2274/3433
f 3480/4521/3432 3485/2301/3437 1332/2289/1288
f 3485/2301/3437 3480/4521/3432 1333/4529/1289
f 1333/4529/1289 3478/4516/3430 1334/2291/1290
f 3492/4533/3444 3493/4532/3445 3488/4531/3440 1505/4578/1461
f 3486/2292/3438 3060/4530/3013 1187/2290/1143
f 1503/2269/1459 3060/4530/3013 3486/2292/3438
f 1505/4578/1461 3488/4531/3440 3510/4556/3462
f 3489/2296/3441 3511/2287/3463 3491/2297/3443
f 3490/2299/3442 3511/2287/3463 3489/2296/3441
f 3492/4533/3444 1507/6428/1463 3494/4534/3446
f 3515/4550/3467 1509/4546/1465 3502/4545/3454 3516/4572/3468
f 3493/4532/3445 3494/4534/3446 3495/6429/3447
f 3491/2297/3443 3493/4532/3445 3495/6429/3447
f 3496/4536/3448 3491/2297/3443 3495/6429/3447
f 1506/2295/1462 3491/2297/3443 3496/4536/3448
f 3489/2296/3441 1506/2295/1462 1508/4535/1464
f 3497/4538/3449 3516/6430/3468 3501/4539/3453
f 1507/4541/1463 3497/4538/3449 3498/4537/3450
f 3494/4540/3446 3498/4537/3450 3499/4542/3451
f 3504/2300/3456 3496/4536/3448 1508/4535/1464
f 3502/4544/3454 3503/2307/3455 3495/4543/3447 3499/4542/3451
f 3501/6431/3453 3516/4572/3468 3502/4545/3454
f 3165/4557/3117 3166/6427/3118 3059/4580/3012 3510/4556/3462
f 3496/2306/3448 3495/4543/3447 3503/2307/3455
f 3505/6432/3457 3504/4548/3456 3506/4549/3458
f 1509/4546/1465 3514/4551/3466 1337/4553/1293
f 3505/6432/3457 3506/4549/3458 3509/4555/3461
f 3507/6433/3459 3509/4555/3461 3512/6434/3464
f 3507/6433/3459 3505/6432/3457 3509/4555/3461
f 1225/4560/1181 3512/4559/3464 1175/2424/1131 1365/2425/1321
f 3485/2301/3437 1333/4529/1289 3488/4531/3440
f 3096/6435/3048 3095/2288/3047 3097/4528/3049
f 3097/4528/3049 3511/2287/3463 3490/2299/3442
f 3098/4558/3050 3500/2298/3452 3505/4552/3457
f 3507/4561/3459 3098/4558/3050 3505/4552/3457
f 1336/2302/1292 1335/4564/1291 3509/4555/3461 3508/2303/3460
f 1897/6436/1852 3513/4567/3465 3514/4566/3466 625/5811/582
f 3542/4646/3494 1512/4590/1468 3517/6437/3469 3543/6438/3495
f 3513/4568/3465 3167/4569/3119 1338/4554/1294
f 3057/5809/3010 625/5811/582 3514/4566/3466
f 3515/4550/3467 3057/4571/3010 3514/4551/3466
f 3058/4574/3011 4460/4570/4407 3515/4550/3467
f 3516/4572/3468 3058/4574/3011 3515/4550/3467
f 3492/4576/3444 627/4575/584 1507/4541/1463
f 3510/4556/3462 3059/4580/3012 1505/4578/1461
f 3526/6439/3478 1514/4609/1470 1515/4608/1471 3527/4605/3479
f 3517/6437/3469 1512/4590/1468 1510/4589/1466
f 1510/4589/1466 3519/6440/3471 3517/6437/3469
f 1336/4582/1292 3519/4600/3471 1511/4583/1467
f 3519/4597/3471 1510/6441/1466 3522/4596/3474
f 3522/4592/3474 1510/6442/1466 3521/4593/3473
f 1511/4587/1467 3524/2314/3476 3523/2308/3475
f 1516/4638/1472 3535/4637/3487 3536/2325/3488 3533/4618/3485
f 3527/6443/3479 1513/4642/1469 3526/4640/3478
f 3528/2313/3480 1515/4608/1471 3533/2311/3485
f 3527/4605/3479 1515/4608/1471 3528/2313/3480
f 3525/6444/3477 3529/2318/3481 3530/2317/3482
f 1515/4608/1471 3531/4607/3483 3533/2311/3485
f 3529/4613/3481 3532/4614/3484 3534/4619/3486
f 3530/2317/3482 3534/2316/3486 3099/6445/3051
f 3056/5808/3009 1337/4553/1293 1338/4554/1294 3167/4569/3119
f 3536/2325/3488 3535/4637/3487 3537/2323/3489
f 3532/4614/3484 3536/2325/3488 3546/2338/3498
f 3099/6446/3051 3534/4619/3486 3540/2320/3492
f 3056/5808/3009 1767/1338/1722 3543/6438/3495
f 4458/1335/4405 622/1336/579 3531/4607/3483 1514/4609/1470
f 1337/4620/1293 3543/4622/3495 3517/6447/3469
f 3506/2304/3458 3496/2306/3448 3517/2319/3469
f 3538/4586/3490 1336/4582/1292 3518/4584/3470
f 1335/4564/1291 1336/2302/1292 3538/4624/3490
f 3539/4625/3491 3538/4586/3490 3520/4585/3472
f 3540/2320/3492 1339/2340/1295 1368/4999/1324
f 3534/4619/3486 3546/2338/3498 1339/2340/1295
f 4459/6448/4406 3054/4641/3007 3526/4640/3478 3541/4643/3493
f 3541/4645/3493 3521/4588/3473 1512/4590/1468 4459/4648/4406
f 1514/6449/1470 3526/4640/3478 4458/4639/4405
f 3055/4647/3008 3542/4646/3494 3543/6438/3495 1767/1338/1722
f 3542/4646/3494 4459/4648/4406 1512/4590/1468
f 3556/4650/3508 3567/2351/3519 1341/2345/1297 3551/2333/3503
f 3548/2328/3500 3553/2330/3505 1518/2331/1474
f 3551/2333/3503 3547/2326/3499 3556/4650/3508
f 3551/2333/3503 3553/2330/3505 3547/2326/3499
f 1521/2337/1477 3557/2334/3509 3551/2333/3503
f 3574/6450/3526 3571/4670/3523 3600/4669/3552 3570/6451/3522
f 1517/2327/1473 3544/2324/3496 3559/4653/3511
f 3544/2324/3496 3537/2323/3489 3559/4653/3511
f 3556/4650/3508 3558/4649/3510 1185/4657/1141
f 3558/4649/3510 1517/2327/1473 3559/4653/3511
f 3563/2347/3515 3560/4658/3512 3168/2145/3120
f 3564/2356/3516 3563/2347/3515 1344/2121/1300
f 3564/2356/3516 3562/4659/3514 3563/2347/3515
f 3564/2356/3516 1523/2348/1479 3562/4659/3514
f 3281/2123/3233 3566/2125/3518 3564/2356/3516
f 3168/2145/3120 3053/2964/3006 3052/2143/3005
f 3598/4664/3550 3597/4661/3549 3570/4660/3522
f 3569/4676/3521 3601/6452/3553 3572/6453/3524 3575/4674/3527
f 3601/6454/3553 3568/4672/3520 3572/4671/3524
f 3579/6455/3531 3578/4698/3530 3572/6456/3524 3571/6457/3523
f 3570/4660/3522 1524/4662/1480 3576/4687/3528
f 3571/6458/3523 3574/6459/3526 3577/6460/3529
f 3571/6457/3523 3577/6461/3529 3579/6455/3531
f 3578/6462/3530 3580/6463/3532 3575/6464/3527 3572/6465/3524
f 3582/4686/3534 3583/6466/3535 1525/6467/1481 3576/4687/3528
f 3588/4702/3540 1527/4701/1483 3584/6468/3536 3583/4690/3535
f 3583/4690/3535 3582/6469/3534 3588/4702/3540
f 3583/4690/3535 3584/6468/3536 3577/6470/3529 3574/4688/3526
f 3584/6471/3536 3585/4699/3537 3578/4698/3530 3579/6455/3531
f 3585/6472/3537 3586/6473/3538 1526/6474/1482 3580/6475/3532
f 3592/6476/3544 3593/4714/3545 3590/4704/3542 3589/4703/3541
f 3581/4684/3533 1526/4675/1482 3586/6477/3538
f 3605/2244/3557 3582/4686/3534 3587/2242/3539
f 3588/2359/3540 3582/4686/3534 1528/2357/1484
f 3585/6478/3537 3590/4704/3542 1529/4713/1485
f 3585/6478/3537 1529/4713/1485 3591/6479/3543
f 3598/6480/3550 3599/1381/3551 2293/3437/2248 4476/6481/4423
f 3593/4719/3545 3592/4712/3544 3594/2367/3546
f 3595/2369/3547 1529/4718/1485 3594/2367/3546
f 3595/4730/3547 3596/4715/3548 3591/4710/3543
f 4475/4721/4422 1172/4439/1128 3597/4661/3549
f 3570/6451/3522 3600/4669/3552 640/4723/597 3599/6482/3551
f 3602/4679/3554 3603/4685/3555 3103/5065/3055 1231/4726/1187
f 3601/4722/3553 3600/4669/3552 3568/4668/3520
f 3569/4676/3521 1195/4725/1151 3601/6452/3553
f 3581/4711/3533 3604/4716/3556 1232/4782/1188 3801/4727/3753
f 3604/4716/3556 3581/4711/3533 3591/4710/3543
f 3086/4443/3038 1524/4662/1480 3597/4661/3549 1172/4439/1128
f 3169/4729/3121 3604/4716/3556 3596/4715/3548
f 1347/2363/1303 1346/4717/1302 1530/2358/1486
f 1524/4662/1480 3086/4443/3038 1217/4444/1173
f 3606/2374/3558 3635/2373/3587 1535/2365/1491 3607/2364/3559
f 3607/2364/3559 1345/4732/1301 3606/2374/3558
f 3607/2364/3559 1531/2366/1487 1345/4732/1301
f 3609/4737/3561 1533/4735/1489 1534/4734/1490
f 3611/4741/3563 3613/4746/3565 3631/4754/3583 1537/4742/1493
f 1536/4739/1492 3610/4738/3562 1531/2366/1487
f 1536/4739/1492 1535/2365/1491 1538/4749/1494
f 3619/4747/3571 1534/4734/1490 3612/4743/3564
f 3611/4741/3563 1534/4734/1490 3619/4747/3571
f 3621/6483/3573 3626/4770/3578 1539/4756/1495 1538/4757/1494
f 3614/6484/3566 1536/4739/1492 1538/4749/1494
f 3615/4759/3567 3612/4743/3564 3614/4750/3566
f 3619/4747/3571 3612/4743/3564 3615/4759/3567
f 3613/4746/3565 3619/4747/3571 3616/4752/3568
f 3617/4765/3569 3613/6485/3565 3620/4763/3572
f 3621/4755/3573 3087/4459/3039 3624/4798/3576
f 3615/4759/3567 1541/4758/1497 3625/6486/3577 4521/4761/4466
f 1538/4757/1494 3618/6487/3570 3621/6483/3573
f 1540/4760/1496 3614/4750/3566 1539/4756/1495
f 3615/4759/3567 3614/4750/3566 1540/4760/1496
f 3619/4747/3571 4521/4761/4466 3622/6488/3574 3616/4752/3568
f 3622/4764/3574 4521/6489/4466 3625/4775/3577
f 1541/6490/1497 3633/4794/3585 3623/4762/3575 3625/4775/3577
f 3620/4763/3572 3616/6491/3568 3622/4764/3574
f 3626/6492/3578 3621/4767/3573 1351/4766/1307
f 3627/4772/3579 1539/4756/1495 1350/4769/1306
f 1540/4760/1496 1539/4756/1495 3627/4772/3579
f 3628/4774/3580 1540/4760/1496 3634/4771/3586
f 1541/4758/1497 1540/4760/1496 3628/4774/3580
f 3629/4731/3581 3630/4785/3582 1233/4784/1189 3844/4781/3796
f 3623/4762/3575 4522/4793/4467 3170/4835/3122
f 3104/4790/3056 3623/4762/3575 3170/4835/3122
f 1532/2368/1488 3594/2367/3546 1531/2366/1487
f 3169/4780/3121 3595/2369/3547 1532/2368/1488
f 3629/4731/3581 3169/4729/3121 1533/4735/1489
f 3630/4785/3582 3629/4731/3581 3609/4737/3561
f 3841/5124/3793 3170/4835/3122 3632/4792/3584 3105/4791/3057
f 3630/4785/3582 3609/4737/3561 1537/4742/1493
f 1234/4788/1190 3630/6493/3582 3631/4789/3583
f 1235/4787/1191 3631/4789/3583 3617/4765/3569
f 3623/4762/3575 3104/4790/3056 3617/4765/3569
f 3170/4835/3122 3841/5124/3793 3104/4790/3056
f 3627/4772/3579 3172/4797/3124 3171/4834/3123 3634/4771/3586
f 3106/2486/3058 3632/4792/3584 1349/4807/1305
f 3633/4794/3585 3628/6494/3580 3171/4796/3123
f 1348/2243/1304 3437/2259/3389 3606/2374/3558 1347/2363/1303
f 1351/6495/1307 3624/4798/3576 3173/2372/3125
f 3173/2372/3125 1218/4799/1174 3088/2370/3040
f 3639/6496/3591 3641/4819/3593 3643/4812/3595 3640/6497/3592
f 3639/4810/3591 3636/4829/3588 1219/4491/1175
f 1542/6498/1498 1350/4769/1306 3640/4800/3592
f 3638/4808/3590 1349/4807/1305 3661/6499/3613
f 3639/4810/3591 1219/4491/1175 3666/4493/3618
f 3641/4819/3593 3639/6500/3591 3642/4816/3594
f 3640/6497/3592 3643/4812/3595 3660/4802/3612 1542/4804/1498
f 3641/4819/3593 3645/4818/3597 3648/4820/3600 3643/4812/3595
f 3642/4809/3594 3666/4493/3618 3644/6501/3596
f 3645/4818/3597 3642/4816/3594 3650/4815/3602
f 3645/4818/3597 3651/4822/3603 1544/4813/1500 3648/4820/3600
f 1543/4811/1499 3643/4812/3595 3648/4820/3600
f 3651/4822/3603 3650/4815/3602 1546/4823/1502
f 1350/4769/1306 1542/6498/1498 3637/6502/3589 3172/4797/3124
f 1545/2376/1501 1544/4813/1500 3652/2380/3604
f 3653/4824/3605 3649/2377/3601 1545/2376/1501
f 3652/2380/3604 3651/4822/3603 1547/2378/1503
f 1548/4826/1504 1545/2376/1501 3652/2380/3604
f 3653/4824/3605 1545/2376/1501 1548/4826/1504
f 1548/4826/1504 3652/2380/3604 3655/2379/3607
f 3658/4845/3610 3653/4824/3605 3656/4827/3608
f 3174/2371/3126 3088/2370/3040 3089/2381/3041
f 1351/6503/1307 3173/2372/3125 3174/2371/3126
f 3639/6504/3591 1351/6505/1307 3636/6506/3588
f 1350/4769/1306 1351/4832/1307 3639/4801/3591
f 4522/4793/4467 3171/4796/3123 3659/4805/3611 3660/4802/3612
f 3659/4805/3611 3172/6507/3124 3637/4803/3589
f 1543/4811/1499 3638/4808/3590 3170/4835/3122 3660/4802/3612
f 3108/4806/3060 3662/4837/3614 3110/5194/3062 3109/5197/3061
f 3638/4808/3590 3661/6499/3613 3170/4835/3122
f 3661/6499/3613 3632/4792/3584 3170/4835/3122
f 1349/4807/1305 3632/4792/3584 3661/6499/3613
f 3108/4806/3060 3647/4814/3599 3654/4821/3606
f 3654/4821/3606 3657/4828/3609 3663/6508/3615 3662/4837/3614
f 3662/4837/3614 3663/6508/3615 3111/6509/3063 3110/5194/3062
f 3657/4828/3609 1352/6510/1308 3175/6511/3127 3663/6508/3615
f 3663/6508/3615 3175/6511/3127 3112/6512/3064 3111/6509/3063
f 3653/4824/3605 1353/4844/1309 3176/6513/3128 3657/4828/3609
f 3091/4496/3043 3092/2383/3044 1547/2378/1503 3664/4848/3616
f 1352/6510/1308 3657/4828/3609 3176/6513/3128
f 3658/4842/3610 3656/6514/3608 1354/4843/1310
f 1353/4844/1309 3658/4845/3610 3700/4905/3652
f 1354/6515/1310 3656/4827/3608 1355/4847/1311
f 3656/4827/3608 1548/4826/1504 1356/4846/1312
f 1357/4825/1313 3655/2379/3607 3092/2383/3044
f 1221/6516/1177 1222/6426/1178 3664/4848/3616 3665/4849/3617
f 3664/4848/3616 1222/6426/1178 3091/4496/3043
f 3665/4849/3617 3664/4848/3616 1546/4823/1502 3650/4815/3602
f 3667/6517/3619 3672/4863/3624 1551/6518/1507 3668/6519/3620
f 3644/6501/3596 3666/4493/3618 3665/4850/3617
f 3666/4493/3618 3090/4490/3042 1220/4476/1176
f 3666/4493/3618 1219/4491/1175 3090/4490/3042
f 1550/4855/1506 1549/4851/1505 3671/2395/3623
f 3672/4863/3624 3667/6517/3619 1552/4864/1508
f 1551/4857/1507 1553/6520/1509 3675/4867/3627 3669/4904/3621
f 1553/6520/1509 1551/4857/1507 3677/4856/3629
f 3669/4904/3621 3673/4866/3625 3676/6521/3628 3670/6522/3622
f 3673/4866/3625 3669/4904/3621 3675/4867/3627
f 3670/6523/3622 3676/4861/3628 3674/4860/3626 3701/4908/3653
f 1550/4855/1506 3682/2393/3634 1555/4871/1511 1552/4853/1508
f 3677/4856/3629 3679/4874/3631 1556/6524/1512 1553/6520/1509
f 3677/4856/3629 1552/4853/1508 1555/4871/1511
f 1553/6520/1509 1556/6524/1512 3680/6525/3632 3675/4867/3627
f 3673/6526/3625 3678/4869/3630 1554/4859/1510 3676/4861/3628
f 3678/4879/3630 3675/6527/3627 3680/4876/3632
f 1224/2284/1180 1557/2391/1513 1558/4870/1514 3682/2393/3634
f 3679/4874/3631 3685/4873/3637 1559/6528/1515 1556/6524/1512
f 3684/4872/3636 1555/4871/1511 1558/4870/1514
f 3679/4874/3631 3677/4856/3629 3684/4872/3636
f 3680/4876/3632 1559/4875/1515 1560/6529/1516 3683/4878/3635
f 1558/4870/1514 1561/6530/1517 3689/6531/3641 3684/4872/3636
f 1561/6530/1517 1558/4870/1514 1557/2391/1513
f 1560/4891/1516 3688/4889/3640 3690/4888/3642 3696/2386/3648
f 3686/6532/3638 3684/4872/3636 3689/6531/3641
f 3685/4873/3637 3684/4872/3636 3686/6532/3638
f 3687/4886/3639 3685/4884/3637 3691/4883/3643
f 3688/6533/3640 1559/4887/1515 3687/4886/3639
f 1557/2391/1513 3693/6534/3645 1563/6535/1519 1561/6530/1517
f 3693/6534/3645 1557/2391/1513 1562/2390/1518
f 1561/6536/1517 1563/6537/1519 3694/6538/3646 3689/4893/3641
f 3689/4893/3641 3694/6538/3646 1564/6539/1520 3691/4883/3643
f 3693/4897/3645 3707/2389/3659 3706/6540/3658 1563/6537/1519
f 3695/6541/3647 3691/4883/3643 1564/6539/1520
f 1563/6537/1519 3706/6540/3658 3697/6542/3649 3694/6538/3646
f 3694/6543/3646 3697/4913/3649 3705/4899/3657 1564/4900/1520
f 1357/4825/1313 3699/4852/3651 1549/4851/1505 1356/4846/1312
f 1359/2407/1315 3695/4894/3647 3705/4899/3657
f 3698/2384/3650 3695/4894/3647 1359/2407/1315
f 3699/4852/3651 3093/4526/3045 3710/4527/3662
f 1549/4851/1505 1550/4855/1506 3667/4854/3619 1355/4847/1311
f 1355/4847/1311 1356/4846/1312 1549/4851/1505
f 1355/4847/1311 3667/4854/3619 3668/6544/3620 1354/6515/1310
f 1353/4844/1309 3669/4904/3621 3670/6522/3622 3176/6513/3128
f 3700/4902/3652 1354/6545/1310 3668/4903/3620
f 3669/4904/3621 3700/4905/3652 1551/4857/1507
f 3176/6513/3128 3670/6522/3622 3701/6546/3653 1352/6510/1308
f 1352/6547/1308 3701/4908/3653 4523/4907/4468 3175/4840/3127
f 4523/4907/4468 3702/4906/3654 1236/6548/1192 1176/4838/1132
f 3674/4860/3626 1554/4859/1510 3703/6549/3655 3702/4906/3654
f 1176/4838/1132 3175/4840/3127 4523/4907/4468
f 3702/4906/3654 3701/4908/3653 3674/4860/3626
f 3702/6550/3654 3703/4911/3655 4531/4910/4476 1236/5233/1192
f 1554/6551/1510 3681/4881/3633 3704/4909/3656 3703/4911/3655
f 1560/4891/1516 1237/6552/1193 3704/4909/3656 3683/4880/3635
f 3683/4880/3635 3704/4909/3656 3681/4881/3633
f 1560/4891/1516 3696/2386/3648 1238/2409/1194 1237/6552/1193
f 3697/4913/3649 3177/4912/3129 1360/4948/1316 3705/4899/3657
f 3707/2389/3659 3178/4944/3130 3177/6553/3129 3706/6540/3658
f 3178/4944/3130 3707/2389/3659 1361/2388/1317
f 3711/2387/3663 3714/4916/3666 3715/6554/3667 1361/2388/1317
f 3707/2389/3659 1562/4898/1518 3711/2387/3663
f 3708/6555/3660 3484/2286/3436 3095/2288/3047
f 3708/6555/3660 3709/2285/3661 3484/2286/3436
f 1562/2390/1518 3709/2285/3661 3708/6555/3660
f 3671/2395/3623 3710/4527/3662 1223/2394/1179
f 1361/6556/1317 3715/4924/3667 3717/4923/3669 3712/4945/3664
f 3714/6557/3666 3718/4956/3670 3719/4922/3671 3715/4924/3667
f 3713/4947/3665 3712/4945/3664 3717/4923/3669
f 3720/2405/3672 1360/4948/1316 3716/2398/3668
f 1566/2410/1522 1565/2406/1521 1567/4921/1523
f 3718/4956/3670 3721/4955/3673 1572/4932/1528 3719/4922/3671
f 3713/4947/3665 3717/4923/3669 3719/4922/3671
f 1570/2401/1526 1567/6558/1523 1569/2399/1525
f 3721/4955/3673 3734/4954/3686 3722/4931/3674 1572/4932/1528
f 3734/4954/3686 1573/4953/1529 3726/6559/3678 3722/4931/3674
f 3727/2404/3679 1568/4933/1524 3722/4935/3674
f 1569/4927/1525 3716/2398/3668 3723/2397/3675
f 3725/4930/3677 1570/4928/1526 3724/4937/3676
f 4524/4938/4469 1363/4950/1319 1575/4934/1531 3728/2402/3680
f 1574/4952/1530 3726/6559/3678 1573/4953/1529
f 3754/4957/3706 3113/2427/3065 3733/2530/3685 1362/4941/1318
f 1363/4950/1319 3730/4939/3682 1575/4934/1531
f 3724/2400/3676 1575/4934/1531 3730/4939/3682
f 3729/2412/3681 1362/4941/1318 3733/2530/3685
f 3711/2387/3663 3708/4915/3660 3096/4917/3048
f 1360/4948/1316 3177/4912/3129 3712/4945/3664
f 1359/2407/1315 3705/4899/3657 3720/2405/3672
f 3731/2408/3683 1358/2385/1314 1566/2410/1522
f 3732/2411/3684 1571/2414/1527 1239/2413/1195
f 1239/2413/1195 3729/2412/3681 3733/2530/3685
f 3735/6560/3687 4524/4938/4469 3727/2404/3679 3726/4936/3678
f 3730/4939/3682 1363/4950/1319 3753/4949/3705
f 3735/2419/3687 3726/6559/3678 1364/2416/1320
f 3180/2417/3132 1364/2416/1320 3726/6559/3678 1574/4952/1530
f 1574/4952/1530 1365/2425/1321 3180/2417/3132
f 3097/6561/3049 3490/6562/3442 3718/6563/3670 3714/4916/3666
f 1573/4953/1529 1225/4560/1181 1574/4952/1530
f 3734/4954/3686 3490/2299/3442 3098/4558/3050
f 3721/4955/3673 3490/2299/3442 3734/4954/3686
f 4524/6564/4469 3735/6565/3687 3736/6566/3688 3179/6567/3131
f 3714/4916/3666 3096/4917/3048 3097/6561/3049
f 3736/4960/3688 3737/4959/3689 3753/4949/3705 3179/4951/3131
f 3739/4962/3691 3738/4958/3690 3754/4957/3706 3753/6568/3705
f 3753/4949/3705 3737/4959/3689 3739/6569/3691
f 1576/2422/1532 3747/2421/3699 3739/6569/3691 3737/4959/3689
f 3736/6570/3688 3735/6571/3687 3740/6572/3692
f 3737/4959/3689 3741/4961/3693 1576/2422/1532
f 1578/4983/1534 3745/2429/3697 3744/2428/3696 3738/4958/3690
f 3742/2415/3694 1226/4628/1182 3758/6573/3710
f 3743/4964/3695 3742/2415/3694 3758/6573/3710
f 3740/2418/3692 3743/4964/3695 1577/4975/1533
f 3736/6574/3688 3740/2418/3692 1577/4975/1533
f 3738/4958/3690 3747/4963/3699 1578/4983/1534
f 3751/4984/3703 1241/5267/1197 1240/4985/1196 3745/2429/3697
f 3746/4966/3698 1227/2321/1183 3748/4970/3700
f 1577/4975/1533 3748/4970/3700 1576/4977/1532
f 3748/6575/3700 1579/6576/1535 3750/6577/3702
f 3751/6578/3703 3752/4994/3704 3756/4993/3708
f 1363/4950/1319 3179/4951/3131 3753/4949/3705
f 1362/4941/1318 3753/6568/3705 3754/4957/3706
f 3181/5010/3133 1177/5009/1133 1241/6579/1197 3755/4988/3707
f 3770/6580/3722 3181/5010/3133 3755/4988/3707 3756/6581/3708
f 1580/5005/1536 1242/6582/1198 3181/6583/3133 3770/4991/3722
f 3751/4987/3703 3756/6581/3708 3755/4988/3707
f 3750/4997/3702 1367/4998/1323 3757/4990/3709
f 3757/4990/3709 1367/4998/1323 1366/4992/1322
f 1367/4998/1323 1368/4999/1324 3760/2433/3712
f 3758/2430/3710 3530/6584/3482 3099/2322/3051
f 3759/5001/3711 1175/5003/1131 3539/6585/3491
f 3742/2415/3694 3180/2417/3132 3759/4629/3711
f 1366/4992/1322 3760/2433/3712 3761/2432/3713
f 3762/2435/3714 3764/2434/3716 3765/5008/3717
f 1582/5007/1538 3764/2434/3716 3768/5006/3720
f 1371/2441/1327 3769/2438/3721 3767/2445/3719
f 3100/2341/3052 3552/4651/3504 3773/2437/3725 1581/5004/1537
f 1242/6582/1198 1580/5005/1536 3115/5012/3067
f 1371/2441/1327 3767/2445/3719 1372/2444/1328
f 1228/4655/1184 3773/2437/3725 3552/4651/3504
f 3782/6586/3734 3806/6587/3758 3784/5025/3736 3786/6588/3738
f 3775/2447/3727 1372/2444/1328 3774/2456/3726
f 3780/5013/3732 3774/2456/3726 3781/2355/3733
f 3779/2451/3731 3776/2450/3728 3778/2452/3730
f 3953/2449/3905 3957/2562/3909 1369/2439/1325
f 4525/2472/4470 1198/2471/1154 1586/2460/1542
f 3784/5025/3736 1585/5016/1541 1587/5015/1543
f 3784/5025/3736 3806/6587/3758 1585/5016/1541
f 4478/6589/4425 3065/2995/3018 1585/5016/1541 3806/6587/3758
f 1586/2460/1542 3788/5014/3740 1588/5027/1544
f 3786/6588/3738 3784/5025/3736 3793/5026/3745
f 3789/2465/3741 3786/5017/3738 3793/2463/3745
f 3789/2465/3741 3787/5053/3739 3785/5018/3737
f 3807/2467/3759 3787/5053/3739 3789/2465/3741
f 3792/5030/3744 3793/5026/3745 3790/5024/3742
f 3797/5028/3749 1588/2482/1544 3810/2481/3762
f 3795/2468/3747 3792/5030/3744 3791/2462/3743
f 1590/2470/1546 3792/5030/3744 3795/2468/3747
f 3796/2464/3748 3793/2463/3745 3800/5038/3752
f 3799/5036/3751 3794/5033/3746 3798/6590/3750
f 3808/5054/3760 3796/2464/3748 1591/5037/1547
f 3802/5041/3754 3798/5035/3750 3797/5028/3749
f 3803/5045/3755 3799/5043/3751 3804/2477/3756
f 3805/5047/3757 1196/4724/1152 1231/4726/1187
f 3788/5064/3740 1197/5048/1153 3805/5047/3757
f 3788/5014/3740 1198/2471/1154 1197/6591/1153
f 4478/6589/4425 3806/6587/3758 3782/6586/3734 3066/6592/3019
f 1200/5050/1156 3988/5051/3940 602/6593/559 4479/5851/4426
f 3783/5023/3735 3066/5852/3019 3782/5022/3734
f 1200/5050/1156 3066/5852/3019 3783/5023/3735
f 3783/5023/3735 3787/5021/3739 1246/6594/1202 3117/5049/3069
f 3809/5046/3761 1591/5037/1547 1376/5072/1332 3183/5056/3135
f 1247/2578/1203 1246/5052/1202 3807/2467/3759
f 3118/5055/3070 1248/2466/1204 3796/2464/3748
f 3118/5055/3070 3796/2464/3748 3808/5054/3760
f 1375/2489/1331 3808/5054/3760 1591/5037/1547
f 1591/5037/1547 3803/5045/3755 1376/5072/1332
f 3816/5071/3768 3822/5078/3774 3821/5086/3773 3817/5081/3769
f 1376/5072/1332 3803/5045/3755 3184/2476/3136
f 3803/5045/3755 3804/2477/3756 3184/2476/3136
f 1588/2482/1544 3103/6595/3055 3603/2480/3555
f 3805/5047/3757 1231/4726/1187 3103/5065/3055
f 3814/5069/3766 3813/5127/3765 3843/5074/3795
f 3814/5069/3766 1377/2478/1333 3813/5127/3765
f 3818/5082/3770 3815/5070/3767 3814/5069/3766
f 3815/5070/3767 3811/2475/3763 3814/5069/3766
f 1592/5076/1548 3812/2488/3764 3815/5070/3767
f 1592/5076/1548 3816/5071/3768 3812/2488/3764
f 3816/5071/3768 3183/5056/3135 1376/5072/1332
f 3817/5081/3769 3183/5056/3135 3816/5071/3768
f 1593/5083/1549 3818/5082/3770 3819/5073/3771
f 3818/5082/3770 3814/5069/3766 3819/5073/3771
f 3815/5070/3767 3818/5082/3770 3825/5075/3777
f 1592/5076/1548 3831/5084/3783 1595/6596/1551 3820/5077/3772
f 3823/5079/3775 3817/5081/3769 3821/5086/3773
f 3827/2485/3779 3818/5082/3770 1594/2483/1550
f 3821/6597/3773 3824/6598/3776 3826/6599/3778 3823/6600/3775
f 3824/5085/3776 3820/5077/3772 1595/6596/1551
f 1595/6601/1551 3831/5100/3783 1598/5099/1554 1596/5090/1552
f 3826/6602/3778 3824/6603/3776 1596/6604/1552
f 3838/6605/3790 3823/6606/3775 3826/6607/3778
f 3828/6608/3780 3825/5075/3777 3827/2485/3779
f 3831/5084/3783 3825/5075/3777 3828/6608/3780
f 1596/5090/1552 1598/5099/1554 3829/6609/3781 1597/5087/1553
f 1596/6604/1552 3824/6603/3776 1595/6610/1551
f 1598/6611/1554 3833/5108/3785 3834/5101/3786 3829/5103/3781
f 1599/6612/1555 1597/5087/1553 3829/6609/3781
f 3833/5098/3785 3831/5100/3783 3830/6613/3782
f 3830/6614/3782 1379/6615/1335 3187/6616/3139 3833/6617/3785
f 3832/2484/3784 1594/2483/1550 3106/2486/3058
f 1600/5091/1556 3827/5093/3779 3832/6618/3784
f 3833/5108/3785 3840/6619/3792 3836/6620/3788 3835/5107/3787
f 3840/6619/3792 3833/5108/3785 3187/6621/3139
f 3838/5088/3790 3839/6622/3791 1249/6623/1205 3837/6624/3789
f 1378/5110/1334 1232/6625/1188 3844/5109/3796
f 4004/2490/3956 1375/2489/1331 3817/5081/3769
f 4004/2490/3956 3817/5081/3769 3837/5080/3789
f 3839/6622/3791 3838/5088/3790 1597/5087/1553
f 1597/6626/1553 1599/5102/1555 1250/5114/1206 3839/5116/3791
f 1599/5102/1555 3834/5101/3786 1251/6627/1207 3119/5117/3071
f 3835/6628/3787 3836/5121/3788 1252/5118/1208 1251/5324/1207
f 1251/5324/1207 3834/6629/3786 3835/6628/3787
f 3832/2484/3784 3189/5130/3141 1380/6630/1336 1600/5106/1556
f 1252/5118/1208 3836/5121/3788 3186/5119/3138
f 3188/6631/3140 1600/5106/1556 1380/6630/1336
f 1379/5104/1335 1600/5106/1556 3188/6631/3140
f 3189/5130/3141 1603/5129/1559 3851/6632/3803 3846/6633/3798
f 1594/2483/1550 3841/5124/3793 3105/4791/3057
f 3104/4790/3056 3819/5073/3771 1235/4787/1191
f 3841/5124/3793 1593/5083/1549 3104/4790/3056
f 3104/4790/3056 1593/5083/1549 3819/5073/3771
f 1235/4787/1191 3819/5073/3771 1234/4788/1190
f 3842/5125/3794 1233/5126/1189 1234/4788/1190
f 3819/5073/3771 3843/5074/3795 3842/5125/3794
f 3843/6634/3795 3844/6635/3796 1233/6636/1189
f 3845/5138/3797 1381/2487/1337 3886/5139/3838
f 3850/5131/3802 3845/5138/3797 1602/5137/1558
f 3846/6637/3798 3851/6638/3803 1604/6639/1560 1601/6640/1557
f 1601/6640/1557 1604/6639/1560 3852/6641/3804 3847/6642/3799
f 3880/5133/3832 3849/5132/3801 3881/5120/3833 3848/6643/3800
f 3849/5132/3801 3847/5134/3799 3852/5142/3804
f 3856/2494/3808 1253/5150/1209 4016/5136/3968 3853/5135/3805
f 1603/6644/1559 1606/6645/1562 3855/6646/3807 3851/6638/3803
f 3854/5140/3806 1602/5137/1558 1605/5145/1561
f 1603/5129/1559 3850/5131/3802 3854/5140/3806
f 3851/6638/3803 3855/6646/3807 1607/6647/1563 1604/6639/1560
f 1604/6648/1560 1607/5148/1563 3853/5135/3805 3852/5142/3804
f 3854/6649/3806 3859/5155/3811 3858/6650/3810 1606/6645/1562
f 3853/5135/3805 1609/5147/1565 3856/2494/3808
f 1605/5145/1561 1602/5137/1558 3857/5143/3809
f 3859/5155/3811 1605/6651/1561 1608/5152/1564
f 1606/6645/1562 3858/6650/3810 3860/6652/3812 3855/6646/3807
f 1608/5152/1564 1610/5151/1566 3866/6653/3818 4526/5154/4471
f 1607/5148/1563 3855/6654/3807 3860/5149/3812
f 1253/5150/1209 3861/2493/3813 1611/5165/1567
f 3865/6655/3817 3857/5143/3809 3862/5196/3814
f 1608/5144/1564 3857/5143/3809 3865/6655/3817
f 3859/5155/3811 4526/5154/4471 3863/6656/3815 3858/6650/3810
f 3863/5157/3815 4526/6657/4471 3866/5160/3818
f 3858/6658/3810 3863/5157/3815 1609/5147/1565 3860/5149/3812
f 3862/6659/3814 3867/5191/3819 3869/5159/3821 3865/5153/3817
f 1609/5147/1565 3868/5156/3820 3864/2492/3816
f 1610/6660/1566 1612/5168/1568 3868/5156/3820 3866/5160/3818
f 1610/5151/1566 3865/5153/3817 3869/5159/3821
f 3867/5191/3819 3872/5187/3824 3876/6661/3828 3869/5159/3821
f 4527/5163/4472 1611/5165/1567 3861/2493/3813
f 3871/5166/3823 1611/5165/1567 4527/5163/4472
f 3870/5164/3822 3873/5162/3825 4528/5171/4473 3878/5182/3830
f 1612/5168/1568 3869/6662/3821 3876/5169/3828
f 3871/5166/3823 3879/5173/3831 1382/5181/1338 3875/5179/3827
f 3874/5172/3826 3870/5164/3822 3878/5182/3830
f 3871/5166/3823 4527/5163/4472 3874/5172/3826
f 3189/5130/3141 3846/6633/3798 1601/6663/1557 1380/6630/1336
f 1381/2487/1337 3107/4836/3059 3886/6664/3838
f 3189/5130/3141 3832/2484/3784 3850/5131/3802
f 1380/6665/1336 1601/6640/1557 3847/6642/3799 3188/5176/3140
f 1379/6666/1335 3880/5133/3832 3848/6643/3800 3187/5123/3139
f 3880/5174/3832 3188/5176/3140 3847/6642/3799
f 3187/5123/3139 3848/6643/3800 3881/5120/3833 3186/5119/3138
f 1385/5231/1341 3191/5230/3143 4528/5171/4473 3877/2496/3829
f 1252/5118/1208 3881/5120/3833 4016/5136/3968
f 3199/5322/3151 1252/5118/1208 4016/5136/3968
f 3190/2502/3142 3879/5173/3831 1383/2500/1339
f 1382/5181/1338 3879/5173/3831 3190/2502/3142
f 3878/5182/3830 4528/5171/4473 1384/5183/1340
f 3872/6667/3824 1387/5185/1343 1613/5161/1569 3876/5169/3828
f 3191/5230/3143 1384/5183/1340 4528/5171/4473
f 3112/4839/3064 1176/4838/1132 3192/6668/3144 3883/5188/3835
f 3883/5188/3835 3111/5190/3063 3112/4839/3064
f 3908/6669/3860 4529/5199/4474 1386/2495/1342 3887/5170/3839
f 1387/5185/1343 3883/6670/3835 3192/5229/3144
f 3884/5192/3836 3110/5194/3062 3111/6509/3063
f 3872/5187/3824 3884/5189/3836 3883/5188/3835
f 3885/5193/3837 3109/5197/3061 3110/5194/3062
f 3867/5195/3819 3885/5193/3837 3884/5192/3836
f 3862/5196/3814 3109/5197/3061 3885/5193/3837
f 3857/5143/3809 3886/5139/3838 3109/5197/3061
f 3886/6664/3838 3107/4836/3059 3108/4806/3060
f 3889/5201/3841 3888/5198/3840 1616/5200/1572
f 1615/2498/1571 3889/5201/3841 1614/5202/1570
f 1618/5210/1574 3893/2497/3845 4529/5199/4474 3892/6671/3844
f 4529/5199/4474 3908/6669/3860 3892/6671/3844
f 1615/2498/1571 3891/5212/3843 1617/5203/1573 3890/2501/3842
f 3894/2499/3846 3891/5212/3843 1615/2498/1571
f 3908/6669/3860 3896/2508/3848 3899/5219/3851 3892/6671/3844
f 1620/5223/1576 1619/5209/1575 3893/2497/3845
f 3894/2499/3846 1620/5223/1576 3893/2497/3845
f 3895/5211/3847 1256/5205/1212 1617/5203/1573
f 3901/2505/3853 1256/5205/1212 3895/5211/3847
f 1621/5222/1577 4530/5218/4475 3905/5226/3857 3902/5221/3854
f 1619/5208/1575 3899/5214/3851 3892/5206/3844
f 1620/5223/1576 1621/5222/1577 1619/5209/1575
f 3897/5215/3849 1620/5223/1576 3894/2499/3846
f 3898/5217/3850 3894/2499/3846 3897/5215/3849
f 3898/5217/3850 3900/5216/3852 3895/5211/3847
f 3901/2505/3853 3895/5211/3847 1622/5225/1578
f 1621/5222/1577 3899/5219/3851 4530/5218/4475
f 1176/6672/1132 1236/5233/1192 3906/5184/3858 3192/5229/3144
f 1623/6673/1579 3902/5221/3854 3905/5226/3857
f 1623/6673/1579 3897/5215/3849 3902/5221/3854
f 3903/5224/3855 3897/5215/3849 1623/6673/1579
f 3905/5226/3857 4530/5218/4475 3904/5220/3856
f 3903/5224/3855 1623/6673/1579 3905/5226/3857
f 1622/5225/1578 1388/2507/1344 3122/2503/3074
f 1622/5225/1578 3903/5224/3855 1388/2507/1344
f 3191/5230/3143 1383/2500/1339 3890/2501/3842 1615/2498/1571
f 1385/5231/1341 3888/5198/3840 1614/5202/1570
f 1385/5231/1341 3877/2496/3829 3888/5198/3840
f 1615/2498/1571 1614/5202/1570 3191/5230/3143
f 1383/2500/1339 1384/5183/1340 3191/5230/3143
f 1382/5181/1338 3907/5204/3859 1403/2615/1359 3121/5180/3073
f 3907/5204/3859 3190/2502/3142 3890/2501/3842
f 1237/6552/1193 1238/2409/1194 3896/2508/3848 3908/6669/3860
f 1256/5205/1212 1403/2615/1359 3907/5204/3859
f 1661/2504/1617 1256/5205/1212 3901/2505/3853
f 1388/2507/1344 3905/5226/3857 3193/5232/3145
f 3914/5234/3866 3918/2521/3870 1626/2526/1582 3912/2517/3864
f 3704/4909/3656 1237/6552/1193 3908/6669/3860
f 3887/5170/3839 3704/4909/3656 3908/6669/3860
f 3914/5234/3866 1625/2515/1581 3918/2521/3870
f 3933/5245/3885 3934/5244/3886 1393/6674/1349 3950/5266/3902
f 1626/2526/1582 3915/2518/3867 3912/2517/3864
f 3923/2524/3875 1626/2526/1582 3918/2521/3870
f 3925/2525/3877 3922/2527/3874 1626/2526/1582
f 1178/5341/1134 1258/2514/1214 1259/2636/1215
f 1259/2636/1215 1258/2514/1214 3911/2513/3863
f 1259/2636/1215 3911/2513/3863 3915/2518/3867
f 1666/2637/1622 3915/2518/3867 3917/2528/3869
f 3923/2524/3875 1390/2520/1346 3194/5238/3146
f 3919/2519/3871 3924/2523/3876 3932/5236/3884
f 3932/5236/3884 3924/2523/3876 3928/5237/3880
f 1627/2537/1583 1389/5235/1345 3925/2525/3877
f 3194/5238/3146 1390/2520/1346 3932/5236/3884
f 3194/5238/3146 3925/2525/3877 3923/2524/3875
f 3922/2527/3874 1389/5235/1345 3123/2635/3075
f 3123/2635/3075 1389/5235/1345 4029/5240/3981
f 1240/4985/1196 1241/5267/1197 1393/5242/1349
f 1632/5253/1588 1633/5252/1589 1631/6675/1587 1630/5247/1586
f 1629/6676/1585 3934/5244/3886 1630/5247/1586
f 3949/2540/3901 1629/5241/1585 1631/5248/1587
f 1630/5247/1586 3935/5246/3887 1632/5253/1588
f 3940/2546/3892 1635/2545/1591 1633/6677/1589 3936/2561/3888
f 1392/2538/1348 3949/2540/3901 1631/5248/1587
f 1633/5256/1589 3937/5255/3889 1634/6678/1590 1631/6679/1587
f 1633/5256/1589 1635/6680/1591 3938/5257/3890
f 3942/2544/3894 1637/5262/1593 3938/6681/3890 1635/2545/1591
f 3943/2551/3895 3941/5382/3893 1636/6682/1592 3937/5255/3889
f 3937/5255/3889 3938/5257/3890 3943/2551/3895
f 3947/2555/3899 3948/5263/3900 3944/5261/3896 3942/2544/3894
f 3941/5382/3893 3943/2551/3895 1638/2554/1594
f 3943/2551/3895 1637/5260/1593 3944/2549/3896
f 1639/2557/1595 3195/5276/3147 3945/5264/3897 3948/5263/3900
f 1638/2554/1594 3945/2550/3897 1394/2552/1350
f 1177/5009/1133 1242/5011/1198 3950/5266/3902
f 3949/2540/3901 1393/5242/1349 1629/5241/1585
f 4035/2543/3987 1634/2542/1590 1636/5259/1592
f 3941/5382/3893 1638/2554/1594 1262/5380/1218
f 3771/2560/3723 3935/5251/3887 3933/6683/3885 3115/5012/3067
f 3951/5273/3903 1639/2557/1595 3196/2556/3148
f 3947/2555/3899 3946/2548/3898 3952/2563/3904
f 1243/2558/1199 3939/2547/3891 3765/5008/3717
f 3195/5276/3147 1639/2557/1595 3951/5273/3903 3958/5274/3910
f 3950/5266/3902 3115/5272/3067 3933/5245/3885
f 3961/2567/3913 3958/5274/3910 3951/5273/3903
f 3961/2567/3913 3960/5277/3912 3958/5274/3910
f 3196/2556/3148 3947/2555/3899 1640/2565/1596
f 3127/2678/3079 1641/2569/1597 1264/2677/1220 4074/2670/4026
f 1394/2552/1350 3959/6684/3911 3125/5280/3077
f 3126/5281/3078 3960/5277/3912 3961/2567/3913
f 3966/2571/3918 3963/5285/3915 3971/2580/3923 3969/5290/3921
f 3962/5282/3914 3987/5284/3939 3968/5286/3920
f 3964/2573/3916 3067/2584/3020 3966/2571/3918
f 3965/2587/3917 3964/2573/3916 3970/2572/3922
f 3967/2575/3919 1642/2574/1598 1643/5287/1599
f 3963/5285/3915 3968/5286/3920 3971/2580/3923
f 1265/5420/1221 3967/2575/3919 3983/5289/3935 1266/5419/1222
f 3970/2572/3922 3966/2571/3918 3969/5290/3921
f 3971/2580/3923 3968/5286/3920 1247/2578/1203
f 3978/2581/3930 3971/2580/3923 3986/2579/3938
f 3976/2583/3928 3971/2580/3923 3978/2581/3930
f 3972/5288/3924 3969/5290/3921 3971/2580/3923
f 3977/5295/3929 3976/2583/3928 3979/5297/3931
f 3977/5295/3929 3973/5291/3925 3976/2583/3928
f 3980/2582/3932 3978/2581/3930 1644/5294/1600
f 3979/5297/3931 3976/2583/3928 3980/2582/3932
f 1780/5298/1735 3988/5283/3940 3963/5285/3915
f 3963/5285/3915 3988/5283/3940 3962/5282/3914
f 1642/2574/1598 3981/2576/3933 3965/2587/3917
f 3982/2577/3934 4440/5414/4387 3981/2576/3933
f 1265/5420/1221 3982/2577/3934 3967/2575/3919
f 3198/5302/3150 3989/5310/3941 3990/6685/3942 1398/5301/1354
f 3974/5293/3926 1266/5419/1222 3983/5289/3935
f 1267/5418/1223 1266/5419/1222 3974/5293/3926
f 1268/2692/1224 1267/5418/1223 3974/5293/3926
f 3984/5299/3936 3974/5293/3926 1645/5296/1601
f 3984/5299/3936 1645/5296/1601 1396/5300/1352
f 3986/2579/3938 3118/5055/3070 1644/5294/1600
f 3986/2579/3938 1248/2466/1204 3118/5055/3070
f 3987/6686/3939 1246/6594/1202 3968/6687/3920
f 1247/2578/1203 3968/5286/3920 1246/5052/1202
f 3117/5049/3069 1246/6594/1202 3987/6686/3939
f 3988/5051/3940 3117/5049/3069 3987/6686/3939
f 3989/5310/3941 3991/5309/3943 3992/5315/3944 3990/6685/3942
f 4001/2588/3953 1398/5301/1354 3990/6685/3942
f 1647/5307/1603 3994/2593/3946 3129/2594/3081 4002/6688/3954
f 4001/2588/3953 3990/6685/3942 3992/5315/3944
f 1650/6689/1606 3995/6690/3947 3996/5323/3948 3991/5309/3943
f 1648/2589/1604 4001/2588/3953 3993/5316/3945
f 3991/5309/3943 3996/5323/3948 3998/5317/3950 3992/5315/3944
f 1648/2589/1604 3993/5316/3945 3999/2591/3951 3994/2593/3946
f 3993/5316/3945 3998/5317/3950 4000/2598/3952
f 1396/5300/1352 1647/5307/1603 4002/6688/3954 4097/2693/4049
f 3998/5317/3950 3996/5323/3948 1651/5319/1607
f 4000/2598/3952 3998/5317/3950 1652/2596/1608
f 1646/5308/1602 1396/5300/1352 1397/2590/1353
f 1250/6691/1206 3119/6692/3071 3996/5323/3948 3995/6690/3947
f 1269/5421/1225 3129/2594/3081 3997/2592/3949
f 1399/5321/1355 4000/2598/3952 1400/2597/1356
f 3199/5322/3151 1653/5318/1609 1651/5319/1607
f 1651/5319/1607 1251/5324/1207 1252/5118/1208
f 1249/5115/1205 1250/5114/1206 3995/6693/3947 4003/5326/3955
f 3996/5323/3948 3119/6692/3071 1251/5324/1207
f 3837/6694/3789 1249/5115/1205 4003/5326/3955 4004/6695/3956
f 4004/6695/3956 4003/5326/3955 1650/5312/1606 1649/5314/1605
f 4009/2600/3961 4010/2609/3962 1400/2597/1356 1655/2601/1611
f 4006/2599/3958 1654/2617/1610 4008/2605/3960
f 1258/2514/1214 1178/5341/1134 1405/2638/1361 4024/5338/3976
f 4012/2612/3964 4011/2607/3963 3202/2611/3154
f 4015/5328/3967 4012/2612/3964 3201/2625/3153
f 3130/2614/3082 4013/2604/3965 1656/2603/1612
f 3131/5330/3083 3130/2614/3082 4014/2613/3966
f 3132/5329/3084 4014/2613/3966 4015/5328/3967
f 3214/2738/3166 4129/5331/4081 3200/5332/3152
f 1654/2617/1610 4016/5136/3968 1254/2616/1210
f 4017/5334/3969 1403/2615/1359 1661/2504/1617
f 4020/5333/3972 3202/2611/3154 4017/5334/3969
f 1659/2620/1615 3202/2611/3154 4018/2618/3970
f 4018/2618/3970 4020/5333/3972 1662/5336/1618
f 4018/2618/3970 1662/5336/1618 1663/5337/1619
f 1663/5337/1619 4022/5335/3974 4024/5338/3976
f 3202/2611/3154 1402/2610/1358 4017/5334/3969
f 3201/2625/3153 3202/2611/3154 1659/2620/1615
f 3200/5332/3152 3201/2625/3153 1660/2622/1616
f 4023/5339/3975 4024/5338/3976 1405/2638/1361
f 4056/6696/4008 4046/5355/3998 4043/5353/3995 4042/5381/3994
f 1667/2627/1623 4025/2628/3977 1666/2637/1622
f 1404/2626/1360 4023/5339/3975 1665/5340/1621
f 4025/2628/3977 1664/2624/1620 1404/2626/1360
f 4030/2641/3982 4031/2642/3983 1670/5344/1626
f 1669/2639/1625 4030/2641/3982 1670/5344/1626
f 4027/2640/3979 3123/2635/3075 4028/2643/3980
f 3204/2657/3156 4032/5343/3984 4051/5345/4003
f 4029/5240/3981 1627/2537/1583 4033/5239/3985
f 3204/2657/3156 4051/5345/4003 4034/5346/3986
f 4036/2644/3988 4057/5347/4009 4040/2648/3992
f 4037/2646/3989 4040/2648/3992 4044/2651/3996
f 4038/5348/3990 4037/2646/3989 4044/2651/3996
f 3133/2655/3085 4034/5346/3986 4041/5350/3993
f 4039/5352/3991 4042/5381/3994 4043/5353/3995
f 4055/5376/4007 1410/5375/1366 4047/6697/3999 4056/5378/4008
f 4040/2648/3992 4043/6698/3995 4044/2651/3996
f 4041/5350/3993 4045/2650/3997 4053/5362/4005
f 1675/2668/1631 1278/5394/1234 3137/5521/3089 4064/2665/4016
f 4046/5357/3998 4056/6699/4008 4047/5358/3999
f 4044/2651/3996 4047/6697/3999 1408/5359/1364
f 3134/5361/3086 4054/5360/4006 1274/5370/1230
f 4051/5345/4003 3205/2654/3157 4050/2653/4002
f 1272/6700/1228 4052/6701/4004 1273/6702/1229
f 1274/5370/1230 1407/5369/1363 3135/2778/3087
f 1274/5370/1230 3135/2778/3087 3217/2777/3169
f 1672/2649/1628 1408/5359/1364 1673/5371/1629
f 4047/6697/3999 1410/5375/1366 1409/5389/1365
f 1262/5380/1218 1638/2554/1594 4042/5381/3994
f 4042/6703/3994 1638/5379/1594 4056/5378/4008
f 4057/5347/4009 3941/5269/3893 4039/5349/3991
f 4070/5385/4022 4058/6704/4010 4059/5384/4011
f 1673/5390/1629 4070/5385/4022 1674/2662/1630
f 4059/5384/4011 4058/6704/4010 4060/2664/4012
f 4070/5385/4022 4059/5384/4011 4061/5383/4013
f 4062/2661/4014 4063/2660/4015 3136/5386/3088
f 3136/5386/3088 4063/2660/4015 1277/2666/1233
f 4065/2663/4017 4068/2671/4020 1676/2669/1632
f 1263/2553/1219 3125/5280/3077 4070/5396/4022
f 1408/5359/1364 4070/5385/4022 1673/5390/1629
f 1407/5369/1363 4054/5360/4006 1674/2662/1630
f 1407/5369/1363 1674/2662/1630 4071/2674/4023
f 3135/2778/3087 1407/5369/1363 4071/2674/4023
f 3135/2778/3087 4071/2674/4023 1275/2673/1231
f 4071/2674/4023 4062/2661/4014 4072/2672/4024
f 1277/2666/1233 4064/2665/4016 3137/5521/3089
f 4078/2680/4030 1678/5400/1634 1677/6705/1633 4076/2681/4028
f 4073/4254/4025 4069/2675/4021 4067/5388/4019
f 4060/2664/4012 3126/5281/3078 4075/2679/4027
f 4060/2664/4012 4058/6704/4010 3126/5281/3078
f 3125/5279/3077 3126/5281/3078 4058/6704/4010
f 4093/2696/4045 4098/2695/4050 4078/5398/4030
f 4077/6706/4029 4078/6707/4030 4079/6708/4031 4534/6709/4479
f 4081/5404/4033 4084/2685/4036 4079/6710/4031 4078/5398/4030
f 1682/5405/1638 4080/5402/4032 1680/5397/1636
f 4080/5402/4032 4078/5398/4030 1680/5397/1636
f 4078/5398/4030 4080/5402/4032 4081/5404/4033
f 4079/6710/4031 4084/2685/4036 4082/6711/4034 1681/6712/1637
f 4084/2685/4036 1684/2684/1640 4083/6713/4035 4082/6711/4034
f 1411/5417/1367 4096/5412/4048 4100/6714/4052 4102/5424/4054
f 1683/5403/1639 1682/5405/1638 4086/5410/4038
f 4089/2691/4041 4084/2685/4036 4081/5404/4033
f 4086/5410/4038 1682/5405/1638 4087/2694/4039
f 3207/2689/3159 4088/5409/4040 4097/2693/4049
f 4092/2690/4044 3207/2689/3159 1412/5428/1368
f 4093/2696/4045 4440/5414/4387 3982/2577/3934
f 1411/5417/1367 4095/2686/4047 4096/5412/4048
f 4096/5412/4048 4095/2686/4047 4091/2688/4043
f 4096/5412/4048 4092/2690/4044 1412/5428/1368
f 3207/2689/3159 4097/2693/4049 1413/2711/1369
f 4088/5409/4040 4087/2694/4039 4097/2693/4049
f 4087/2694/4039 1267/5418/1223 1268/2692/1224
f 1682/5405/1638 1267/5418/1223 4087/2694/4039
f 1680/5397/1636 4098/2695/4050 1265/5420/1221
f 4107/2699/4059 4109/2698/4061 4105/2713/4057 4104/5423/4056
f 4107/2699/4059 1411/5417/1367 4102/5424/4054
f 4106/2718/4058 4103/2705/4055 4535/5422/4480
f 4103/2705/4055 4100/6714/4052 4096/5412/4048
f 4108/5425/4060 4102/5424/4054 4100/6714/4052
f 4107/2699/4059 4102/5424/4054 1685/2697/1641
f 1685/2697/1641 4102/5424/4054 4111/2708/4063
f 4100/6714/4052 4103/2705/4055 3212/2704/3164 4110/6715/4062
f 4103/2705/4055 4106/2718/4058 4116/2703/4068
f 4110/6715/4062 4108/5425/4060 4100/6714/4052
f 4112/2700/4064 4105/2713/4057 4109/2698/4061
f 4115/2702/4067 4105/2713/4057 4112/2700/4064
f 1413/2711/1369 4097/2693/4049 4002/6688/3954 3129/2594/3081
f 4111/2708/4063 4108/5425/4060 4110/6715/4062
f 4112/2700/4064 4109/2698/4061 4113/5426/4065
f 3211/5431/3163 4110/6715/4062 3212/2704/3164
f 4111/2708/4063 4110/6715/4062 1416/2706/1372
f 4113/5426/4065 4111/2708/4063 3209/2707/3161
f 4112/2700/4064 4113/5426/4065 1415/2709/1371
f 4116/2703/4068 1270/2595/1226 4013/2604/3965 1417/5427/1373
f 1412/5428/1368 3207/2689/3159 4099/2712/4051
f 4096/5412/4048 1412/5428/1368 4535/5422/4480
f 1284/2783/1240 4101/2714/4053 4115/2702/4067
f 1285/2717/1241 3144/2701/3096 4114/2710/4066
f 1285/2717/1241 4114/2710/4066 3208/2715/3160
f 3208/2715/3160 4114/2710/4066 1414/5429/1370
f 3209/2707/3161 1416/2706/1372 3210/5432/3162
f 1416/2706/1372 4110/6715/4062 3211/5431/3163
f 3130/2614/3082 3131/5330/3083 4117/5430/4069 1417/5427/1373
f 4122/2722/4074 3211/5431/3163 4117/5430/4069
f 1686/2726/1642 4122/2722/4074 4121/5434/4073
f 1687/2728/1643 4118/2727/4070 4124/5436/4076
f 4122/2722/4074 4117/5430/4069 4132/2720/4084
f 1688/5435/1644 4121/5434/4073 4123/2721/4075
f 4118/2727/4070 1686/2726/1642 1688/5435/1644
f 1688/5435/1644 4123/2721/4075 4128/2723/4080
f 4131/2725/4083 4124/5436/4076 4118/2727/4070
f 4127/5439/4079 4119/2716/4071 4125/2719/4077
f 4128/2723/4080 4126/5438/4078 1690/5441/1646
f 4124/5436/4076 4131/2725/4083 1689/5437/1645
f 1690/5441/1646 4126/5438/4078 4129/5331/4081
f 1689/5437/1645 4131/2725/4083 4133/5442/4085
f 1416/2706/1372 3211/5431/3163 4122/2722/4074
f 3210/5432/3162 1416/2706/1372 1686/2726/1642
f 1415/2709/1371 3209/2707/3161 4118/2727/4070
f 4125/2719/4077 1414/5429/1370 1687/2728/1643
f 3208/2715/3160 1414/5429/1370 4125/2719/4077
f 3145/2741/3097 4119/2716/4071 4127/5439/4079
f 3145/2741/3097 4127/5439/4079 1418/2733/1374
f 4134/2729/4086 4130/2731/4082 4133/5442/4085
f 4136/2734/4088 1692/2737/1648 4138/6716/4090 4134/2729/4086
f 4134/2729/4086 4133/5442/4085 4136/2734/4088
f 3213/5440/3165 4130/2731/4082 4135/2730/4087
f 1418/2733/1374 3213/5440/3165 4135/2730/4087
f 4135/2730/4087 4134/2729/4086 4138/6716/4090
f 3217/2777/3169 4156/5452/4108 4159/6717/4111 4157/5462/4109
f 4139/2732/4091 4135/2730/4087 4138/6716/4090
f 4139/2732/4091 4138/6716/4090 1692/2737/1648
f 4154/5445/4106 4149/2758/4101 4151/2772/4103
f 4154/5445/4106 4151/2772/4103 4152/5446/4104
f 4152/5446/4104 4163/5447/4115 1697/5448/1653
f 4154/5445/4106 1697/5448/1653 4156/5452/4108
f 4155/5458/4107 4157/6718/4109 4159/5459/4111
f 4154/5445/4106 4156/5452/4108 4158/5460/4110
f 3216/2765/3168 1289/2763/1245 1696/2762/1652
f 4166/5472/4118 4171/5471/4123 4167/5465/4119 1698/5461/1654
f 4156/5452/4108 3217/2777/3169 4158/5460/4110
f 4163/6719/4115 4162/6720/4114 4157/6721/4109
f 4163/6719/4115 1273/6702/1229 4162/6720/4114
f 1272/6700/1228 1273/6702/1229 4163/6719/4115
f 4151/2772/4103 1272/2771/1228 4163/5447/4115
f 4175/6722/4127 1701/5475/1657 4168/5467/4120 4169/5466/4121
f 4167/6723/4119 4171/5482/4123 4169/5481/4121
f 4168/5467/4120 4165/2768/4117 1699/5464/1655
f 3149/5468/3101 4168/5467/4120 4172/5474/4124
f 3149/5468/3101 4172/5474/4124 1700/5469/1656
f 4175/6724/4127 4176/5486/4128 4172/5474/4124 1701/5475/1657
f 1700/5469/1656 4172/5474/4124 4170/6725/4122
f 1700/5478/1656 4170/5487/4122 4177/5476/4129
f 1703/5497/1659 1704/5501/1660 4175/6726/4127 4173/6727/4125
f 4174/2775/4126 4194/5489/4146 4178/2773/4130
f 4173/6727/4125 4178/2773/4130 1703/5497/1659
f 1704/6728/1660 1705/6729/1661 4179/6730/4131 4175/6731/4127
f 1705/5504/1661 1706/5503/1662 4180/6732/4132 4179/5493/4131
f 4176/5492/4128 4175/6733/4127 4179/5493/4131
f 4179/5493/4131 4180/6732/4132 4192/6734/4144 4177/5491/4129
f 4181/6735/4133 4182/5498/4134 4178/2773/4130 1702/5490/1658
f 1709/5502/1665 4185/6736/4137 4184/6737/4136 1704/5501/1660
f 1703/5497/1659 4183/5499/4135 1709/5502/1665
f 1705/6738/1661 1704/5501/1660 4184/6737/4136
f 4189/5519/4141 1295/5518/1251 4185/6736/4137 1709/5502/1665
f 4182/5494/4134 1707/5496/1663 4186/5506/4138
f 1708/5500/1664 4186/5507/4138 4187/5509/4139
f 4183/5499/4135 1708/5500/1664 4188/5508/4140
f 1709/5502/1665 4188/5508/4140 4189/5519/4141
f 4190/2776/4142 1698/5461/1654 4158/5460/4110 3217/2777/3169
f 4184/5505/4136 4537/5516/4482 1293/6739/1249 1706/5503/1662
f 4165/2768/4117 1698/5461/1654 1699/5464/1655
f 4191/2767/4143 3216/2765/3168 4165/2768/4117
f 1438/2766/1394 4191/2767/4143 1290/2831/1246
f 4180/6732/4132 1706/5503/1662 1293/6739/1249
f 4185/6740/4137 1294/5517/1250 4537/5516/4482 4184/5505/4136
f 1295/5518/1251 3151/6741/3103 1294/6742/1250 4185/6736/4137
f 1293/6739/1249 4537/5516/4482 3150/5515/3102
f 1426/4268/1382 3219/4258/3171 4189/5519/4141 4188/5508/4140
f 1295/5518/1251 1424/4272/1380 1442/4321/1398
f 1295/5518/1251 3218/4270/3170 1424/4272/1380
f 3138/2676/3090 1707/5496/1663 4181/5495/4133 1278/5394/1234
f 3218/4270/3170 3219/4258/3171 1425/4257/1381
f 4189/5519/4141 3219/4258/3171 3218/4270/3170
f 4188/5508/4140 4187/5509/4139 1426/4268/1382
f 4186/5506/4138 1428/2174/1384 1427/2168/1383
f 1278/5394/1234 1279/5387/1235 3138/2676/3090
f 1278/5394/1234 4181/5495/4133 1702/6743/1658 4193/6744/4145
f 1278/5394/1234 4193/6744/4145 4194/5520/4146 3137/5521/3089
f 1277/6745/1233 4194/5524/4146 1276/5523/1232 3136/6746/3088
f 4194/5520/4146 4193/6744/4145 1702/6743/1658
f 4206/5532/4157 4201/2780/4152 4198/5534/4149 4197/6747/4148
f 1275/2673/1231 4072/2672/4024 1276/5525/1232
f 1698/5461/1654 1275/2673/1231 4166/5472/4118
f 4205/5549/4156 1180/5542/1136 4538/5544/4483 4204/5548/4155
f 3156/2802/3108 1301/2801/1257 1432/2808/1388 3157/2857/3109
f 4205/5549/4156 1430/2779/1386 4209/2789/4160
f 4201/2780/4152 1430/2779/1386 4205/5549/4156
f 3220/2781/3172 4206/5532/4157 4095/2686/4047
f 4207/5551/4158 1283/2687/1239 4206/5532/4157
f 4205/5549/4156 4209/2789/4160 4208/2784/4159
f 4212/5555/4163 4205/5549/4156 4208/2784/4159
f 1180/5542/1136 4212/5555/4163 3154/5592/3106
f 4211/2787/4162 3144/2701/3096 1285/2717/1241
f 4211/2787/4162 1284/2783/1240 3144/2701/3096
f 4213/2792/4164 1715/2788/1670 4216/2797/4167
f 4215/2794/4166 4214/2793/4165 4217/2800/4168
f 4229/5562/4180 4233/5560/4184 1718/5563/1673 4231/2826/4182
f 4220/2807/4171 1287/2754/1243 3221/2806/3173
f 4224/5557/4175 4221/2817/4172 1716/2811/1671
f 4225/2812/4176 4224/5557/4175 1437/2816/1393
f 4226/2813/4177 4225/2812/4176 1436/2820/1392
f 3228/2821/3180 1436/2820/1392 1435/5558/1391
f 1435/5558/1391 4228/2823/4179 3228/2821/3180
f 4228/2823/4179 1436/2820/1392 1437/2816/1393
f 3222/2824/3174 1290/2831/1246 4231/2826/4182
f 4230/5561/4181 1292/6748/1248 4232/5559/4183
f 4229/5562/4180 4230/5561/4181 4233/5560/4184
f 1719/6749/1674 4234/5564/4185 4233/5560/4184 4232/5559/4183
f 4232/6750/4183 1292/5510/1248 1719/5565/1674
f 4235/5566/4186 1305/5569/1261 4236/6751/4187 1719/5565/1674
f 1718/5563/1673 4234/5564/4185 4236/5567/4187
f 4235/5566/4186 4247/5512/4198 4238/2830/4189
f 4235/5566/4186 1292/5510/1248 4247/5512/4198
f 4239/5571/4190 4241/5570/4192 4237/6752/4188 4246/5583/4197
f 4238/2830/4189 4247/5512/4198 4237/5573/4188
f 4235/5566/4186 4238/2830/4189 4291/2829/4242
f 1720/6753/1675 1721/6754/1676 4238/2830/4189 4240/5574/4191
f 4240/6755/4191 4241/5578/4192 1720/5576/1675
f 4237/5573/4188 4241/6756/4192 4240/5574/4191
f 1440/6757/1396 1439/6370/1395 1722/4324/1677 1721/6754/1676
f 1722/4324/1677 4238/2830/4189 1721/6754/1676
f 1441/6366/1397 1440/6365/1396 1721/5575/1676 4243/5577/4194
f 1442/6758/1398 1441/6366/1397 4243/5577/4194 4244/5579/4195
f 1720/5576/1675 4244/5579/4195 4243/5577/4194
f 1442/4321/1398 4244/6759/4195 4241/6760/4192 4245/5580/4196
f 3151/6761/3103 4239/5571/4190 4246/5583/4197 1294/5517/1250
f 1295/5518/1251 4245/5580/4196 4239/6762/4190 3151/6741/3103
f 4249/5585/4200 4250/5584/4201 4248/5587/4199 1724/5593/1679
f 3150/5515/3102 1294/5517/1250 4246/5583/4197
f 4247/5512/4198 3150/5581/3102 4237/5573/4188
f 1725/5589/1680 4250/5584/4201 4255/5590/4206 4253/6763/4204
f 1726/2841/1681 1309/5618/1265 4256/6764/4207 4255/5590/4206
f 4255/5590/4206 4254/2836/4205 1726/2841/1681
f 4212/5555/4163 1724/5593/1679 4259/6765/4210 3154/5592/3106
f 4254/2836/4205 3155/2785/3107 4257/2838/4208
f 4265/2843/4216 4268/2859/4219 1445/2855/1401 1444/2846/1400
f 1726/2841/1681 4258/2837/4209 3158/2839/3110
f 4249/5585/4200 4212/5555/4163 4210/2786/4161
f 4266/2847/4217 3159/5594/3111 4263/2844/4214
f 4269/2861/4220 1728/2860/1683 3227/2864/3179 3226/5596/3178
f 1313/2856/1269 1312/2848/1268 1727/2853/1682
f 3225/2851/3177 1302/5556/1258 4273/2819/4224
f 4291/2829/4242 4285/5605/4236 4292/6766/4243 1305/5569/1261
f 4272/2863/4223 1447/2862/1403 4275/2866/4226
f 4306/2873/4257 4274/2869/4225 4276/2870/4227
f 3233/2880/3185 4282/2876/4233 4284/5598/4235
f 4290/6767/4241 4288/5606/4239 1732/5600/1687 4286/5601/4237
f 1731/2879/1686 4292/5599/4243 4286/5601/4237
f 4285/5605/4236 4291/2829/4242 4289/2883/4240
f 4289/2883/4240 4291/2829/4242 3152/2835/3104
f 4286/5601/4237 4285/5602/4236 4290/6767/4241
f 4324/2917/4275 4321/5623/4272 4326/6768/4277 4325/5626/4276
f 3233/2880/3185 3234/2877/3186 4282/2876/4233
f 4287/5603/4238 4288/5606/4239 4328/5607/4279
f 4290/5604/4241 4289/2883/4240 3359/2193/3311
f 4236/5567/4187 1305/6769/1261 4292/5599/4243
f 3158/2839/3110 4258/2837/4209 4299/2900/4250
f 4295/5613/4246 4299/2900/4250 4301/2929/4252
f 4300/2896/4251 4301/2929/4252 4340/2923/4287
f 4313/2909/4264 4312/5621/4263 3233/2880/3185
f 3234/2877/3186 4312/5621/4263 4276/2870/4227
f 4312/5621/4263 4309/2874/4260 4276/2870/4227
f 1320/5624/1276 4324/2917/4275 4325/5626/4276
f 4325/6770/4276 4326/6771/4277 1322/5780/1278 1321/6772/1277
f 4321/6773/4272 1450/6774/1406 3405/4410/3357 4326/6771/4277
f 4326/6771/4277 3405/4410/3357 3251/4409/3203 1322/5780/1278
f 1739/2916/1694 1451/2922/1407 3235/6775/3187 4321/5623/4272
f 3240/2926/3192 3239/5633/3191 4338/6776/4285 4339/5630/4286
f 1450/6777/1406 4321/5623/4272 3235/6775/3187
f 4328/5607/4279 1453/6402/1409 1452/2210/1408
f 4300/2896/4251 4341/5628/4288 4332/6778/4280 3163/5617/3115
f 4343/5631/4290 1741/5632/1696 3238/5635/3190 3239/5633/3191
f 1741/5632/1696 3070/5636/3022 1173/6779/1129 3237/5634/3189
f 4488/5651/4433 4355/5650/4302 4356/5652/4303 4489/3003/4434
f 3070/5636/3022 4344/2933/4291 1204/2997/1160
f 3072/5638/3024 4345/2935/4292 4346/2937/4293
f 1742/2934/1697 1455/2931/1411 4350/2942/4297
f 4346/2937/4293 4347/2936/4294 1743/2939/1698
f 4347/2936/4294 4350/2942/4297 4351/2944/4298
f 4348/2938/4295 4347/2936/4294 4351/2944/4298
f 4354/5646/4301 4352/5642/4299 4351/5641/4298
f 4355/6780/4302 4346/2937/4293 1743/2939/1698
f 4355/5650/4302 3073/5647/3025 4346/5649/4293
f 4348/5643/4295 4355/5650/4302 1743/6781/1698
f 4489/3003/4434 4356/5652/4303 4357/5645/4304 3074/3004/3026
f 4352/5642/4299 4356/5652/4303 4348/5643/4295
f 4354/5646/4301 3243/5655/3195 3242/5653/3194 4357/5645/4304
f 3242/5653/3194 3074/3004/3026 4357/5645/4304
f 4354/5646/4301 4349/6782/4296 1456/5656/1412
f 4358/6783/4305 4360/6784/4307 4359/5701/4306 4388/5702/4335
f 4364/5663/4311 4387/5661/4334 1745/5658/1700
f 4387/6785/4334 4361/5670/4308 4365/5673/4312 4360/6784/4307
f 4360/6784/4307 4365/5673/4312 4362/5666/4309 4359/5701/4306
f 4359/5701/4306 4362/5666/4309 4539/5665/4484 4389/5703/4336
f 1317/2908/1273 4378/5676/4325 4363/5644/4310 4305/2906/4256
f 4368/5683/4315 4371/5682/4318 4390/5693/4337 4539/6786/4484
f 4366/5667/4313 4363/5644/4310 1746/5675/1701
f 4364/5663/4311 1745/5658/1700 4366/5667/4313
f 4367/5669/4314 4364/5671/4311 4369/5678/4316
f 4365/5673/4312 4361/5670/4308 4367/5669/4314
f 4368/5674/4315 4365/5673/4312 4370/5672/4317
f 4383/5711/4330 1747/5696/1702 1746/5675/1701 4378/5676/4325
f 4379/5686/4326 4366/5667/4313 1746/5675/1701
f 4372/5680/4319 4369/5678/4316 4373/5677/4320
f 4370/5672/4317 4367/5669/4314 4372/5680/4319
f 4371/5682/4318 4370/5684/4317 4374/5692/4321
f 4380/6787/4327 4385/6788/4332 4392/5706/4339 4382/6789/4329
f 4379/5686/4326 1746/5675/1701 1747/5696/1702
f 4373/5677/4320 4366/5679/4313 4375/5688/4322
f 4376/5689/4323 4373/5677/4320 4380/5687/4327
f 4374/5681/4321 4372/5680/4319 4376/5689/4323
f 4383/5711/4330 4378/5676/4325 3247/5712/3199
f 4381/5697/4328 4379/5698/4326 4384/5709/4331
f 4380/5687/4327 4375/5688/4322 4381/5697/4328
f 4376/6790/4323 4382/6789/4329 4386/5690/4333 4374/5692/4321
f 1744/5640/1699 4387/5661/4334 4358/5660/4305 4353/2940/4300
f 4386/5690/4333 4382/6789/4329 4392/5706/4339
f 4387/5661/4334 3241/5639/3193 1745/5658/1700
f 1744/5640/1699 3241/5639/3193 4387/5661/4334
f 4353/2940/4300 4358/5660/4305 4388/6791/4335 1456/5657/1412
f 4385/6788/4332 3245/6792/3197 3244/5705/3196 4392/5706/4339
f 3243/5655/3195 1456/5656/1412 4388/5702/4335
f 4389/5703/4336 3243/5655/3195 4359/5701/4306
f 4389/5703/4336 3242/5653/3194 3243/5655/3195
f 1174/5654/1130 3242/5653/3194 4389/5703/4336
f 4385/5699/4332 4381/5697/4328 1457/5708/1413
f 1747/6793/1702 1458/5762/1414 3246/6794/3198 4384/5709/4331
f 4426/6795/4373 3247/5712/3199 1750/5790/1705 4396/6796/4343
f 1457/5708/1413 4384/5709/4331 3246/6794/3198
f 4426/6795/4373 4396/6796/4343 4398/6797/4345 4393/6798/4340
f 1748/5714/1703 1751/5713/1706 4399/6799/4346 4394/6800/4341
f 1748/5714/1703 4393/5763/4340 4398/5715/4345
f 4394/6801/4341 4399/5720/4346 4395/5716/4342 1749/6802/1704
f 1750/5790/1705 4402/5726/4349 4401/6803/4348 4396/6796/4343
f 4402/5726/4349 1750/5790/1705 1752/5727/1707
f 4396/6804/4343 4401/6805/4348 4403/6806/4350 4398/5715/4345
f 4402/6807/4349 4410/5731/4357 4407/5730/4354 4401/6805/4348
f 1751/5713/1706 4398/5715/4345 4403/6806/4350
f 4412/5719/4359 4395/5716/4342 4399/5720/4346
f 4405/5723/4352 4397/5717/4344 4404/5722/4351
f 4406/5724/4353 4400/5718/4347 4405/5723/4352
f 4410/5735/4357 1752/6808/1707 1753/5736/1708
f 4401/6805/4348 4407/5730/4354 4411/6809/4358 4403/6806/4350
f 4403/6806/4350 4411/6809/4358 4408/6810/4355 1751/5713/1706
f 4411/6809/4358 4407/5730/4354 1754/5729/1709
f 1753/6811/1708 1756/5751/1711 4415/5750/4362 1754/5739/1709
f 4408/6812/4355 4412/5719/4359 1751/5721/1706
f 4417/5745/4364 4405/5744/4352 4404/6813/4351
f 4409/5733/4356 4405/5723/4352 1755/5755/1710
f 4408/6812/4355 4411/6814/4358 4416/5752/4363 4413/5740/4360
f 4416/5737/4363 1754/5739/1709 4415/5750/4362
f 4430/5777/4377 4424/4234/4371 4420/5753/4367 4423/5760/4370
f 4413/5740/4360 4412/5719/4359 4408/6812/4355
f 4417/5732/4364 4395/5716/4342 4414/5742/4361
f 4416/5737/4363 4415/5750/4362 4420/6815/4367
f 4420/5753/4367 4421/5741/4368 4413/5740/4360
f 4419/5754/4366 4414/5742/4361 1758/2950/1713
f 1755/5755/1710 4417/5732/4364 4419/5754/4366
f 1759/5758/1714 1755/5755/1710 4425/2949/4372
f 4423/5760/4370 1757/6816/1712 4432/5778/4379
f 4423/5760/4370 4432/5778/4379 4430/5777/4377
f 4423/5760/4370 4415/5759/4362 1757/6816/1712
f 4383/5711/4330 3247/5712/3199 4426/6795/4373 4393/6798/4340
f 4421/5741/4368 4424/4234/4371 3250/4236/3202
f 1458/5762/1414 1748/5714/1703 4394/6800/4341 3246/6794/3198
f 1458/5710/1414 4383/5711/4330 4393/6798/4340
f 3246/6794/3198 4394/6800/4341 1749/6817/1704 1457/5708/1413
f 1457/6818/1413 1749/6802/1704 4395/5716/4342 3245/6792/3197
f 4422/5774/4369 4429/6819/4376 1208/6820/1164 653/3018/610
f 3244/5705/3196 3245/6792/3197 4395/5716/4342
f 4391/5694/4338 4386/5690/4333 4400/5718/4347
f 3075/5772/3027 4427/6821/4374 4406/5771/4353
f 1207/5773/1163 4409/5747/4356 4418/5746/4365
f 653/3018/610 4428/3017/4375 4422/5774/4369
f 1321/6772/1277 1322/5780/1278 4432/5779/4379 4433/6822/4380
f 1208/2117/1164 4429/6823/4376 3248/2118/3200
f 1758/2950/1713 3250/4236/3202 3249/2948/3201
f 1459/4235/1415 4424/4234/4371 4430/5777/4377
f 4431/5776/4378 4432/5778/4379 3251/6327/3203
f 4446/6824/4393 4445/5791/4392 1181/4445/1137 4436/2249/4383
f 4433/6822/4380 1320/6825/1276 1321/6772/1277
f 1756/5751/1711 4434/6826/4381 4433/5782/4380
f 4434/5784/4381 1319/2920/1275 1320/5624/1276
f 1753/5789/1708 4435/5785/4382 4434/5784/4381
f 1752/5727/1707 1318/2921/1274 4435/5785/4382
f 1750/5790/1705 1318/2921/1274 1752/5727/1707
f 4445/2955/4392 611/1219/568 600/1237/557
f 614/6827/571 613/6828/570 4448/6829/4395 880/6830/837
f 4436/6831/4383 2130/1209/2085 4446/5792/4393
f 653/5917/610 4447/5793/4394 1760/3057/1715
f 1208/6820/1164 4447/6832/4394 653/3018/610
f 3050/4238/3003 4447/6832/4394 1208/6820/1164
f 3050/4238/3003 3051/4239/3004 4447/6832/4394
f 3051/5794/3004 613/3059/570 1760/3057/1715
f 615/3082/572 1761/3077/1716 4449/3044/4396 4450/2138/4397
f 1182/4240/1138 4448/4242/4395 613/5795/570
f 616/6833/573 4450/6834/4397 4451/6835/4398 617/6836/574
f 4450/2138/4397 616/3073/573 615/3082/572
f 617/6836/574 4451/6835/4398 4452/5796/4399 618/5797/575
f 1900/6837/1855 1766/5801/1721 4457/5800/4404 4437/6838/4384
f 618/5797/575 4453/2957/4400 1762/2956/1717
f 4455/2962/4402 619/1111/576 2025/1112/1980
f 1184/2350/1140 1185/4657/1141 4456/2963/4403
f 4457/5800/4404 620/2967/577 1185/2966/1141
f 4437/6838/4384 4457/5800/4404 1186/6839/1142 3537/6840/3489
f 4464/5818/4411 4463/5815/4410 3166/5817/3118 1187/2975/1143
f 4437/2968/4384 621/2970/578 1900/6841/1855
f 622/1336/579 621/6842/578 3537/2323/3489
f 4459/4648/4406 624/3391/581 623/3390/580
f 1767/1338/1722 624/3391/581 3055/4647/3008
f 4460/6843/4407 626/5810/583 3057/5809/3010
f 626/5991/583 4460/5812/4407 4461/3358/4408
f 3497/4573/3449 4461/3358/4408 3058/4574/3011
f 3497/4538/3449 627/4575/584 2221/6844/2176
f 4462/4579/4409 2222/1282/2177 627/1307/584
f 4463/5813/4410 772/1279/729 2222/1282/2177
f 4466/6845/4413 629/6846/586 1768/6847/1723 4465/6848/4412
f 1769/5824/1724 629/6846/586 4466/6845/4413 4438/5822/4385
f 4465/2973/4412 3060/4530/3013 4466/2293/4413
f 4438/6849/4385 3061/2294/3014 1188/4502/1144 4467/6850/4414
f 631/3314/588 630/3311/587 4467/6850/4414 4468/6851/4415
f 4467/5823/4414 630/6852/587 1769/5824/1724
f 4467/6853/4414 1188/6854/1144 1189/6855/1145 4468/6856/4415
f 4469/6857/4416 632/5976/589 631/3314/588 4468/6851/4415
f 4470/6858/4417 1886/1243/1841 1770/6859/1725 4439/6860/4386
f 4439/4487/4386 1770/1257/1725 4469/4485/4416
f 4470/6858/4417 633/1231/590 1886/1243/1841
f 634/1232/591 633/1231/590 4470/6858/4417 4471/6861/4418
f 635/3289/592 634/1232/591 4471/6861/4418 4472/6862/4419
f 4471/5829/4418 3063/2979/3016 1190/5830/1146 4472/2980/4419
f 4477/5847/4424 2294/6863/2249 641/6864/598 1774/5844/1729
f 4472/6862/4419 1771/1236/1726 635/3289/592
f 1191/2986/1147 636/2984/593 3049/5832/3002
f 1191/2986/1147 637/2985/594 636/2984/593
f 1193/5834/1149 4473/2987/4420 1192/5833/1148
f 637/2985/594 4473/2987/4420 1772/2988/1727
f 1194/5836/1150 638/2990/595 4474/2989/4421
f 4475/5838/4422 4476/5840/4423 638/2990/595
f 1172/5837/1128 4475/5838/4422 638/2990/595
f 2293/1379/2248 1773/3436/1728 4476/6865/4423
f 601/5846/558 1196/5845/1152 1197/6866/1153 1775/6867/1730
f 1195/5843/1151 4477/5847/4424 1774/5844/1729
f 601/5846/558 2294/6863/2249 4477/5847/4424
f 1775/6867/1730 1197/6866/1153 1198/6868/1154 642/6869/599
f 1775/3696/1730 642/6095/599 1776/3699/1731
f 644/3706/601 643/6870/600 3065/6871/3018 4478/6872/4425
f 3066/5849/3019 1778/3705/1733 644/3706/601 4478/6872/4425
f 647/5858/604 646/6873/603 4480/6874/4427 4481/5856/4428
f 4479/6875/4426 645/5850/602 3066/5849/3019
f 3988/5051/3940 1779/6876/1734 602/6593/559
f 3988/5051/3940 1780/6877/1735 1779/6876/1734
f 4480/6874/4427 646/6873/603 1780/6878/1735
f 3067/5853/3020 4480/5855/4427 1780/6879/1735
f 4481/6880/4428 4480/5855/4427 3068/5854/3021 1201/6881/1157
f 1783/6202/1738 1782/6882/1737 4482/5857/4429 4440/6883/4387
f 4482/5857/4429 1782/6882/1737 1781/5861/1736
f 1203/6884/1159 4483/6885/4430 1784/5862/1739 1202/5413/1158
f 4440/5414/4387 4482/5859/4429 3981/2576/3933
f 1783/6202/1738 4440/6883/4387 1784/1784/1739
f 4483/6886/4430 1785/1782/1740 1784/1784/1739
f 603/6887/560 1173/6779/1129 3070/5636/3022 4486/5864/4431
f 603/6888/560 4486/6889/4431 1786/6890/1741
f 4487/6891/4432 1787/6892/1742 1786/6890/1741 4486/6889/4431
f 4496/3027/4441 655/1095/612 1792/1094/1747 4495/6893/4440
f 1204/2997/1160 4487/5863/4432 3070/5636/3022
f 4488/5870/4433 1788/2062/1743 3073/2999/3025
f 4489/6894/4434 1789/5871/1744 4488/5870/4433
f 3075/6315/3027 651/6895/608 1791/6318/1746
f 1207/5773/1163 652/3016/609 651/5876/608
f 4493/3021/4438 1995/5877/1950 880/3019/837
f 4494/3022/4439 654/5878/611 1995/5877/1950
f 4495/6893/4440 1792/1094/1747 654/1084/611
f 656/6896/613 1209/6897/1165 3078/6898/3030 1794/6899/1749
f 4497/6900/4442 656/3260/613 1793/3259/1748
f 4497/6900/4442 1793/3259/1748 655/6901/612
f 1794/6899/1749 3078/6898/3030 1210/5880/1166 657/5882/614
f 1800/5938/1755 2068/1159/2023 4502/5900/4447 4503/4342/4448
f 3079/5881/3031 658/6902/615 657/5882/614
f 3079/5881/3031 4498/6409/4443 658/6902/615
f 1211/5887/1167 660/5889/617 4498/6903/4443
f 660/5889/617 1212/5888/1168 4442/6384/4389
f 3080/3034/3032 1796/6904/1751 661/3032/618
f 1797/4365/1752 1796/6904/1751 3080/3034/3032
f 4501/6905/4446 1798/6906/1753 4500/6907/4445
f 1798/6906/1753 4501/6905/4446 663/6908/620
f 4501/6909/4446 3081/5896/3033 663/5895/620
f 1213/4338/1169 1799/4340/1754 663/5895/620
f 4503/6910/4448 4502/6911/4447 3083/6912/3035 3356/6913/3308
f 4503/4342/4448 1801/5902/1756 1800/5938/1755
f 1282/4280/1238 3084/6340/3036 1802/5905/1757
f 3084/5906/3036 1803/3035/1758 1802/6914/1757
f 4505/3037/4450 1804/5909/1759 1803/3035/1758
f 1805/1146/1760 4506/3043/4451 1806/1120/1761
f 4449/3044/4396 4506/3043/4451 1215/2151/1171
l 2977 1138
l 3069 1173
l 4337 4331
l 4485 4540
